2026-08-20 20:49:33.390 [INFO] ARK Tracker read-only diagnostic MVP
2026-08-20 20:49:33.391 [INFO] Target: ARK: Survival Evolved / ShooterGame.exe / UE4 / x64
2026-08-20 20:49:33.391 [INFO] Access mask: PROCESS_QUERY_INFORMATION | PROCESS_VM_READ (0x0410). No write/injection APIs are used.
2026-08-20 20:49:33.393 [INFO] Security context: elevated=False SeDebugPrivilege=unavailable (Win32 error 1300)
2026-08-20 20:49:33.410 [INFO] Process: name=ShooterGame.exe pid=16336 parentPid=15052 threads=124
2026-08-20 20:49:33.411 [INFO] Read-only process handle opened successfully.
2026-08-20 20:49:33.421 [INFO] Module: XINPUT1_3.dll base=0x0000000000400000 size=0x1E000 path=C:\WINDOWS\SYSTEM32\XINPUT1_3.dll
2026-08-20 20:49:33.421 [INFO] Module: steam_api64.dll base=0x000000005C5B0000 size=0x37000 path=C:\Program Files (x86)\Steam\steamapps\common\ARK\Engine\Binaries\ThirdParty\Steamworks\Steamv132\Win64\steam_api64.dll
2026-08-20 20:49:33.421 [INFO] Module: X3DAudio1_7.dll base=0x000000005C5F0000 size=0x9000 path=C:\WINDOWS\SYSTEM32\X3DAudio1_7.dll
2026-08-20 20:49:33.421 [INFO] Module: ShooterGame.exe base=0x00007FF673E80000 size=0x4DAB000 path=C:\Program Files (x86)\Steam\steamapps\common\ARK\ShooterGame\Binaries\Win64\ShooterGame.exe
2026-08-20 20:49:33.421 [INFO] Module: vivoxsdk.dll base=0x00007FFDB4B80000 size=0xC4A000 path=C:\Program Files (x86)\Steam\steamapps\common\ARK\Engine\Binaries\ThirdParty\VivoxCoreLibrary\Windows\Win64\vivoxsdk.dll
2026-08-20 20:49:33.421 [INFO] Module: wmvdecod.dll base=0x00007FFDB57D0000 size=0x2A7000 path=C:\Windows\System32\wmvdecod.dll
2026-08-20 20:49:33.421 [INFO] Module: mfasfsrcsnk.dll base=0x00007FFDB91C0000 size=0x184000 path=C:\WINDOWS\System32\mfasfsrcsnk.dll
2026-08-20 20:49:33.421 [INFO] Module: APEX_Legacy_x64.dll base=0x00007FFDB9350000 size=0x36F000 path=C:\Program Files (x86)\Steam\steamapps\common\ARK\Engine\Binaries\ThirdParty\PhysX\PhysX-3.4\Win64\VS2013\APEX_Legacy_x64.dll
2026-08-20 20:49:33.421 [INFO] Module: NvCamera64.dll base=0x00007FFDB9750000 size=0x883000 path=C:\WINDOWS\System32\DriverStore\FileRepository\nvrfi.inf_amd64_87b4cb6242e17d7d\NvCamera\NvCamera64.dll
2026-08-20 20:49:33.421 [INFO] Module: APEX_Destructible_x64.dll base=0x00007FFDBA490000 size=0x244000 path=C:\Program Files (x86)\Steam\steamapps\common\ARK\Engine\Binaries\ThirdParty\PhysX\PhysX-3.4\Win64\VS2013\APEX_Destructible_x64.dll
2026-08-20 20:49:33.421 [INFO] Module: PhysX3_x64.dll base=0x00007FFDC0980000 size=0x2B1000 path=C:\Program Files (x86)\Steam\steamapps\common\ARK\Engine\Binaries\ThirdParty\PhysX\PhysX-3.4\Win64\VS2013\PhysX3_x64.dll
2026-08-20 20:49:33.421 [INFO] Module: PhysX3Common_x64.dll base=0x00007FFDC0C40000 size=0x1E4000 path=C:\Program Files (x86)\Steam\steamapps\common\ARK\Engine\Binaries\ThirdParty\PhysX\PhysX-3.4\Win64\VS2013\PhysX3Common_x64.dll
2026-08-20 20:49:33.421 [INFO] Module: d3dcompiler_47_64.dll base=0x00007FFDC28B0000 size=0x48D000 path=C:\WINDOWS\System32\DriverStore\FileRepository\nvrfi.inf_amd64_87b4cb6242e17d7d\NvCamera\d3dcompiler_47_64.dll
2026-08-20 20:49:33.421 [INFO] Module: libprotobuf.dll base=0x00007FFDC2D50000 size=0x276000 path=C:\Program Files (x86)\Steam\steamapps\common\ARK\ShooterGame\Binaries\Win64\libprotobuf.dll
2026-08-20 20:49:33.421 [INFO] Module: APEXFramework_x64.dll base=0x00007FFDC3AF0000 size=0x12D000 path=C:\Program Files (x86)\Steam\steamapps\common\ARK\Engine\Binaries\ThirdParty\PhysX\PhysX-3.4\Win64\VS2013\APEXFramework_x64.dll
2026-08-20 20:49:33.421 [INFO] Module: gameoverlayrenderer64.dll base=0x00007FFDC3C20000 size=0x1B7000 path=C:\Program Files (x86)\Steam\gameoverlayrenderer64.dll
2026-08-20 20:49:33.421 [INFO] Module: libvorbis_64.dll base=0x00007FFDC4F30000 size=0x1A5000 path=C:\Program Files (x86)\Steam\steamapps\common\ARK\Engine\Binaries\ThirdParty\Vorbis\Win64\VS2013\libvorbis_64.dll
2026-08-20 20:49:33.421 [INFO] Module: nvppex.dll base=0x00007FFDCE730000 size=0x727000 path=C:\WINDOWS\System32\DriverStore\FileRepository\nvrfi.inf_amd64_87b4cb6242e17d7d\nvppex.dll
2026-08-20 20:49:33.421 [INFO] Module: nvspcap64.dll base=0x00007FFDCF300000 size=0x164000 path=C:\WINDOWS\system32\nvspcap64.dll
2026-08-20 20:49:33.421 [INFO] Module: mfperfhelper.dll base=0x00007FFDFBBD0000 size=0x130000 path=C:\Windows\System32\mfperfhelper.dll
2026-08-20 20:49:33.421 [INFO] Module: d3d9.dll base=0x00007FFDFBF80000 size=0x1B2000 path=C:\WINDOWS\SYSTEM32\d3d9.dll
2026-08-20 20:49:33.421 [INFO] Module: steamclient64.dll base=0x00007FFDFCE60000 size=0x1964000 path=C:\Program Files (x86)\Steam\steamclient64.dll
2026-08-20 20:49:33.421 [INFO] Module: ResampleDmo.DLL base=0x00007FFE0EDF0000 size=0xB7000 path=C:\WINDOWS\SYSTEM32\ResampleDmo.DLL
2026-08-20 20:49:33.421 [INFO] Module: OPENGL32.dll base=0x00007FFE0F4D0000 size=0x10C000 path=C:\WINDOWS\SYSTEM32\OPENGL32.dll
2026-08-20 20:49:33.421 [INFO] Module: tier0_s64.dll base=0x00007FFE104F0000 size=0x30E000 path=C:\Program Files (x86)\Steam\tier0_s64.dll
2026-08-20 20:49:33.421 [INFO] Module: ncryptsslp.dll base=0x00007FFE157D0000 size=0x48000 path=C:\WINDOWS\system32\ncryptsslp.dll
2026-08-20 20:49:33.421 [INFO] Module: explorerframe.dll base=0x00007FFE39390000 size=0x311000 path=C:\WINDOWS\system32\explorerframe.dll
2026-08-20 20:49:33.421 [INFO] Module: mfplay.dll base=0x00007FFE3B3E0000 size=0x88000 path=C:\WINDOWS\SYSTEM32\mfplay.dll
2026-08-20 20:49:33.421 [INFO] Module: dataexchange.dll base=0x00007FFE3B5B0000 size=0x5C000 path=C:\WINDOWS\system32\dataexchange.dll
2026-08-20 20:49:33.421 [INFO] Module: Windows.Media.dll base=0x00007FFE3C570000 size=0x69B000 path=C:\Windows\System32\Windows.Media.dll
2026-08-20 20:49:33.421 [INFO] Module: graphics-hook64.dll base=0x00007FFE3D010000 size=0x4E000 path=C:\ProgramData\obs-studio-hook\graphics-hook64.dll
2026-08-20 20:49:33.421 [INFO] Module: XAudio2_7.dll base=0x00007FFE3D060000 size=0x8B000 path=C:\WINDOWS\SYSTEM32\XAudio2_7.dll
2026-08-20 20:49:33.421 [INFO] Module: DSOUND.dll base=0x00007FFE3D230000 size=0x94000 path=C:\WINDOWS\SYSTEM32\DSOUND.dll
2026-08-20 20:49:33.421 [INFO] Module: GameNetworkingSockets.dll base=0x00007FFE41440000 size=0x71000 path=C:\Program Files (x86)\Steam\steamapps\common\ARK\ShooterGame\Binaries\Win64\GameNetworkingSockets.dll
2026-08-20 20:49:33.421 [INFO] Module: DINPUT8.dll base=0x00007FFE41CA0000 size=0x4B000 path=C:\WINDOWS\SYSTEM32\DINPUT8.dll
2026-08-20 20:49:33.421 [INFO] Module: inputhost.dll base=0x00007FFE42DE0000 size=0x1E3000 path=C:\WINDOWS\SYSTEM32\inputhost.dll
2026-08-20 20:49:33.421 [INFO] Module: textinputframework.dll base=0x00007FFE43100000 size=0x146000 path=C:\WINDOWS\SYSTEM32\textinputframework.dll
2026-08-20 20:49:33.421 [INFO] Module: Windows.UI.dll base=0x00007FFE445D0000 size=0x159000 path=C:\Windows\System32\Windows.UI.dll
2026-08-20 20:49:33.421 [INFO] Module: winmmbase.dll base=0x00007FFE4A6B0000 size=0x37000 path=C:\WINDOWS\SYSTEM32\winmmbase.dll
2026-08-20 20:49:33.421 [INFO] Module: vstdlib_s64.dll base=0x00007FFE4A860000 size=0xC3000 path=C:\Program Files (x86)\Steam\vstdlib_s64.dll
2026-08-20 20:49:33.421 [INFO] Module: crashhandler64.dll base=0x00007FFE4A930000 size=0x1B0000 path=C:\Program Files (x86)\Steam\crashhandler64.dll
2026-08-20 20:49:33.421 [INFO] Module: AUDIOSES.DLL base=0x00007FFE4AC90000 size=0x1B7000 path=C:\WINDOWS\SYSTEM32\AUDIOSES.DLL
2026-08-20 20:49:33.421 [INFO] Module: Windows.ApplicationModel.dll base=0x00007FFE4B4F0000 size=0xD8000 path=C:\Windows\System32\Windows.ApplicationModel.dll
2026-08-20 20:49:33.421 [INFO] Module: dbgcore.DLL base=0x00007FFE4B870000 size=0x3B000 path=C:\WINDOWS\SYSTEM32\dbgcore.DLL
2026-08-20 20:49:33.421 [INFO] Module: MSVCP120.dll base=0x00007FFE4B9D0000 size=0xA6000 path=C:\Program Files (x86)\Steam\steamapps\common\ARK\ShooterGame\Binaries\Win64\MSVCP120.dll
2026-08-20 20:49:33.422 [INFO] Module: colorcnv.dll base=0x00007FFE4BAF0000 size=0x46000 path=C:\Windows\System32\colorcnv.dll
2026-08-20 20:49:33.422 [INFO] Module: MSVCR120.dll base=0x00007FFE4BB40000 size=0xEF000 path=C:\Program Files (x86)\Steam\steamapps\common\ARK\ShooterGame\Binaries\Win64\MSVCR120.dll
2026-08-20 20:49:33.422 [INFO] Module: PhysX3Cooking_x64.dll base=0x00007FFE4BD40000 size=0x4A000 path=C:\Program Files (x86)\Steam\steamapps\common\ARK\Engine\Binaries\ThirdParty\PhysX\PhysX-3.4\Win64\VS2013\PhysX3Cooking_x64.dll
2026-08-20 20:49:33.422 [INFO] Module: AcGenral.DLL base=0x00007FFE4BE50000 size=0x7D000 path=C:\WINDOWS\SYSTEM32\AcGenral.DLL
2026-08-20 20:49:33.422 [INFO] Module: Windows.StateRepositoryPS.dll base=0x00007FFE4C3A0000 size=0xC4000 path=C:\Windows\System32\Windows.StateRepositoryPS.dll
2026-08-20 20:49:33.422 [INFO] Module: GLU32.dll base=0x00007FFE4E110000 size=0x2D000 path=C:\WINDOWS\SYSTEM32\GLU32.dll
2026-08-20 20:49:33.422 [INFO] Module: mfplat.dll base=0x00007FFE4E800000 size=0x224000 path=C:\WINDOWS\SYSTEM32\mfplat.dll
2026-08-20 20:49:33.422 [INFO] Module: MFCORE.DLL base=0x00007FFE4EA30000 size=0x419000 path=C:\WINDOWS\SYSTEM32\MFCORE.DLL
2026-08-20 20:49:33.422 [INFO] Module: mf.dll base=0x00007FFE4EE50000 size=0x98000 path=C:\WINDOWS\SYSTEM32\mf.dll
2026-08-20 20:49:33.422 [INFO] Module: ondemandconnroutehelper.dll base=0x00007FFE4F580000 size=0x18000 path=C:\WINDOWS\SYSTEM32\ondemandconnroutehelper.dll
2026-08-20 20:49:33.422 [INFO] Module: windows.staterepositoryclient.dll base=0x00007FFE4F850000 size=0x44000 path=C:\WINDOWS\SYSTEM32\windows.staterepositoryclient.dll
2026-08-20 20:49:33.422 [INFO] Module: RTWorkQ.DLL base=0x00007FFE52D50000 size=0x3B000 path=C:\WINDOWS\SYSTEM32\RTWorkQ.DLL
2026-08-20 20:49:33.422 [INFO] Module: srvcli.dll base=0x00007FFE52F10000 size=0x29000 path=C:\WINDOWS\SYSTEM32\srvcli.dll
2026-08-20 20:49:33.422 [INFO] Module: SensApi.dll base=0x00007FFE53030000 size=0xB000 path=C:\WINDOWS\SYSTEM32\SensApi.dll
2026-08-20 20:49:33.422 [INFO] Module: PxFoundation_x64.dll base=0x00007FFE53040000 size=0x13000 path=C:\Program Files (x86)\Steam\steamapps\common\ARK\Engine\Binaries\ThirdParty\PhysX\PhysX-3.4\Win64\VS2013\PxFoundation_x64.dll
2026-08-20 20:49:33.422 [INFO] Module: XINPUT9_1_0.dll base=0x00007FFE53060000 size=0x9000 path=C:\WINDOWS\SYSTEM32\XINPUT9_1_0.dll
2026-08-20 20:49:33.422 [INFO] Module: iertutil.dll base=0x00007FFE53070000 size=0x2C4000 path=C:\WINDOWS\SYSTEM32\iertutil.dll
2026-08-20 20:49:33.422 [INFO] Module: urlmon.dll base=0x00007FFE533E0000 size=0x1DD000 path=C:\WINDOWS\SYSTEM32\urlmon.dll
2026-08-20 20:49:33.422 [INFO] Module: MPR.dll base=0x00007FFE535D0000 size=0x21000 path=C:\WINDOWS\SYSTEM32\MPR.dll
2026-08-20 20:49:33.422 [INFO] Module: WININET.dll base=0x00007FFE53F00000 size=0x295000 path=C:\WINDOWS\SYSTEM32\WININET.dll
2026-08-20 20:49:33.422 [INFO] Module: NvMessageBus.dll base=0x00007FFE54F50000 size=0x364000 path=C:\WINDOWS\System32\DriverStore\FileRepository\nvrfi.inf_amd64_87b4cb6242e17d7d\Display.NvContainer\NvMessageBus.dll
2026-08-20 20:49:33.422 [INFO] Module: nvwgf2umx.dll base=0x00007FFE552C0000 size=0x55A5000 path=C:\WINDOWS\System32\DriverStore\FileRepository\nvrfi.inf_amd64_87b4cb6242e17d7d\nvwgf2umx.dll
2026-08-20 20:49:33.422 [INFO] Module: nvapi64_impl.dll base=0x00007FFE5B270000 size=0x577000 path=C:\WINDOWS\system32\DriverStore\FileRepository\nvrfi.inf_amd64_87b4cb6242e17d7d\nvapi64_impl.dll
2026-08-20 20:49:33.422 [INFO] Module: nvapi64.dll base=0x00007FFE5B7F0000 size=0x89000 path=C:\WINDOWS\SYSTEM32\nvapi64.dll
2026-08-20 20:49:33.422 [INFO] Module: NvMemMapStoragex.dll base=0x00007FFE5B8D0000 size=0x13B000 path=C:\WINDOWS\System32\DriverStore\FileRepository\nvrfi.inf_amd64_87b4cb6242e17d7d\NvMemMapStoragex.dll
2026-08-20 20:49:33.422 [INFO] Module: WINMM.dll base=0x00007FFE5CBE0000 size=0x36000 path=C:\WINDOWS\SYSTEM32\WINMM.dll
2026-08-20 20:49:33.422 [INFO] Module: CompPkgSup.DLL base=0x00007FFE5E0D0000 size=0x32000 path=C:\WINDOWS\SYSTEM32\CompPkgSup.DLL
2026-08-20 20:49:33.422 [INFO] Module: twinapi.appcore.dll base=0x00007FFE5E580000 size=0x250000 path=C:\WINDOWS\system32\twinapi.appcore.dll
2026-08-20 20:49:33.422 [INFO] Module: gameux.dll base=0x00007FFE5EAB0000 size=0xC000 path=C:\Windows\System32\gameux.dll
2026-08-20 20:49:33.422 [INFO] Module: libvorbisfile_64.dll base=0x00007FFE5EAD0000 size=0xD000 path=C:\Program Files (x86)\Steam\steamapps\common\ARK\Engine\Binaries\ThirdParty\Vorbis\Win64\VS2013\libvorbisfile_64.dll
2026-08-20 20:49:33.422 [INFO] Module: nvgpucomp64.dll base=0x00007FFE5F1B0000 size=0x5E0E000 path=C:\WINDOWS\System32\DriverStore\FileRepository\nvrfi.inf_amd64_87b4cb6242e17d7d\nvgpucomp64.dll
2026-08-20 20:49:33.422 [INFO] Module: windows.staterepositorycore.dll base=0x00007FFE65390000 size=0x1F000 path=C:\WINDOWS\SYSTEM32\windows.staterepositorycore.dll
2026-08-20 20:49:33.422 [INFO] Module: cryptnet.dll base=0x00007FFE659F0000 size=0x3B000 path=C:\WINDOWS\SYSTEM32\cryptnet.dll
2026-08-20 20:49:33.422 [INFO] Module: VERSION.dll base=0x00007FFE65B10000 size=0xB000 path=C:\WINDOWS\SYSTEM32\VERSION.dll
2026-08-20 20:49:33.422 [INFO] Module: drvstore.dll base=0x00007FFE65B20000 size=0x17A000 path=C:\WINDOWS\SYSTEM32\drvstore.dll
2026-08-20 20:49:33.422 [INFO] Module: nvldumdx.dll base=0x00007FFE65CA0000 size=0xCA000 path=C:\WINDOWS\System32\DriverStore\FileRepository\nvrfi.inf_amd64_87b4cb6242e17d7d\nvldumdx.dll
2026-08-20 20:49:33.422 [INFO] Module: CoreUIComponents.dll base=0x00007FFE668F0000 size=0x2E4000 path=C:\WINDOWS\SYSTEM32\CoreUIComponents.dll
2026-08-20 20:49:33.422 [INFO] Module: directxdatabasehelper.dll base=0x00007FFE66FD0000 size=0x5F000 path=C:\WINDOWS\SYSTEM32\directxdatabasehelper.dll
2026-08-20 20:49:33.422 [INFO] Module: MMDevApi.dll base=0x00007FFE67320000 size=0xA6000 path=C:\WINDOWS\System32\MMDevApi.dll
2026-08-20 20:49:33.422 [INFO] Module: AppXDeploymentClient.dll base=0x00007FFE67580000 size=0x171000 path=C:\Windows\System32\AppXDeploymentClient.dll
2026-08-20 20:49:33.422 [INFO] Module: WINHTTP.dll base=0x00007FFE677D0000 size=0x128000 path=C:\WINDOWS\SYSTEM32\WINHTTP.dll
2026-08-20 20:49:33.422 [INFO] Module: dhcpcsvc.DLL base=0x00007FFE67A70000 size=0x25000 path=C:\WINDOWS\SYSTEM32\dhcpcsvc.DLL
2026-08-20 20:49:33.422 [INFO] Module: avrt.dll base=0x00007FFE67C90000 size=0xB000 path=C:\WINDOWS\SYSTEM32\avrt.dll
2026-08-20 20:49:33.422 [INFO] Module: dhcpcsvc6.DLL base=0x00007FFE67CA0000 size=0x1D000 path=C:\WINDOWS\SYSTEM32\dhcpcsvc6.DLL
2026-08-20 20:49:33.422 [INFO] Module: dbghelp.dll base=0x00007FFE67D10000 size=0x242000 path=C:\WINDOWS\SYSTEM32\dbghelp.dll
2026-08-20 20:49:33.422 [INFO] Module: wintypes.dll base=0x00007FFE68730000 size=0x16A000 path=C:\WINDOWS\SYSTEM32\wintypes.dll
2026-08-20 20:49:33.422 [INFO] Module: Microsoft.Internal.WarpPal.dll base=0x00007FFE68E00000 size=0x19000 path=C:\WINDOWS\SYSTEM32\Microsoft.Internal.WarpPal.dll
2026-08-20 20:49:33.422 [INFO] Module: WindowsCodecs.dll base=0x00007FFE68E20000 size=0x22D000 path=C:\WINDOWS\SYSTEM32\WindowsCodecs.dll
2026-08-20 20:49:33.422 [INFO] Module: DWrite.dll base=0x00007FFE694F0000 size=0x267000 path=C:\WINDOWS\SYSTEM32\DWrite.dll
2026-08-20 20:49:33.422 [INFO] Module: d3d11.dll base=0x00007FFE69DA0000 size=0x260000 path=C:\WINDOWS\SYSTEM32\d3d11.dll
2026-08-20 20:49:33.422 [INFO] Module: dcomp.dll base=0x00007FFE6A010000 size=0x225000 path=C:\WINDOWS\SYSTEM32\dcomp.dll
2026-08-20 20:49:33.422 [INFO] Module: CoreMessaging.dll base=0x00007FFE6A730000 size=0x12B000 path=C:\WINDOWS\SYSTEM32\CoreMessaging.dll
2026-08-20 20:49:33.422 [INFO] Module: PROPSYS.dll base=0x00007FFE6A860000 size=0xF4000 path=C:\WINDOWS\SYSTEM32\PROPSYS.dll
2026-08-20 20:49:33.422 [INFO] Module: msdmo.dll base=0x00007FFE6B3B0000 size=0xE000 path=C:\WINDOWS\SYSTEM32\msdmo.dll
2026-08-20 20:49:33.422 [INFO] Module: libogg_64.dll base=0x00007FFE6B3D0000 size=0xF000 path=C:\Program Files (x86)\Steam\steamapps\common\ARK\Engine\Binaries\ThirdParty\Ogg\Win64\VS2013\libogg_64.dll
2026-08-20 20:49:33.422 [INFO] Module: XAPOFX1_5.dll base=0x00007FFE6B530000 size=0x15000 path=C:\WINDOWS\SYSTEM32\XAPOFX1_5.dll
2026-08-20 20:49:33.422 [INFO] Module: apphelp.dll base=0x00007FFE6B5E0000 size=0x9F000 path=C:\WINDOWS\SYSTEM32\apphelp.dll
2026-08-20 20:49:33.422 [INFO] Module: Secur32.dll base=0x00007FFE6B690000 size=0xD000 path=C:\WINDOWS\SYSTEM32\Secur32.dll
2026-08-20 20:49:33.422 [INFO] Module: WINNSI.DLL base=0x00007FFE6B7F0000 size=0xE000 path=C:\WINDOWS\SYSTEM32\WINNSI.DLL
2026-08-20 20:49:33.422 [INFO] Module: uxtheme.dll base=0x00007FFE6B860000 size=0xA8000 path=C:\WINDOWS\system32\uxtheme.dll
2026-08-20 20:49:33.422 [INFO] Module: dxgi.dll base=0x00007FFE6B960000 size=0x13A000 path=C:\WINDOWS\SYSTEM32\dxgi.dll
2026-08-20 20:49:33.422 [INFO] Module: dxcore.dll base=0x00007FFE6BAC0000 size=0x45000 path=C:\WINDOWS\SYSTEM32\dxcore.dll
2026-08-20 20:49:33.422 [INFO] Module: dwmapi.dll base=0x00007FFE6BB10000 size=0x2F000 path=C:\WINDOWS\SYSTEM32\dwmapi.dll
2026-08-20 20:49:33.422 [INFO] Module: wer.dll base=0x00007FFE6BB60000 size=0xF2000 path=C:\WINDOWS\SYSTEM32\wer.dll
2026-08-20 20:49:33.422 [INFO] Module: resourcepolicyclient.dll base=0x00007FFE6BDA0000 size=0x14000 path=C:\WINDOWS\SYSTEM32\resourcepolicyclient.dll
2026-08-20 20:49:33.422 [INFO] Module: windows.storage.dll base=0x00007FFE6C1E0000 size=0x89B000 path=C:\WINDOWS\SYSTEM32\windows.storage.dll
2026-08-20 20:49:33.422 [INFO] Module: HID.DLL base=0x00007FFE6CA80000 size=0xF000 path=C:\WINDOWS\SYSTEM32\HID.DLL
2026-08-20 20:49:33.422 [INFO] Module: netutils.dll base=0x00007FFE6CD90000 size=0xD000 path=C:\WINDOWS\SYSTEM32\netutils.dll
2026-08-20 20:49:33.422 [INFO] Module: IPHLPAPI.DLL base=0x00007FFE6CDB0000 size=0x33000 path=C:\WINDOWS\SYSTEM32\IPHLPAPI.DLL
2026-08-20 20:49:33.422 [INFO] Module: schannel.DLL base=0x00007FFE6D230000 size=0xC5000 path=C:\WINDOWS\system32\schannel.DLL
2026-08-20 20:49:33.422 [INFO] Module: rsaenh.dll base=0x00007FFE6D360000 size=0x39000 path=C:\WINDOWS\system32\rsaenh.dll
2026-08-20 20:49:33.422 [INFO] Module: kernel.appcore.dll base=0x00007FFE6D400000 size=0x1B000 path=C:\WINDOWS\SYSTEM32\kernel.appcore.dll
2026-08-20 20:49:33.422 [INFO] Module: ntmarta.dll base=0x00007FFE6D530000 size=0x36000 path=C:\WINDOWS\SYSTEM32\ntmarta.dll
2026-08-20 20:49:33.422 [INFO] Module: SspiCli.dll base=0x00007FFE6D6B0000 size=0x49000 path=C:\WINDOWS\SYSTEM32\SspiCli.dll
2026-08-20 20:49:33.422 [INFO] Module: MSWSOCK.dll base=0x00007FFE6D990000 size=0x6C000 path=C:\WINDOWS\SYSTEM32\MSWSOCK.dll
2026-08-20 20:49:33.422 [INFO] Module: gpapi.dll base=0x00007FFE6DA10000 size=0x25000 path=C:\WINDOWS\SYSTEM32\gpapi.dll
2026-08-20 20:49:33.422 [INFO] Module: USERENV.dll base=0x00007FFE6DA40000 size=0x32000 path=C:\WINDOWS\SYSTEM32\USERENV.dll
2026-08-20 20:49:33.422 [INFO] Module: CRYPTBASE.DLL base=0x00007FFE6DBF0000 size=0xC000 path=C:\WINDOWS\SYSTEM32\CRYPTBASE.DLL
2026-08-20 20:49:33.422 [INFO] Module: wldp.dll base=0x00007FFE6DCB0000 size=0x6A000 path=C:\WINDOWS\SYSTEM32\wldp.dll
2026-08-20 20:49:33.422 [INFO] Module: CRYPTSP.dll base=0x00007FFE6DDB0000 size=0x1B000 path=C:\WINDOWS\System32\CRYPTSP.dll
2026-08-20 20:49:33.422 [INFO] Module: msasn1.dll base=0x00007FFE6DE20000 size=0x13000 path=C:\WINDOWS\SYSTEM32\msasn1.dll
2026-08-20 20:49:33.422 [INFO] Module: NTASN1.dll base=0x00007FFE6DED0000 size=0x3F000 path=C:\WINDOWS\SYSTEM32\NTASN1.dll
2026-08-20 20:49:33.422 [INFO] Module: ncrypt.dll base=0x00007FFE6DF20000 size=0x30000 path=C:\WINDOWS\SYSTEM32\ncrypt.dll
2026-08-20 20:49:33.422 [INFO] Module: DEVOBJ.dll base=0x00007FFE6E2E0000 size=0x2F000 path=C:\WINDOWS\System32\DEVOBJ.dll
2026-08-20 20:49:33.422 [INFO] Module: cfgmgr32.dll base=0x00007FFE6E320000 size=0x52000 path=C:\WINDOWS\SYSTEM32\cfgmgr32.dll
2026-08-20 20:49:33.422 [INFO] Module: DPAPI.DLL base=0x00007FFE6E380000 size=0xA000 path=C:\WINDOWS\System32\DPAPI.DLL
2026-08-20 20:49:33.422 [INFO] Module: UMPDC.dll base=0x00007FFE6E4E0000 size=0x15000 path=C:\WINDOWS\SYSTEM32\UMPDC.dll
2026-08-20 20:49:33.422 [INFO] Module: POWRPROF.dll base=0x00007FFE6E500000 size=0x5E000 path=C:\WINDOWS\SYSTEM32\POWRPROF.dll
2026-08-20 20:49:33.422 [INFO] Module: bcrypt.dll base=0x00007FFE6E640000 size=0x2A000 path=C:\WINDOWS\SYSTEM32\bcrypt.dll
2026-08-20 20:49:33.422 [INFO] Module: profapi.dll base=0x00007FFE6E670000 size=0x29000 path=C:\WINDOWS\SYSTEM32\profapi.dll
2026-08-20 20:49:33.422 [INFO] Module: ucrtbase.dll base=0x00007FFE6E750000 size=0x14C000 path=C:\WINDOWS\System32\ucrtbase.dll
2026-08-20 20:49:33.422 [INFO] Module: KERNELBASE.dll base=0x00007FFE6E970000 size=0x3FF000 path=C:\WINDOWS\System32\KERNELBASE.dll
2026-08-20 20:49:33.422 [INFO] Module: msvcp_win.dll base=0x00007FFE6ED80000 size=0xA3000 path=C:\WINDOWS\System32\msvcp_win.dll
2026-08-20 20:49:33.422 [INFO] Module: CRYPT32.dll base=0x00007FFE6EE30000 size=0x17E000 path=C:\WINDOWS\System32\CRYPT32.dll
2026-08-20 20:49:33.422 [INFO] Module: win32u.dll base=0x00007FFE6EFC0000 size=0x27000 path=C:\WINDOWS\System32\win32u.dll
2026-08-20 20:49:33.422 [INFO] Module: gdi32full.dll base=0x00007FFE6EFF0000 size=0x129000 path=C:\WINDOWS\System32\gdi32full.dll
2026-08-20 20:49:33.422 [INFO] Module: wintrust.dll base=0x00007FFE6F120000 size=0x83000 path=C:\WINDOWS\System32\wintrust.dll
2026-08-20 20:49:33.422 [INFO] Module: bcryptPrimitives.dll base=0x00007FFE6F1B0000 size=0xAC000 path=C:\WINDOWS\System32\bcryptPrimitives.dll
2026-08-20 20:49:33.422 [INFO] Module: Normaliz.dll base=0x00007FFE6F270000 size=0x8000 path=C:\WINDOWS\System32\Normaliz.dll
2026-08-20 20:49:33.422 [INFO] Module: PSAPI.DLL base=0x00007FFE6F280000 size=0x8000 path=C:\WINDOWS\System32\PSAPI.DLL
2026-08-20 20:49:33.422 [INFO] Module: SHLWAPI.dll base=0x00007FFE6F470000 size=0x66000 path=C:\WINDOWS\System32\SHLWAPI.dll
2026-08-20 20:49:33.422 [INFO] Module: msctf.dll base=0x00007FFE6F4E0000 size=0x15D000 path=C:\WINDOWS\System32\msctf.dll
2026-08-20 20:49:33.422 [INFO] Module: WS2_32.dll base=0x00007FFE6F650000 size=0x82000 path=C:\WINDOWS\System32\WS2_32.dll
2026-08-20 20:49:33.422 [INFO] Module: WLDAP32.dll base=0x00007FFE6F770000 size=0x73000 path=C:\WINDOWS\System32\WLDAP32.dll
2026-08-20 20:49:33.422 [INFO] Module: RPCRT4.dll base=0x00007FFE6F7F0000 size=0x118000 path=C:\WINDOWS\System32\RPCRT4.dll
2026-08-20 20:49:33.422 [INFO] Module: advapi32.dll base=0x00007FFE6F910000 size=0xBC000 path=C:\WINDOWS\System32\advapi32.dll
2026-08-20 20:49:33.422 [INFO] Module: NSI.dll base=0x00007FFE6F9E0000 size=0xA000 path=C:\WINDOWS\System32\NSI.dll
2026-08-20 20:49:33.422 [INFO] Module: imagehlp.dll base=0x00007FFE6FA50000 size=0x20000 path=C:\WINDOWS\System32\imagehlp.dll
2026-08-20 20:49:33.422 [INFO] Module: OLEAUT32.dll base=0x00007FFE6FA80000 size=0xD9000 path=C:\WINDOWS\System32\OLEAUT32.dll
2026-08-20 20:49:33.422 [INFO] Module: ole32.dll base=0x00007FFE6FB60000 size=0x199000 path=C:\WINDOWS\System32\ole32.dll
2026-08-20 20:49:33.422 [INFO] Module: KERNEL32.DLL base=0x00007FFE6FD00000 size=0xC9000 path=C:\WINDOWS\System32\KERNEL32.DLL
2026-08-20 20:49:33.422 [INFO] Module: SHELL32.dll base=0x00007FFE6FDD0000 size=0x788000 path=C:\WINDOWS\System32\SHELL32.dll
2026-08-20 20:49:33.422 [INFO] Module: IMM32.DLL base=0x00007FFE70560000 size=0x32000 path=C:\WINDOWS\System32\IMM32.DLL
2026-08-20 20:49:33.422 [INFO] Module: GDI32.dll base=0x00007FFE705A0000 size=0x2B000 path=C:\WINDOWS\System32\GDI32.dll
2026-08-20 20:49:33.422 [INFO] Module: sechost.dll base=0x00007FFE705F0000 size=0xAA000 path=C:\WINDOWS\System32\sechost.dll
2026-08-20 20:49:33.422 [INFO] Module: SETUPAPI.dll base=0x00007FFE706A0000 size=0x487000 path=C:\WINDOWS\System32\SETUPAPI.dll
2026-08-20 20:49:33.422 [INFO] Module: shcore.dll base=0x00007FFE70C30000 size=0xF9000 path=C:\WINDOWS\System32\shcore.dll
2026-08-20 20:49:33.422 [INFO] Module: msvcrt.dll base=0x00007FFE70DC0000 size=0xA9000 path=C:\WINDOWS\System32\msvcrt.dll
2026-08-20 20:49:33.422 [INFO] Module: USER32.dll base=0x00007FFE70E70000 size=0x1C6000 path=C:\WINDOWS\System32\USER32.dll
2026-08-20 20:49:33.422 [INFO] Module: clbcatq.dll base=0x00007FFE71060000 size=0xAE000 path=C:\WINDOWS\System32\clbcatq.dll
2026-08-20 20:49:33.422 [INFO] Module: combase.dll base=0x00007FFE71170000 size=0x385000 path=C:\WINDOWS\System32\combase.dll
2026-08-20 20:49:33.422 [INFO] Module: ntdll.dll base=0x00007FFE71540000 size=0x266000 path=C:\WINDOWS\SYSTEM32\ntdll.dll
2026-08-20 20:49:33.423 [INFO] Build fingerprint: fileLength=80346664 lastWriteUtc=2026-08-17T08:21:59Z
2026-08-20 20:49:33.497 [INFO] Build fingerprint: SHA256=9BC401417A776C5244A1B0B3255DC3AF4A9D73E3F5C1BA96228FBE3FB1A43477
2026-08-20 20:49:33.497 [INFO] Build profile fingerprint verified.
2026-08-20 20:49:33.582 [INFO] GNames global=0x00007FF67888AC78 table=0x000001C293B8FAF0 index0='None'
2026-08-20 20:49:33.583 [INFO] Scanning readable pages of ShooterGame.exe for the configured GWorld signature...
2026-08-20 20:49:33.793 [INFO] GWorld signature match: 0x00007FF674E4F190 (matches collected: 1)
2026-08-20 20:49:33.793 [INFO] Resolved GWorld global address: 0x00007FF67885C2A8
2026-08-20 20:49:33.793 [INFO] UWorld: 0x000001C408362640
2026-08-20 20:49:33.794 [INFO] UWorld Levels: data=0x000001C3D26B0000, count=21
2026-08-20 20:49:33.795 [INFO] PersistentLevel: 0x000001C405635400
2026-08-20 20:49:33.796 [INFO] Level 0x000001C405635400: Actors data=0x000001C461680000, count=7069
2026-08-20 20:49:33.797 [ACTOR] index=0 actor=0x000001C3D253B680 root=0x000001C3D325E800 class=PrimalWorldSettings name=PrimalWorldSettings_0 team=0 relative=(0.00, 0.00, 0.00)
2026-08-20 20:49:33.798 [ACTOR] index=1 actor=0x000001C298755B40 root=0x000001C2CD5F3000 class=DirectionalLight name=DirectionalLight team=0 relative=(39845.00, 43790.00, -2241.02)
2026-08-20 20:49:33.798 [ACTOR] index=2 actor=0x000001C40466AD60 root=0x000001C3D807B800 class=Global_PostProcess_Blueprint_C name=Global_PostProcess_Blueprint_C_0 team=0 relative=(46492.87, 47630.14, -19560.57)
2026-08-20 20:49:33.798 [ACTOR] index=4 actor=0x000001C3D807D000 root=0x000001C405EC5FA0 class=CameraActor name=CameraActor_2 team=0 relative=(-292320.00, -45223.00, 53616.00)
2026-08-20 20:49:33.798 [ACTOR] index=5 actor=0x000001C3F699C430 root=0x000001C2BACB4A00 class=WindDirectionalSource name=WindDirectionalSource_0 team=0 relative=(46590.00, 50010.00, -19660.00)
2026-08-20 20:49:33.798 [ACTOR] index=8 actor=0x000001C298756460 root=0x000001C2BD875600 class=MatineeValueInterpolationContainer_C name=MatineeValueInterpolationContainer_4 team=0 relative=(-108974.40, 195148.60, -6099.45)
2026-08-20 20:49:33.798 [ACTOR] index=9 actor=0x000001C2987536C0 root=0x000001C2CD5F2C00 class=AtmosphericFog name=AtmosphericFog_0 team=0 relative=(265460.00, 154900.00, -13370.00)
2026-08-20 20:49:33.798 [ACTOR] index=10 actor=0x000001C403E82A80 root=0x000001C3D3256000 class=LandscapeGizmoActiveActor name=LandscapeGizmoActiveActor_0 team=0 relative=(-9961.00, 53216.00, -116789.30)
2026-08-20 20:49:33.798 [ACTOR] index=12 actor=0x000001C2B182D1E0 root=0x000001C2BDC29400 class=Note name=ElectricalStormPointCenter team=0 relative=(1960.00, 1510.00, -13420.00)
2026-08-20 20:49:33.798 [ACTOR] index=13 actor=0x000001C2B182D670 root=0x000001C2BDC29600 class=Note name=ElectricalStormPointNorthEast_15 team=0 relative=(174570.00, -169940.00, -13420.00)
2026-08-20 20:49:33.798 [ACTOR] index=14 actor=0x000001C2B182C8C0 root=0x000001C2BDC29800 class=Note name=ElectricalStormPointNorthWest team=0 relative=(-178330.00, -166100.00, -13420.00)
2026-08-20 20:49:33.798 [ACTOR] index=15 actor=0x000001C2B182CD50 root=0x000001C2BDC29A00 class=Note name=ElectricalStormPointSouthEast team=0 relative=(142920.00, 132810.00, -13420.00)
2026-08-20 20:49:33.798 [ACTOR] index=16 actor=0x000001C2B1828450 root=0x000001C2BDC29C00 class=Note name=ElectricalStormPointSouthWest team=0 relative=(-193670.00, 132810.00, -13420.00)
2026-08-20 20:49:33.798 [ACTOR] index=17 actor=0x000001C4075D1FE0 root=0x000001C405B49CC0 class=DayCycleAmbientSound name=AmbGlobalRainSound team=0 relative=(68089.28, 267436.60, -6252.46)
2026-08-20 20:49:33.798 [ACTOR] index=18 actor=0x000001C2B182BB10 root=0x000001C28380AF80 class=ExponentialHeightFog name=SurfaceAtmosphere_ExpHeightFog team=0 relative=(111432.90, -46684.83, 90202.09)
2026-08-20 20:49:33.798 [ACTOR] index=19 actor=0x000001C401F488E0 root=0x000001C4029BF800 class=PostProcessVolume name=Fertile_PPVolume_2 team=0 relative=(-170350.00, -59940.00, 38350.00)
2026-08-20 20:49:33.798 [ACTOR] index=20 actor=0x000001C403EAA440 root=0x000001C4029BF000 class=PostProcessVolume name=Fertile_PPVolume_1 team=0 relative=(-182700.00, -32230.00, 38350.00)
2026-08-20 20:49:33.798 [ACTOR] index=21 actor=0x000001C40447ED40 root=0x000001C404B27000 class=PostProcessVolume name=BioLum_PPVolume_2 team=0 relative=(224736.80, 5948.99, 39922.97)
2026-08-20 20:49:33.798 [ACTOR] index=22 actor=0x000001C40447F660 root=0x000001C404B27800 class=PostProcessVolume name=BioLum_PPVolume_3 team=0 relative=(221485.20, -16011.32, 32919.64)
2026-08-20 20:49:33.798 [ACTOR] index=23 actor=0x000001C403EAD1E0 root=0x000001C404B28000 class=PostProcessVolume name=BioLum_PPVolume_4 team=0 relative=(214258.80, -29405.53, 26612.34)
2026-08-20 20:49:33.798 [ACTOR] index=24 actor=0x000001C403EAB680 root=0x000001C404B28800 class=PostProcessVolume name=BioLum_PPVolume_5 team=0 relative=(179724.50, -28608.63, 11306.43)
2026-08-20 20:49:33.798 [ACTOR] index=25 actor=0x000001C403EABFA0 root=0x000001C404B29000 class=PostProcessVolume name=BioLum_PPVolume_6 team=0 relative=(131964.50, 48097.73, 12898.09)
2026-08-20 20:49:33.798 [ACTOR] index=26 actor=0x000001C403EAC8C0 root=0x000001C404B2D800 class=PostProcessVolume name=BioLum_PPVolume_7 team=0 relative=(105839.80, -115490.00, 5875.58)
2026-08-20 20:49:33.798 [ACTOR] index=27 actor=0x000001C403EAAD60 root=0x000001C403EF7800 class=PostProcessVolume name=BioLum_PPVolume_8 team=0 relative=(8777.72, -62825.58, 14317.16)
2026-08-20 20:49:33.798 [ACTOR] index=28 actor=0x000001C403EA0000 root=0x000001C403EF8000 class=PostProcessVolume name=BioLum_PPVolume_9 team=0 relative=(117213.50, 8166.96, 9510.20)
2026-08-20 20:49:33.798 [ACTOR] index=29 actor=0x000001C400B46460 root=0x000001C40157E800 class=PostProcessVolume name=PostProcessVolume_16 team=0 relative=(-46832.34, 111721.50, -32086.18)
2026-08-20 20:49:33.798 [ACTOR] index=30 actor=0x000001C407E4F660 root=0x000001C2CAC69000 class=PostProcessVolume name=PostProcessVolume_8 team=0 relative=(100869.00, 143967.90, -13777.60)
2026-08-20 20:49:33.798 [ACTOR] index=31 actor=0x000001C400B45B40 root=0x000001C40157E000 class=PostProcessVolume name=PostProcessVolume_15 team=0 relative=(-111218.30, 242741.90, -4022.82)
2026-08-20 20:49:33.798 [ACTOR] index=32 actor=0x000001C407E46D80 root=0x000001C400C35000 class=PostProcessVolume name=PostProcessVolume_6 team=0 relative=(-146166.00, 228123.60, 2210.53)
2026-08-20 20:49:33.798 [ACTOR] index=33 actor=0x000001C3F64C2480 root=0x000001C400C36800 class=PostProcessVolume name=PostProcessVolume_20 team=0 relative=(-114276.60, 120239.60, -9283.36)
2026-08-20 20:49:33.798 [ACTOR] index=34 actor=0x000001C400B45220 root=0x000001C40157D800 class=PostProcessVolume name=PostProcessVolume_11 team=0 relative=(-117527.80, 98608.84, -7224.75)
2026-08-20 20:49:33.798 [ACTOR] index=35 actor=0x000001C407E476A0 root=0x000001C400C35800 class=PostProcessVolume name=PostProcessVolume_60 team=0 relative=(39000.00, 139000.00, -30551.30)
2026-08-20 20:49:33.798 [ACTOR] index=36 actor=0x000001C298750920 root=0x000001C2BACF1000 class=BoxReflectionCapture name=BoxReflectionCapture_10 team=0 relative=(-37800.00, -135000.00, 37780.00)
2026-08-20 20:49:33.798 [ACTOR] index=37 actor=0x000001C401F49200 root=0x000001C401FC1000 class=PostProcessVolume name=Fertile_PPVolume_6 team=0 relative=(155000.00, -160000.00, 55000.00)
2026-08-20 20:49:33.798 [ACTOR] index=38 actor=0x000001C401F49B20 root=0x000001C401FC0800 class=PostProcessVolume name=Fertile_PPVolume_5 team=0 relative=(10000.00, -265000.00, 55000.00)
2026-08-20 20:49:33.798 [ACTOR] index=39 actor=0x000001C401F4A440 root=0x000001C401FC0000 class=PostProcessVolume name=Fertile_PPVolume_4 team=0 relative=(-135000.00, -40000.00, 55000.00)
2026-08-20 20:49:33.798 [ACTOR] index=40 actor=0x000001C401F4AD60 root=0x000001C401FC1800 class=PostProcessVolume name=Fertile_PPVolume_7 team=0 relative=(-21000.00, -200500.00, 55000.00)
2026-08-20 20:49:33.798 [ACTOR] index=41 actor=0x000001C401F40000 root=0x000001C401FC2000 class=PostProcessVolume name=Fertile_PPVolume_8 team=0 relative=(-277500.00, -131000.00, 55000.00)
2026-08-20 20:49:33.798 [ACTOR] index=42 actor=0x000001C298754D90 root=0x000001C2CD5FE400 class=DirectionalAmbientLight name=DirectionalAmbientLight_1 team=0 relative=(39964.64, 44380.00, -2480.00)
2026-08-20 20:49:33.798 [ACTOR] index=43 actor=0x000001C407E46460 root=0x000001C400C34800 class=PostProcessVolume name=PostProcessVolume_58 team=0 relative=(214040.00, 193120.00, -7360.00)
2026-08-20 20:49:33.798 [ACTOR] index=44 actor=0x000001C3FB7036C0 root=0x000001C400C32000 class=PostProcessVolume name=PostProcessVolume_38 team=0 relative=(265460.00, 197800.00, -3890.00)
2026-08-20 20:49:33.798 [ACTOR] index=45 actor=0x000001C3FB700920 root=0x000001C400C39000 class=PostProcessVolume name=PostProcessVolume_26 team=0 relative=(195420.00, 185910.00, -3290.00)
2026-08-20 20:49:33.798 [ACTOR] index=46 actor=0x000001C3FB705220 root=0x000001C400C33800 class=PostProcessVolume name=PostProcessVolume_5 team=0 relative=(214890.00, 154870.00, 6720.00)
2026-08-20 20:49:33.798 [ACTOR] index=47 actor=0x000001C4078DC8C0 root=0x000001C2CAC6B000 class=PostProcessVolume name=PostProcessVolume_9 team=0 relative=(173050.00, 251610.00, -3290.00)
2026-08-20 20:49:33.798 [ACTOR] index=48 actor=0x000001C403EA7FC0 root=0x000001C400C31000 class=PostProcessVolume name=PostProcessVolume_3 team=0 relative=(143040.00, 235530.00, 1800.00)
2026-08-20 20:49:33.798 [ACTOR] index=49 actor=0x000001C3FB701B60 root=0x000001C400C30000 class=PostProcessVolume name=PostProcessVolume_28 team=0 relative=(199840.00, 217450.00, 6030.00)
2026-08-20 20:49:33.798 [ACTOR] index=50 actor=0x000001C3FB702480 root=0x000001C400C30800 class=PostProcessVolume name=PostProcessVolume_29 team=0 relative=(94330.00, 256200.00, 1010.00)
2026-08-20 20:49:33.798 [ACTOR] index=51 actor=0x000001C403EA76A0 root=0x000001C40157B800 class=PostProcessVolume name=PostProcessVolume_0 team=0 relative=(67900.00, 256510.00, 8410.00)
2026-08-20 20:49:33.798 [ACTOR] index=52 actor=0x000001C38A5A9B20 root=0x000001C400C34000 class=PostProcessVolume name=PostProcessVolume_55 team=0 relative=(-13490.00, -7580.00, -115700.00)
2026-08-20 20:49:33.798 [ACTOR] index=53 actor=0x000001C407E488E0 root=0x000001C400C3A800 class=PostProcessVolume name=PostProcessVolume_68 team=0 relative=(148160.00, 186100.00, -99980.00)
2026-08-20 20:49:33.798 [ACTOR] index=54 actor=0x000001C407E49200 root=0x000001C400C3B000 class=PostProcessVolume name=PostProcessVolume_69 team=0 relative=(29150.00, 154100.00, -74120.00)
2026-08-20 20:49:33.798 [ACTOR] index=55 actor=0x000001C40447DB00 root=0x000001C404B26000 class=PostProcessVolume name=BioLum_PPVolume team=0 relative=(-40630.00, -25730.00, -31852.00)
2026-08-20 20:49:33.798 [ACTOR] index=56 actor=0x000001C407E4DB00 root=0x000001C4008DD800 class=PostProcessVolume name=PostProcessVolume_75 team=0 relative=(-34630.00, -15760.00, -75050.00)
2026-08-20 20:49:33.798 [ACTOR] index=57 actor=0x000001C407E4E420 root=0x000001C2CAC68000 class=PostProcessVolume name=PostProcessVolume_76 team=0 relative=(-58290.00, -8730.00, -85260.00)
2026-08-20 20:49:33.798 [ACTOR] index=58 actor=0x000001C4086F4510 root=0x000001C3766F0400 class=MasterIBLCaptureBlueprint_C name=MasterIBL_Surface team=0 relative=(-246842.00, -244930.20, 60956.34)
2026-08-20 20:49:33.798 [ACTOR] index=59 actor=0x000001C406CF94C0 root=0x000001C284C3B000 class=ReverbVolume name=ReverbVolume_0 team=0 relative=(155000.00, -159849.10, 55000.00)
2026-08-20 20:49:33.798 [ACTOR] index=60 actor=0x000001C406CF9A10 root=0x000001C284C3B800 class=ReverbVolume name=ReverbVolume_1 team=0 relative=(10000.00, -264849.10, 55000.00)
2026-08-20 20:49:33.798 [ACTOR] index=61 actor=0x000001C406CF9F60 root=0x000001C284C3C000 class=ReverbVolume name=ReverbVolume_2 team=0 relative=(-135000.00, -39849.10, 55000.00)
2026-08-20 20:49:33.798 [ACTOR] index=62 actor=0x000001C406CFA4B0 root=0x000001C284C3D800 class=ReverbVolume name=ReverbVolume_3 team=0 relative=(-21000.00, -200349.10, 55000.00)
2026-08-20 20:49:33.798 [ACTOR] index=63 actor=0x000001C406CFAA00 root=0x000001C284C3C800 class=ReverbVolume name=ReverbVolume_4 team=0 relative=(-277500.00, -130849.10, 55000.00)
2026-08-20 20:49:33.798 [ACTOR] index=64 actor=0x000001C298755220 root=0x000001C2CD5FE000 class=DirectionalInjectedLight name=DirectionalInjectedLight_1 team=0 relative=(81450.27, -139198.00, 40677.73)
2026-08-20 20:49:33.798 [ACTOR] index=65 actor=0x000001C372FA1240 root=0x000001C404B25800 class=PostProcessVolume name=BioLum_PostProcessVolume team=0 relative=(-166801.00, 48500.00, 37300.00)
2026-08-20 20:49:33.798 [ACTOR] index=66 actor=0x000001C407E49B20 root=0x000001C400C3B800 class=PostProcessVolume name=PostProcessVolume_7 team=0 relative=(92900.00, 60800.00, 16100.00)
2026-08-20 20:49:33.798 [ACTOR] index=67 actor=0x000001C3FB706D80 root=0x000001C400C37800 class=PostProcessVolume name=PostProcessVolume_22 team=0 relative=(107800.00, -63500.00, 16100.00)
2026-08-20 20:49:33.799 [ACTOR] index=68 actor=0x000001C403EA5220 root=0x000001C403EFD000 class=PostProcessVolume name=Elemental__PostProcessVolume_5 team=0 relative=(-168600.00, 186400.00, 16100.00)
2026-08-20 20:49:33.799 [ACTOR] index=69 actor=0x000001C403EA5B40 root=0x000001C403EFF000 class=PostProcessVolume name=Elemental__PostProcessVolume_6 team=0 relative=(-215300.00, 162800.00, 16100.00)
2026-08-20 20:49:33.799 [ACTOR] index=70 actor=0x000001C2B1825220 root=0x000001C3766FC400 class=SphereReflectionCapture name=SphereReflectionCapture_0 team=0 relative=(180909.00, -97812.00, 71648.00)
2026-08-20 20:49:33.799 [ACTOR] index=71 actor=0x000001C406CF84D0 root=0x000001C284C39800 class=ReverbVolume name=ReverbVolume7 team=0 relative=(-166800.00, 48500.00, 37300.00)
2026-08-20 20:49:33.799 [ACTOR] index=72 actor=0x000001C406CF7F80 root=0x000001C4003D1800 class=ReverbVolume name=ReverbVolume6 team=0 relative=(92900.00, 60800.00, 16100.00)
2026-08-20 20:49:33.799 [ACTOR] index=73 actor=0x000001C406CF8A20 root=0x000001C284C3A000 class=ReverbVolume name=ReverbVolume8 team=0 relative=(107800.00, -63500.00, 16100.00)
2026-08-20 20:49:33.799 [ACTOR] index=74 actor=0x000001C406CF6F90 root=0x000001C4003DE800 class=ReverbVolume name=ReverbVolume10 team=0 relative=(92900.00, 211400.00, 16100.00)
2026-08-20 20:49:33.799 [ACTOR] index=75 actor=0x000001C406CF74E0 root=0x000001C4003DF000 class=ReverbVolume name=ReverbVolume11 team=0 relative=(-81600.00, 101500.00, 16100.00)
2026-08-20 20:49:33.799 [ACTOR] index=76 actor=0x000001C406CF7A30 root=0x000001C4003DF800 class=ReverbVolume name=ReverbVolume12 team=0 relative=(-168600.00, 186400.00, 16100.00)
2026-08-20 20:49:33.799 [ACTOR] index=77 actor=0x000001C406CF8F70 root=0x000001C284C3A800 class=ReverbVolume name=ReverbVolume9 team=0 relative=(-215300.00, 162800.00, 16100.00)
2026-08-20 20:49:33.799 [ACTOR] index=78 actor=0x000001C2B182DB00 root=0x000001C28380B1C0 class=ExponentialHeightFog name=SurfaceGroundFog_ExpHeightFog team=0 relative=(126690.00, -201550.00, 57940.00)
2026-08-20 20:49:33.799 [ACTOR] index=79 actor=0x000001C401F4D1E0 root=0x000001C401FC2800 class=PostProcessVolume name=Fertile_WaterPPVolume_17 team=0 relative=(-32435.00, -261482.00, 41015.67)
2026-08-20 20:49:33.799 [ACTOR] index=80 actor=0x000001C4069A1000 root=0x000001C2BD875200 class=BP_AberrationSky_Sphere_ARK_C name=BP_AberrationSky_Sphere_ARK_C_1 team=0 relative=(0.00, 0.00, 0.00)
2026-08-20 20:49:33.799 [ACTOR] index=81 actor=0x000001C400B41240 root=0x000001C401573800 class=PostProcessVolume name=FertileeCaveEncompassing_PPVolume team=0 relative=(-184800.00, -7200.00, 42500.00)
2026-08-20 20:49:33.799 [ACTOR] index=82 actor=0x000001C405EC1FE0 root=0x000001C283B24000 class=TileStreamingVolume name=TileStreamingVolume_5 team=0 relative=(-196140.00, 240.00, 40970.00)
2026-08-20 20:49:33.799 [ACTOR] index=83 actor=0x000001C405EC1540 root=0x000001C284C39000 class=TileStreamingVolume name=TileStreamingVolume_3 team=0 relative=(-184370.00, -9030.00, 43000.00)
2026-08-20 20:49:33.799 [ACTOR] index=84 actor=0x000001C405EC1A90 root=0x000001C284C3F000 class=TileStreamingVolume name=TileStreamingVolume_4 team=0 relative=(-186400.00, -11790.00, 43000.00)
2026-08-20 20:49:33.799 [ACTOR] index=85 actor=0x000001C405EC3FC0 root=0x000001C3DB58A800 class=TileStreamingVolume name=TSV_Entrance_01 team=0 relative=(127835.00, 42345.00, 10045.00)
2026-08-20 20:49:33.799 [ACTOR] index=86 actor=0x000001C405EC4A60 root=0x000001C3DB58B800 class=TileStreamingVolume name=TSV_Entrance_02 team=0 relative=(133680.00, 42345.00, 10045.00)
2026-08-20 20:49:33.799 [ACTOR] index=87 actor=0x000001C405EC5500 root=0x000001C3DB58E800 class=TileStreamingVolume name=TSV_Tunnel_01 team=0 relative=(138260.00, 42345.00, 10045.00)
2026-08-20 20:49:33.799 [ACTOR] index=88 actor=0x000001C405EC3520 root=0x000001C3DB589800 class=TileStreamingVolume name=TSV_Cavern_01 team=0 relative=(138260.00, 22255.00, 10045.00)
2026-08-20 20:49:33.799 [ACTOR] index=89 actor=0x000001C405EC0FF0 root=0x000001C284C38800 class=TileStreamingVolume name=TileStreamingVolume_25 team=0 relative=(138260.00, 63765.00, 10045.00)
2026-08-20 20:49:33.799 [ACTOR] index=90 actor=0x000001C4078DD1E0 root=0x000001C2CAC6B800 class=PostProcessVolume name=PP_BioLum_Cave team=0 relative=(135130.00, 42810.00, 3120.00)
2026-08-20 20:49:33.799 [ACTOR] index=91 actor=0x000001C4078DDB00 root=0x000001C2CAC6C000 class=PostProcessVolume name=PP_Water_BioLum_Cave team=0 relative=(146570.00, 12720.00, -2870.00)
2026-08-20 20:49:33.799 [ACTOR] index=92 actor=0x000001C405EC4510 root=0x000001C3DB58B000 class=TileStreamingVolume name=TSV_Entrance_01_18 team=0 relative=(-12410.00, 258170.00, 15630.00)
2026-08-20 20:49:33.799 [ACTOR] index=93 actor=0x000001C405EC4FB0 root=0x000001C3DB58E000 class=TileStreamingVolume name=TSV_Entrance_02_19 team=0 relative=(-12410.00, 266940.00, 15630.00)
2026-08-20 20:49:33.799 [ACTOR] index=94 actor=0x000001C405EC2FD0 root=0x000001C283B25800 class=TileStreamingVolume name=TileStreamingVolume_8 team=0 relative=(-12410.00, 291500.00, 15630.00)
2026-08-20 20:49:33.799 [ACTOR] index=95 actor=0x000001C405ECBF40 root=0x000001C284C33000 class=StructurePreventionZoneVolume name=StructurePreventionZoneVolume_4 team=0 relative=(138260.00, 63765.00, 10045.00)
2026-08-20 20:49:33.799 [ACTOR] index=96 actor=0x000001C3FB704900 root=0x000001C400C33000 class=PostProcessVolume name=PostProcessVolume_4 team=0 relative=(-12410.00, 289460.00, 15630.00)
2026-08-20 20:49:33.799 [ACTOR] index=97 actor=0x000001C4056E2CA0 root=0x000001C3E5F93000 class=TogglePainVolume name=TogglePainVolume_5 team=0 relative=(140438.40, -203676.30, 57497.31)
2026-08-20 20:49:33.799 [ACTOR] index=98 actor=0x000001C2B182E420 root=0x000001C2BDC2C200 class=Note name=Note_102 team=0 relative=(116077.80, -294571.80, 63311.04)
2026-08-20 20:49:33.799 [ACTOR] index=99 actor=0x000001C405F32CA0 root=0x000001C3FFD56000 class=TogglePainVolume name=TogglePainVolume_01 team=0 relative=(126400.90, -203676.30, 57497.28)
2026-08-20 20:49:33.799 [ACTOR] index=100 actor=0x000001C405F30CC0 root=0x000001C3FFD5A000 class=TogglePainVolume name=TogglePainVolume_03 team=0 relative=(156233.90, -203676.30, 57497.47)
2026-08-20 20:49:33.799 [ACTOR] index=101 actor=0x000001C407DC5940 root=0x000001C38906B800 class=TogglePainVolume name=TogglePainVolume_14 team=0 relative=(173013.70, -203676.30, 57498.49)
2026-08-20 20:49:33.799 [ACTOR] index=102 actor=0x000001C405F33FC0 root=0x000001C3FFD5B800 class=TogglePainVolume name=TogglePainVolume_05 team=0 relative=(190456.10, -203676.30, 57498.33)
2026-08-20 20:49:33.799 [ACTOR] index=103 actor=0x000001C405F34620 root=0x000001C3FFD5C000 class=TogglePainVolume name=TogglePainVolume_06 team=0 relative=(208021.70, -203676.30, 57498.54)
2026-08-20 20:49:33.799 [ACTOR] index=104 actor=0x000001C405F33960 root=0x000001C3FFD5C800 class=TogglePainVolume name=TogglePainVolume_07 team=0 relative=(226022.80, -203676.30, 57498.49)
2026-08-20 20:49:33.799 [ACTOR] index=105 actor=0x000001C405F32640 root=0x000001C3FFD5D800 class=TogglePainVolume name=TogglePainVolume_08 team=0 relative=(243155.50, -203676.30, 57498.52)
2026-08-20 20:49:33.799 [ACTOR] index=106 actor=0x000001C405F31980 root=0x000001C3FFD55800 class=TogglePainVolume name=TogglePainVolume_0 team=0 relative=(260175.60, -203676.30, 57498.39)
2026-08-20 20:49:33.799 [ACTOR] index=107 actor=0x000001C4056EE580 root=0x000001C3E8D05000 class=TogglePainVolume name=TogglePainVolume_4 team=0 relative=(276496.80, -203676.30, 57498.39)
2026-08-20 20:49:33.799 [ACTOR] index=108 actor=0x000001C406BDA5C0 root=0x000001C389BFA000 class=TogglePainVolume name=TogglePainVolume_2 team=0 relative=(292868.70, -203676.30, 57498.39)
2026-08-20 20:49:33.799 [ACTOR] index=109 actor=0x000001C404CFBF40 root=0x000001C37FB48000 class=TogglePainVolume name=TogglePainVolume_9 team=0 relative=(309191.00, -227562.80, 57498.41)
2026-08-20 20:49:33.799 [ACTOR] index=110 actor=0x000001C2B1827B30 root=0x000001C2BDC2A000 class=Note name=Note_1 team=0 relative=(116077.80, -287003.90, 63311.03)
2026-08-20 20:49:33.799 [ACTOR] index=111 actor=0x000001C407799690 root=0x000001C2BD5F4200 class=Note name=Note_2 team=0 relative=(116077.80, -277246.50, 61284.43)
2026-08-20 20:49:33.799 [ACTOR] index=112 actor=0x000001C40569E8B0 root=0x000001C2BDC5DC00 class=Note name=Note_3 team=0 relative=(116077.80, -269285.30, 61284.43)
2026-08-20 20:49:33.799 [ACTOR] index=113 actor=0x000001C2B1827FC0 root=0x000001C2BDC2A200 class=Note name=Note_10 team=0 relative=(130535.10, -308932.90, 64523.95)
2026-08-20 20:49:33.799 [ACTOR] index=114 actor=0x000001C4097F7B30 root=0x000001C2BDC2FC00 class=Note name=Note_12 team=0 relative=(130535.10, -291396.00, 63274.60)
2026-08-20 20:49:33.799 [ACTOR] index=115 actor=0x000001C4097FBB10 root=0x000001C2BDA30800 class=Note name=Note_13 team=0 relative=(130535.10, -270691.60, 61523.82)
2026-08-20 20:49:33.799 [ACTOR] index=116 actor=0x000001C4097FED40 root=0x000001C2BDA33E00 class=Note name=Note_14 team=0 relative=(130535.10, -252564.50, 59250.68)
2026-08-20 20:49:33.799 [ACTOR] index=117 actor=0x000001C4092C0000 root=0x000001C2BDA36C00 class=Note name=Note_15 team=0 relative=(130535.10, -234430.20, 57840.84)
2026-08-20 20:49:33.799 [ACTOR] index=118 actor=0x000001C4092C3230 root=0x000001C2BDA39C00 class=Note name=Note_16 team=0 relative=(130535.10, -215999.00, 57840.84)
2026-08-20 20:49:33.799 [ACTOR] index=119 actor=0x000001C407CE1240 root=0x000001C2BDA3CC00 class=Note name=Note_17 team=0 relative=(131313.60, -205686.40, 62925.93)
2026-08-20 20:49:33.799 [ACTOR] index=120 actor=0x000001C400BA5220 root=0x000001C2BD9C1000 class=Note name=Note_451 team=0 relative=(146360.00, -308932.90, 64523.79)
2026-08-20 20:49:33.799 [ACTOR] index=121 actor=0x000001C405EA9200 root=0x000001C2BDC58000 class=Note name=Note_28 team=0 relative=(146360.00, -291396.00, 63274.44)
2026-08-20 20:49:33.799 [ACTOR] index=122 actor=0x000001C405EAC430 root=0x000001C2BDC5B000 class=Note name=Note_29 team=0 relative=(146360.00, -270691.60, 61523.66)
2026-08-20 20:49:33.799 [ACTOR] index=123 actor=0x000001C40569ED40 root=0x000001C2BDC5DE00 class=Note name=Note_30 team=0 relative=(146360.00, -252564.50, 59250.52)
2026-08-20 20:49:33.799 [ACTOR] index=124 actor=0x000001C405559200 root=0x000001C2BDAB0A00 class=Note name=Note_31 team=0 relative=(146360.00, -234430.20, 57840.68)
2026-08-20 20:49:33.799 [ACTOR] index=125 actor=0x000001C405552DA0 root=0x000001C2BDAB2000 class=Note name=Note_32 team=0 relative=(146360.00, -215999.00, 57840.68)
2026-08-20 20:49:33.799 [ACTOR] index=126 actor=0x000001C405555B40 root=0x000001C2BDAB4C00 class=Note name=Note_33 team=0 relative=(146360.00, -197874.90, 57840.68)
2026-08-20 20:49:33.799 [ACTOR] index=127 actor=0x000001C404A47FC0 root=0x000001C2BDAB7A00 class=Note name=Note_34 team=0 relative=(146360.00, -186459.50, 57840.67)
2026-08-20 20:49:33.799 [ACTOR] index=128 actor=0x000001C400BA1FF0 root=0x000001C2BD67DE00 class=Note name=Note_436 team=0 relative=(164380.00, -308932.90, 64523.81)
2026-08-20 20:49:33.799 [ACTOR] index=129 actor=0x000001C400BA4900 root=0x000001C2BD67F200 class=Note name=Note_45 team=0 relative=(164380.00, -291396.00, 63274.45)
2026-08-20 20:49:33.799 [ACTOR] index=130 actor=0x000001C400BA68F0 root=0x000001C2BD9C1A00 class=Note name=Note_46 team=0 relative=(164380.00, -270691.60, 61523.68)
2026-08-20 20:49:33.800 [ACTOR] index=131 actor=0x000001C400BA8D70 root=0x000001C2BD9C4400 class=Note name=Note_47 team=0 relative=(164380.00, -252564.50, 59250.54)
2026-08-20 20:49:33.800 [ACTOR] index=132 actor=0x000001C400BAAD60 root=0x000001C2BD9C5200 class=Note name=Note_48 team=0 relative=(164380.00, -234430.20, 57840.70)
2026-08-20 20:49:33.800 [ACTOR] index=133 actor=0x000001C407FCBB10 root=0x000001C2BD9C7C00 class=Note name=Note_49 team=0 relative=(164380.00, -215999.00, 57840.69)
2026-08-20 20:49:33.800 [ACTOR] index=134 actor=0x000001C407FCDF90 root=0x000001C2BD9C8C00 class=Note name=Note_50 team=0 relative=(164380.00, -197874.90, 58974.13)
2026-08-20 20:49:33.800 [ACTOR] index=135 actor=0x000001C407FCF1D0 root=0x000001C2BD9CAE00 class=Note name=Note_51 team=0 relative=(164380.00, -184210.60, 60189.07)
2026-08-20 20:49:33.800 [ACTOR] index=136 actor=0x000001C407FC9FB0 root=0x000001C2BD9CC000 class=Note name=Note_52 team=0 relative=(164380.00, -169406.70, 60189.07)
2026-08-20 20:49:33.800 [ACTOR] index=137 actor=0x000001C400BADB00 root=0x000001C2BD67B200 class=Note name=Note_426 team=0 relative=(181551.90, -308932.90, 64523.79)
2026-08-20 20:49:33.800 [ACTOR] index=138 actor=0x000001C405FC56B0 root=0x000001C2BAE1BE00 class=Note name=Note_60 team=0 relative=(181551.90, -291396.00, 61972.78)
2026-08-20 20:49:33.800 [ACTOR] index=139 actor=0x000001C405FC76A0 root=0x000001C2BAE1E600 class=Note name=Note_61 team=0 relative=(181551.90, -270691.60, 61523.66)
2026-08-20 20:49:33.800 [ACTOR] index=140 actor=0x000001C405FC9B20 root=0x000001C2BAE1F600 class=Note name=Note_62 team=0 relative=(181551.90, -252564.50, 59250.52)
2026-08-20 20:49:33.800 [ACTOR] index=141 actor=0x000001C405FCBFA0 root=0x000001C2BD861E00 class=Note name=Note_63 team=0 relative=(181551.90, -234430.20, 57350.64)
2026-08-20 20:49:33.800 [ACTOR] index=142 actor=0x000001C405FCDB00 root=0x000001C2BD862A00 class=Note name=Note_64 team=0 relative=(181551.90, -215999.00, 58111.40)
2026-08-20 20:49:33.800 [ACTOR] index=143 actor=0x000001C405FC0000 root=0x000001C2BD865400 class=Note name=Note_65 team=0 relative=(181551.90, -197874.90, 58974.11)
2026-08-20 20:49:33.800 [ACTOR] index=144 actor=0x000001C404CBD1E0 root=0x000001C2BD866200 class=Note name=Note_66 team=0 relative=(181551.90, -184210.60, 60189.05)
2026-08-20 20:49:33.800 [ACTOR] index=145 actor=0x000001C404CBE8B0 root=0x000001C2BD868600 class=Note name=Note_67 team=0 relative=(181551.90, -169406.70, 60189.05)
2026-08-20 20:49:33.800 [ACTOR] index=146 actor=0x000001C403D90DB0 root=0x000001C2BD678800 class=Note name=Note_415 team=0 relative=(199466.00, -308932.90, 61404.30)
2026-08-20 20:49:33.800 [ACTOR] index=147 actor=0x000001C404CB9B20 root=0x000001C2BD869400 class=Note name=Note_72 team=0 relative=(199466.00, -291396.00, 61494.84)
2026-08-20 20:49:33.800 [ACTOR] index=148 actor=0x000001C403075220 root=0x000001C2BD869600 class=Note name=Note_73 team=0 relative=(199466.00, -270691.60, 61540.77)
2026-08-20 20:49:33.800 [ACTOR] index=149 actor=0x000001C4030756B0 root=0x000001C2BD86B200 class=Note name=Note_74 team=0 relative=(199466.00, -252564.50, 59250.54)
2026-08-20 20:49:33.800 [ACTOR] index=150 actor=0x000001C403075B40 root=0x000001C2BD86B400 class=Note name=Note_75 team=0 relative=(199466.00, -234430.20, 56992.40)
2026-08-20 20:49:33.800 [ACTOR] index=151 actor=0x000001C403075FD0 root=0x000001C2BD86B600 class=Note name=Note_76 team=0 relative=(199466.00, -215999.00, 57352.82)
2026-08-20 20:49:33.800 [ACTOR] index=152 actor=0x000001C403076460 root=0x000001C2BD86B800 class=Note name=Note_77 team=0 relative=(199466.00, -197874.90, 56529.66)
2026-08-20 20:49:33.800 [ACTOR] index=153 actor=0x000001C4030768F0 root=0x000001C2BD86BA00 class=Note name=Note_78 team=0 relative=(199466.00, -184210.60, 56347.48)
2026-08-20 20:49:33.800 [ACTOR] index=154 actor=0x000001C403076D80 root=0x000001C2BD86BC00 class=Note name=Note_79 team=0 relative=(199466.00, -169406.70, 57351.23)
2026-08-20 20:49:33.800 [ACTOR] index=155 actor=0x000001C403D936C0 root=0x000001C2BD678000 class=Note name=Note_410 team=0 relative=(218229.80, -308932.90, 61404.28)
2026-08-20 20:49:33.800 [ACTOR] index=156 actor=0x000001C403079200 root=0x000001C2BD86E600 class=Note name=Note_87 team=0 relative=(218229.80, -291396.00, 61494.82)
2026-08-20 20:49:33.800 [ACTOR] index=157 actor=0x000001C403079690 root=0x000001C2BD86E800 class=Note name=Note_88 team=0 relative=(218229.80, -270691.60, 61540.75)
2026-08-20 20:49:33.800 [ACTOR] index=158 actor=0x000001C403079B20 root=0x000001C2BD86EA00 class=Note name=Note_89 team=0 relative=(218229.80, -252564.50, 59250.51)
2026-08-20 20:49:33.800 [ACTOR] index=159 actor=0x000001C40307A440 root=0x000001C2BD86EE00 class=Note name=Note_90 team=0 relative=(218229.80, -234430.20, 56992.38)
2026-08-20 20:49:33.800 [ACTOR] index=160 actor=0x000001C40307A8D0 root=0x000001C2BD86F000 class=Note name=Note_91 team=0 relative=(218229.80, -215999.00, 57352.80)
2026-08-20 20:49:33.800 [ACTOR] index=161 actor=0x000001C40307AD60 root=0x000001C2BD86F200 class=Note name=Note_92 team=0 relative=(218229.80, -197874.90, 56529.64)
2026-08-20 20:49:33.800 [ACTOR] index=162 actor=0x000001C40307B1F0 root=0x000001C2BD86F400 class=Note name=Note_93 team=0 relative=(218229.80, -184210.60, 56347.46)
2026-08-20 20:49:33.800 [ACTOR] index=163 actor=0x000001C40307B680 root=0x000001C2BD86F600 class=Note name=Note_94 team=0 relative=(218229.80, -169406.70, 57351.21)
2026-08-20 20:49:33.800 [ACTOR] index=164 actor=0x000001C4043DE420 root=0x000001C2BD675000 class=Note name=Note_391 team=0 relative=(233651.40, -308932.90, 61404.29)
2026-08-20 20:49:33.800 [ACTOR] index=165 actor=0x000001C2B182F1D0 root=0x000001C2BDC2C400 class=Note name=Note_104 team=0 relative=(233651.40, -291396.00, 58900.88)
2026-08-20 20:49:33.800 [ACTOR] index=166 actor=0x000001C2B182A440 root=0x000001C2BDC2C600 class=Note name=Note_105 team=0 relative=(233651.40, -270691.60, 58311.80)
2026-08-20 20:49:33.800 [ACTOR] index=167 actor=0x000001C2B182A8D0 root=0x000001C2BDC2C800 class=Note name=Note_106 team=0 relative=(233651.40, -252564.50, 56159.05)
2026-08-20 20:49:33.800 [ACTOR] index=168 actor=0x000001C2B182AD60 root=0x000001C2BDC2CA00 class=Note name=Note_107 team=0 relative=(233651.40, -234430.20, 56432.96)
2026-08-20 20:49:33.800 [ACTOR] index=169 actor=0x000001C2B182B1F0 root=0x000001C2BDC2CC00 class=Note name=Note_108 team=0 relative=(233651.40, -215999.00, 55362.66)
2026-08-20 20:49:33.800 [ACTOR] index=170 actor=0x000001C2B1829200 root=0x000001C2BDC2CE00 class=Note name=Note_109 team=0 relative=(233651.40, -197874.90, 55138.68)
2026-08-20 20:49:33.800 [ACTOR] index=171 actor=0x000001C2B1829B20 root=0x000001C2BDC2D200 class=Note name=Note_110 team=0 relative=(233651.40, -184210.60, 55109.60)
2026-08-20 20:49:33.800 [ACTOR] index=172 actor=0x000001C2B1829FB0 root=0x000001C2BDC2D400 class=Note name=Note_111 team=0 relative=(233651.40, -169406.70, 55895.45)
2026-08-20 20:49:33.800 [ACTOR] index=173 actor=0x000001C2B1829690 root=0x000001C2BDC2D600 class=Note name=Note_112 team=0 relative=(233651.40, -150262.00, 56229.59)
2026-08-20 20:49:33.800 [ACTOR] index=174 actor=0x000001C404A44900 root=0x000001C2BDABBC00 class=Note name=Note_357 team=0 relative=(250827.60, -308932.90, 61404.26)
2026-08-20 20:49:33.800 [ACTOR] index=175 actor=0x000001C4097FA440 root=0x000001C2BDA30A00 class=Note name=Note_125 team=0 relative=(250827.60, -285927.40, 58900.86)
2026-08-20 20:49:33.800 [ACTOR] index=176 actor=0x000001C4097FA8D0 root=0x000001C2BDA30000 class=Note name=Note_126 team=0 relative=(250827.60, -262077.40, 58311.48)
2026-08-20 20:49:33.800 [ACTOR] index=177 actor=0x000001C4097FAD60 root=0x000001C2BDA30200 class=Note name=Note_127 team=0 relative=(250827.60, -237695.70, 56159.03)
2026-08-20 20:49:33.800 [ACTOR] index=178 actor=0x000001C4097FB1F0 root=0x000001C2BDA30400 class=Note name=Note_128 team=0 relative=(250827.60, -215096.70, 56432.93)
2026-08-20 20:49:33.800 [ACTOR] index=179 actor=0x000001C4097FB680 root=0x000001C2BDA30600 class=Note name=Note_129 team=0 relative=(250827.60, -192879.80, 55362.64)
2026-08-20 20:49:33.800 [ACTOR] index=180 actor=0x000001C4097FBFA0 root=0x000001C2BDA31000 class=Note name=Note_130 team=0 relative=(250827.60, -169736.70, 55138.85)
2026-08-20 20:49:33.800 [ACTOR] index=181 actor=0x000001C4097FC430 root=0x000001C2BDA31200 class=Note name=Note_131 team=0 relative=(250827.60, -146989.40, 55138.97)
2026-08-20 20:49:33.800 [ACTOR] index=182 actor=0x000001C4097FC8C0 root=0x000001C2BDA31400 class=Note name=Note_132 team=0 relative=(250827.60, -133190.50, 57872.16)
2026-08-20 20:49:33.800 [ACTOR] index=183 actor=0x000001C4097FE420 root=0x000001C2BDA33A00 class=Note name=Note_138 team=0 relative=(266781.10, -308932.90, 61404.32)
2026-08-20 20:49:33.800 [ACTOR] index=184 actor=0x000001C4097FE8B0 root=0x000001C2BDA33C00 class=Note name=Note_139 team=0 relative=(266781.10, -285927.40, 58900.93)
2026-08-20 20:49:33.800 [ACTOR] index=185 actor=0x000001C4097FF1D0 root=0x000001C2BDA34000 class=Note name=Note_140 team=0 relative=(266781.10, -262077.40, 58311.54)
2026-08-20 20:49:33.800 [ACTOR] index=186 actor=0x000001C4097FF660 root=0x000001C2BDA34200 class=Note name=Note_141 team=0 relative=(266781.10, -237695.70, 56159.09)
2026-08-20 20:49:33.800 [ACTOR] index=187 actor=0x000001C4097FFAF0 root=0x000001C2BDA34400 class=Note name=Note_142 team=0 relative=(266781.10, -215096.70, 56432.99)
2026-08-20 20:49:33.800 [ACTOR] index=188 actor=0x000001C4092C36C0 root=0x000001C2BDA34600 class=Note name=Note_143 team=0 relative=(266781.10, -192879.80, 55362.71)
2026-08-20 20:49:33.800 [ACTOR] index=189 actor=0x000001C4092C3B50 root=0x000001C2BDA34800 class=Note name=Note_144 team=0 relative=(266781.10, -169736.70, 55138.91)
2026-08-20 20:49:33.800 [ACTOR] index=190 actor=0x000001C4092C3FE0 root=0x000001C2BDA36400 class=Note name=Note_145 team=0 relative=(266781.10, -146989.40, 55139.03)
2026-08-20 20:49:33.800 [ACTOR] index=191 actor=0x000001C2B18288E0 root=0x000001C2BDC29E00 class=Note name=Note_0 team=0 relative=(266781.10, -131227.90, 62981.55)
2026-08-20 20:49:33.800 [ACTOR] index=192 actor=0x000001C4092C16D0 root=0x000001C2BDA37600 class=Note name=Note_154 team=0 relative=(283145.50, -308932.90, 61404.32)
2026-08-20 20:49:33.800 [ACTOR] index=193 actor=0x000001C4092C1B60 root=0x000001C2BDA37800 class=Note name=Note_155 team=0 relative=(283145.50, -285927.40, 58900.93)
2026-08-20 20:49:33.800 [ACTOR] index=194 actor=0x000001C4092C1FF0 root=0x000001C2BDA37A00 class=Note name=Note_156 team=0 relative=(283145.50, -262077.40, 58311.54)
2026-08-20 20:49:33.800 [ACTOR] index=195 actor=0x000001C4092C2480 root=0x000001C2BDA37C00 class=Note name=Note_157 team=0 relative=(283145.50, -237695.70, 56159.09)
2026-08-20 20:49:33.800 [ACTOR] index=196 actor=0x000001C4092C2910 root=0x000001C2BDA39800 class=Note name=Note_158 team=0 relative=(283145.50, -215096.70, 56432.99)
2026-08-20 20:49:33.800 [ACTOR] index=197 actor=0x000001C4092C2DA0 root=0x000001C2BDA39A00 class=Note name=Note_159 team=0 relative=(283145.50, -192879.80, 55362.71)
2026-08-20 20:49:33.800 [ACTOR] index=198 actor=0x000001C407CE7210 root=0x000001C2BDA39E00 class=Note name=Note_160 team=0 relative=(283145.50, -169736.70, 55138.91)
2026-08-20 20:49:33.800 [ACTOR] index=199 actor=0x000001C407CE76A0 root=0x000001C2BDA3A000 class=Note name=Note_161 team=0 relative=(283145.50, -146989.40, 55139.03)
2026-08-20 20:49:33.800 [ACTOR] index=200 actor=0x000001C407CE7B30 root=0x000001C2BDA3A200 class=Note name=Note_162 team=0 relative=(283145.50, -128774.10, 55139.04)
2026-08-20 20:49:33.800 [ACTOR] index=201 actor=0x000001C407798D70 root=0x000001C2BD5F3E00 class=Note name=Note_198 team=0 relative=(298741.50, -308932.90, 56600.87)
2026-08-20 20:49:33.800 [ACTOR] index=202 actor=0x000001C40779DF90 root=0x000001C2BD5F7E00 class=Note name=Note_214 team=0 relative=(298741.50, -291363.70, 56441.11)
2026-08-20 20:49:33.801 [ACTOR] index=203 actor=0x000001C405EAD1E0 root=0x000001C2BD5FE800 class=Note name=Note_242 team=0 relative=(298741.50, -274198.90, 56333.44)
2026-08-20 20:49:33.801 [ACTOR] index=204 actor=0x000001C405EA1B60 root=0x000001C2BDC51800 class=Note name=Note_253 team=0 relative=(298741.50, -257524.40, 54615.21)
2026-08-20 20:49:33.801 [ACTOR] index=205 actor=0x000001C405EA1FF0 root=0x000001C2BDC51A00 class=Note name=Note_254 team=0 relative=(298741.50, -240396.30, 54183.29)
2026-08-20 20:49:33.801 [ACTOR] index=206 actor=0x000001C4043D76A0 root=0x000001C2BDABEC00 class=Note name=Note_367 team=0 relative=(298741.50, -223162.00, 53863.17)
2026-08-20 20:49:33.801 [ACTOR] index=207 actor=0x000001C405EA2910 root=0x000001C2BDC53800 class=Note name=Note_256 team=0 relative=(298741.50, -205882.90, 53139.29)
2026-08-20 20:49:33.801 [ACTOR] index=208 actor=0x000001C4043D9FB0 root=0x000001C2BD671800 class=Note name=Note_377 team=0 relative=(298741.50, -189803.00, 53330.18)
2026-08-20 20:49:33.801 [ACTOR] index=209 actor=0x000001C2B182BFA0 root=0x000001C2BDC2A600 class=Note name=Note_101 team=0 relative=(298741.50, -171587.60, 53101.55)
2026-08-20 20:49:33.801 [ACTOR] index=210 actor=0x000001C40569CD50 root=0x000001C2BDC5B800 class=Note name=Note_294 team=0 relative=(322922.10, -171505.90, 54674.75)
2026-08-20 20:49:33.801 [ACTOR] index=211 actor=0x000001C40569DF90 root=0x000001C2BDA3D200 class=Note name=Note_298 team=0 relative=(293482.50, -159816.70, 54674.87)
2026-08-20 20:49:33.801 [ACTOR] index=212 actor=0x000001C407CE2480 root=0x000001C2BDA3D600 class=Note name=Note_173 team=0 relative=(293482.50, -150885.70, 54318.38)
2026-08-20 20:49:33.801 [ACTOR] index=213 actor=0x000001C407CE2DA0 root=0x000001C2BDA3DA00 class=Note name=Note_175 team=0 relative=(293482.50, -145398.90, 54318.38)
2026-08-20 20:49:33.801 [ACTOR] index=214 actor=0x000001C407CE36C0 root=0x000001C2BDA3DE00 class=Note name=Note_177 team=0 relative=(293482.50, -140098.90, 54525.60)
2026-08-20 20:49:33.801 [ACTOR] index=215 actor=0x000001C406AB7B30 root=0x000001C2BAE11400 class=Note name=Note_54 team=0 relative=(293482.50, -134347.70, 54933.64)
2026-08-20 20:49:33.801 [ACTOR] index=216 actor=0x000001C4056E3300 root=0x000001C3E8D08000 class=TogglePainVolume name=TogglePainVolume_41 team=0 relative=(-318094.00, 300617.40, 50954.46)
2026-08-20 20:49:33.801 [ACTOR] index=217 actor=0x000001C4056E4C80 root=0x000001C3E8D08800 class=TogglePainVolume name=TogglePainVolume_42 team=0 relative=(-301841.30, 300617.40, 50954.46)
2026-08-20 20:49:33.801 [ACTOR] index=218 actor=0x000001C4056E8C40 root=0x000001C3E8D09000 class=TogglePainVolume name=TogglePainVolume_43 team=0 relative=(-285561.60, 300617.40, 50954.46)
2026-08-20 20:49:33.801 [ACTOR] index=219 actor=0x000001C4056E52E0 root=0x000001C3E8D09800 class=TogglePainVolume name=TogglePainVolume_44 team=0 relative=(-269227.20, 300617.40, 50954.47)
2026-08-20 20:49:33.801 [ACTOR] index=220 actor=0x000001C403EC0660 root=0x000001C3F4ECA800 class=TogglePainVolume name=TogglePainVolume_18 team=0 relative=(-252916.40, 300617.40, 50954.47)
2026-08-20 20:49:33.801 [ACTOR] index=221 actor=0x000001C403EC52E0 root=0x000001C3F4ECD800 class=TogglePainVolume name=TogglePainVolume_19 team=0 relative=(-236598.60, 300617.40, 50954.47)
2026-08-20 20:49:33.801 [ACTOR] index=222 actor=0x000001C406BDB8E0 root=0x000001C389BF0000 class=TogglePainVolume name=TogglePainVolume_20 team=0 relative=(-220199.00, 300617.40, 50954.47)
2026-08-20 20:49:33.801 [ACTOR] index=223 actor=0x000001C406BDC5A0 root=0x000001C3DC5E5800 class=TogglePainVolume name=TogglePainVolume_21 team=0 relative=(-203884.80, 300617.40, 50954.47)
2026-08-20 20:49:33.801 [ACTOR] index=224 actor=0x000001C406BD85E0 root=0x000001C3EF870000 class=TogglePainVolume name=TogglePainVolume_22 team=0 relative=(-203884.80, 217432.60, 50954.47)
2026-08-20 20:49:33.801 [ACTOR] index=225 actor=0x000001C406BD3FC0 root=0x000001C3EF879800 class=TogglePainVolume name=TogglePainVolume_23 team=0 relative=(-301831.90, 192281.50, 50954.48)
2026-08-20 20:49:33.801 [ACTOR] index=226 actor=0x000001C40455F8A0 root=0x000001C3EF0D2000 class=TogglePainVolume name=TogglePainVolume_24 team=0 relative=(-285488.50, 192281.50, 50954.29)
2026-08-20 20:49:33.801 [ACTOR] index=227 actor=0x000001C404AE2640 root=0x000001C3EF0D9000 class=TogglePainVolume name=TogglePainVolume_25 team=0 relative=(-269161.60, 192281.50, 50954.28)
2026-08-20 20:49:33.801 [ACTOR] index=228 actor=0x000001C404AE0000 root=0x000001C3EF0DE800 class=TogglePainVolume name=TogglePainVolume_26 team=0 relative=(-252820.40, 192281.50, 50954.28)
2026-08-20 20:49:33.801 [ACTOR] index=229 actor=0x000001C404AE3300 root=0x000001C3EEC75000 class=TogglePainVolume name=TogglePainVolume_27 team=0 relative=(-236433.90, 192281.50, 50954.30)
2026-08-20 20:49:33.801 [ACTOR] index=230 actor=0x000001C406941320 root=0x000001C3EEC7E800 class=TogglePainVolume name=TogglePainVolume_28 team=0 relative=(-220059.00, 192281.50, 50954.30)
2026-08-20 20:49:33.801 [ACTOR] index=231 actor=0x000001C406940000 root=0x000001C3ED7E2800 class=TogglePainVolume name=TogglePainVolume_29 team=0 relative=(-203687.50, 123059.80, 50954.30)
2026-08-20 20:49:33.801 [ACTOR] index=232 actor=0x000001C4056ED260 root=0x000001C3ED7E7000 class=TogglePainVolume name=TogglePainVolume_30 team=0 relative=(-282874.10, -222445.10, 50954.35)
2026-08-20 20:49:33.801 [ACTOR] index=233 actor=0x000001C4056E5FA0 root=0x000001C3ED7EE800 class=TogglePainVolume name=TogglePainVolume_31 team=0 relative=(-266505.50, -222445.10, 50954.35)
2026-08-20 20:49:33.801 [ACTOR] index=234 actor=0x000001C4056E5940 root=0x000001C397F7E000 class=TogglePainVolume name=TogglePainVolume_32 team=0 relative=(-250138.40, -222445.10, 50954.38)
2026-08-20 20:49:33.801 [ACTOR] index=235 actor=0x000001C4056E7920 root=0x000001C397F72800 class=TogglePainVolume name=TogglePainVolume_33 team=0 relative=(-233783.80, -222445.10, 50954.50)
2026-08-20 20:49:33.801 [ACTOR] index=236 actor=0x000001C404CF85E0 root=0x000001C3E586D800 class=TogglePainVolume name=TogglePainVolume_81 team=0 relative=(-217378.90, -222445.10, 50954.61)
2026-08-20 20:49:33.801 [ACTOR] index=237 actor=0x000001C403077210 root=0x000001C2BD86BE00 class=Note name=Note_8 team=0 relative=(-319378.40, 276200.80, 52962.69)
2026-08-20 20:49:33.801 [ACTOR] index=238 actor=0x000001C2B1828D70 root=0x000001C2BDC2D000 class=Note name=Note_11 team=0 relative=(-319378.40, 265041.20, 53831.05)
2026-08-20 20:49:33.801 [ACTOR] index=239 actor=0x000001C400BAC430 root=0x000001C2BD9C5C00 class=Note name=Note_485 team=0 relative=(-319378.40, 251744.70, 55320.54)
2026-08-20 20:49:33.801 [ACTOR] index=240 actor=0x000001C40779CD50 root=0x000001C2BD5F7600 class=Note name=Note_21 team=0 relative=(-319378.40, 239862.90, 55578.19)
2026-08-20 20:49:33.801 [ACTOR] index=241 actor=0x000001C407530920 root=0x000001C2BD5FAE00 class=Note name=Note_23 team=0 relative=(-319378.40, 222247.80, 55578.19)
2026-08-20 20:49:33.801 [ACTOR] index=242 actor=0x000001C407530DB0 root=0x000001C2BD5FD000 class=Note name=Note_230 team=0 relative=(-319378.40, 210298.00, 55578.21)
2026-08-20 20:49:33.801 [ACTOR] index=243 actor=0x000001C405EA0920 root=0x000001C2BDC51000 class=Note name=Note_25 team=0 relative=(-302308.40, 210298.00, 55578.21)
2026-08-20 20:49:33.801 [ACTOR] index=244 actor=0x000001C405EA3B50 root=0x000001C2BDC54000 class=Note name=Note_26 team=0 relative=(-302308.40, 222598.60, 55578.22)
2026-08-20 20:49:33.801 [ACTOR] index=245 actor=0x000001C404A42480 root=0x000001C2BDABAC00 class=Note name=Note_35 team=0 relative=(-302308.40, 234725.90, 55578.22)
2026-08-20 20:49:33.801 [ACTOR] index=246 actor=0x000001C404A456B0 root=0x000001C2BDABDC00 class=Note name=Note_36 team=0 relative=(-302308.40, 246545.60, 55578.12)
2026-08-20 20:49:33.801 [ACTOR] index=247 actor=0x000001C4043D8450 root=0x000001C2BD670C00 class=Note name=Note_37 team=0 relative=(-302308.40, 258196.60, 53599.48)
2026-08-20 20:49:33.801 [ACTOR] index=248 actor=0x000001C4043DAD60 root=0x000001C2BD671E00 class=Note name=Note_38 team=0 relative=(-302308.40, 270814.30, 52863.58)
2026-08-20 20:49:33.801 [ACTOR] index=249 actor=0x000001C407FC9B20 root=0x000001C2BD9CBE00 class=Note name=Note_519 team=0 relative=(-302308.40, 285176.90, 53633.03)
2026-08-20 20:49:33.801 [ACTOR] index=250 actor=0x000001C407FCAD60 root=0x000001C2BD9CE200 class=Note name=Note_524 team=0 relative=(-286479.60, 299658.00, 56168.71)
2026-08-20 20:49:33.801 [ACTOR] index=251 actor=0x000001C403D93B50 root=0x000001C2BD677E00 class=Note name=Note_41 team=0 relative=(-286479.60, 289135.10, 55555.27)
2026-08-20 20:49:33.801 [ACTOR] index=252 actor=0x000001C403D91B60 root=0x000001C2BD67A800 class=Note name=Note_42 team=0 relative=(-286479.60, 278187.30, 56168.69)
2026-08-20 20:49:33.801 [ACTOR] index=253 actor=0x000001C406AB56B0 root=0x000001C2BD9CEA00 class=Note name=Note_53 team=0 relative=(-286479.60, 268339.10, 56168.69)
2026-08-20 20:49:33.828 [INFO] Level 0x000001C3D99CFC00: Actors data=0x000001C36B811E40, count=85
2026-08-20 20:49:33.828 [INFO] Level 0x000001C2C0AFFC00: Actors data=0x000001C2D945B280, count=385
2026-08-20 20:49:33.830 [INFO] Level 0x000001C3F69CFC00: Actors data=0x000001C368F1DB00, count=281
2026-08-20 20:49:33.831 [INFO] Level 0x000001C3617E8C00: Actors data=0x000001C2D96AE880, count=3
2026-08-20 20:49:33.831 [INFO] Level 0x000001C40A3E9A00: Actors data=0x000001C36B4CBE50, count=2
2026-08-20 20:49:33.831 [INFO] Level 0x000001C3C2DBB280: Actors data=0x000001C2C138CA80, count=44
2026-08-20 20:49:33.831 [INFO] Level 0x000001C2B17D4280: Actors data=0x000001C2D019CBA0, count=11
2026-08-20 20:49:33.832 [INFO] Level 0x000001C3A6F06900: Actors data=0x000001C2D96AE940, count=4
2026-08-20 20:49:33.832 [INFO] Level 0x000001C35D1C0E00: Actors data=0x000001C3FD237E00, count=4
2026-08-20 20:49:33.832 [INFO] Level 0x000001C2CC35A800: Actors data=0x000001C2B17D5E80, count=99
2026-08-20 20:49:33.832 [INFO] Level 0x000001C3667B3480: Actors data=0x000001C37A1A7000, count=437
2026-08-20 20:49:33.834 [INFO] Level 0x000001C36A945400: Actors data=0x000001C3CD43FAA0, count=17
2026-08-20 20:49:33.834 [INFO] Level 0x000001C3A3CB1C00: Actors data=0x000001C421466C80, count=53
2026-08-20 20:49:33.834 [INFO] Level 0x000001C2E8CD1C00: Actors data=0x000001C445647F80, count=73
2026-08-20 20:49:33.834 [INFO] Level 0x000001C45093A800: Actors data=0x000001C3EE66E000, count=468
2026-08-20 20:49:33.836 [INFO] Level 0x000001C3610AF500: Actors data=0x000001C2D0064500, count=7
2026-08-20 20:49:33.836 [INFO] Level 0x000001C3F6387380: Actors data=0x000001C445648C00, count=73
2026-08-20 20:49:33.837 [INFO] Level 0x000001C3F6381F80: Actors data=0x000001C3B4F75000, count=119
2026-08-20 20:49:33.838 [INFO] Level 0x000001C3EDA3F180: Actors data=0x000001C3F6B81A40, count=39
2026-08-20 20:49:33.838 [INFO] Level 0x000001C3D1DCD580: Actors data=0x000001C357F71F80, count=23
2026-08-20 20:49:33.838 [INFO] Traversal summary: levels=21 actorPointers=9250 roots=9235 locations=9235 logged=250 rejectedReads=46
2026-08-20 20:49:33.859 [INFO] Player skeleton mapped from the live skeletal mesh (94 bones).
2026-08-20 20:49:33.930 [INFO] Tracker snapshot: dinos=21 structures=5130 players=3 turrets=853 localPlayer=True localTeam=1441134301 camera=True fov=112.5 movement=False cameraPos=(-252659.00, -327704.30, 100833.30) cameraRot=(10.88, -16.00, 0.00) rejectedReads=0
2026-08-20 20:49:33.930 [INFO] PLAYER actor=0x000001C3CE274920 root=0x000001C3E262A800 name=DarknesS. tribe=Evil Empire team=1441134301 pos=(-252468.00, -326472.00, 100732.00)
2026-08-20 20:49:33.930 [INFO] PLAYER actor=0x000001C3D380DB60 root=0x000001C3D9739800 name=Pyatachek tribe=Evil Empire team=1441134301 pos=(-253113.00, -326867.00, 100777.00)
2026-08-20 20:49:33.931 [INFO] PLAYER actor=0x000001C3E7A59240 root=0x000001C445CFE800 name=Massonskiy Voin tribe=Evil Empire team=1441134301 pos=(-252432.80, -327358.80, 100774.80)
2026-08-20 20:49:33.931 [INFO] TRACK kind=Structure class=BP_DedicatedStorageSP_C name=S+ Dedicated Storage level=0 team=1441134301 pos=(-253910.10, -327590.70, 100858.60) weapon= bones=0
2026-08-20 20:49:33.931 [INFO] TRACK kind=Structure class=BP_DedicatedStorageSP_C name=S+ Dedicated Storage level=0 team=1441134301 pos=(-253551.50, -327899.70, 100943.60) weapon= bones=0
2026-08-20 20:49:33.931 [INFO] TRACK kind=Structure class=BP_DedicatedStorageSP_C name=S+ Dedicated Storage level=0 team=1441134301 pos=(-253756.80, -327847.90, 100858.60) weapon= bones=0
2026-08-20 20:49:33.931 [INFO] TRACK kind=Structure class=BP_DedicatedStorageSP_C name=S+ Dedicated Storage level=0 team=1441134301 pos=(-253680.10, -327976.40, 100858.60) weapon= bones=0
2026-08-20 20:49:33.931 [INFO] TRACK kind=Structure class=BP_DedicatedStorageSP_C name=S+ Dedicated Storage level=0 team=1441134301 pos=(-253756.80, -327847.90, 100688.60) weapon= bones=0
2026-08-20 20:49:33.931 [INFO] TRACK kind=Structure class=BP_DedicatedStorageSP_C name=S+ Dedicated Storage level=0 team=1441134301 pos=(-253756.80, -327847.90, 100773.60) weapon= bones=0
2026-08-20 20:49:33.931 [INFO] TRACK kind=Structure class=BP_Propagator_C name=S+ Propagator level=0 team=1441134301 pos=(-252053.00, -326913.70, 99584.60) weapon= bones=0
2026-08-20 20:49:33.931 [INFO] TRACK kind=Structure class=SupplyCrate_Level50_Aberrant_Surface_C name=Supply Crate level=0 team=0 pos=(140346.00, -240693.10, 58063.79) weapon= bones=0
2026-08-20 20:49:33.931 [INFO] TRACK kind=Structure class=SupplyCrate_Level35_Aberrant_Surface_C name=Supply Crate level=0 team=0 pos=(-250040.40, 217668.20, 55030.79) weapon= bones=0
2026-08-20 20:49:33.931 [INFO] TRACK kind=Structure class=SupplyCrate_Level35_Aberrant_Surface_C name=Supply Crate level=0 team=0 pos=(-305608.70, 199094.90, 54972.07) weapon= bones=0
2026-08-20 20:49:33.931 [INFO] TRACK kind=Structure class=SupplyCrate_Level65_Aberrant_Surface_C name=Supply Crate level=0 team=0 pos=(-235573.00, 221472.00, 57437.72) weapon= bones=0
2026-08-20 20:49:33.931 [INFO] TRACK kind=Dino class=RockGolem_Character_BP_C name=Rock Elemental level=538 team=1441134301 pos=(-251397.00, -312992.00, 99000.00) weapon= bones=0
2026-08-20 20:49:33.931 [INFO] TRACK kind=Dino class=Stego_Character_BP_Aberrant_C name=Aberrant Stegosaurus level=486 team=1395319016 pos=(-244637.00, -316585.00, 97314.00) weapon= bones=0
2026-08-20 20:49:33.931 [INFO] TRACK kind=Dino class=BionicStego_Character_BP_C name=Tek Stegosaurus level=466 team=1395319016 pos=(-243604.00, -315728.00, 98651.00) weapon= bones=0
2026-08-20 20:49:33.931 [INFO] TRACK kind=Dino class=RockGolem_Character_BP_C name=Rock Elemental level=538 team=1441134301 pos=(-251717.00, -314198.00, 98907.00) weapon= bones=0
2026-08-20 20:49:33.931 [INFO] TRACK kind=Dino class=Gacha_Character_BP_C name=ELE · Gacha level=373 team=1441134301 pos=(-250378.80, -326079.50, 101478.70) weapon= bones=0
2026-08-20 20:49:33.931 [INFO] TRACK kind=Dino class=LionfishLion_Character_BP_C name=Shadowmane level=565 team=1441134301 pos=(-250963.00, -326345.10, 99903.80) weapon= bones=0
2026-08-20 20:49:33.931 [INFO] TRACK kind=Dino class=Desmodus_Character_BP_C name=Desmodus level=438 team=2000000000 pos=(-252402.00, -321550.00, 102691.00) weapon= bones=0
2026-08-20 20:49:33.931 [INFO] TRACK kind=Dino class=Gacha_Character_BP_C name=POLY · Gacha level=301 team=1441134301 pos=(-251098.60, -326572.40, 101478.70) weapon= bones=0
2026-08-20 20:49:33.931 [INFO] TRACK kind=Dino class=Gacha_Character_BP_C name=POLY · Gacha level=301 team=1441134301 pos=(-252188.80, -326413.10, 101479.70) weapon= bones=0
2026-08-20 20:49:33.931 [INFO] TRACK kind=Dino class=LionfishLion_Character_BP_C name=Shadowmane level=535 team=1441134301 pos=(-251263.80, -325997.60, 99903.80) weapon= bones=0
2026-08-20 20:49:33.931 [INFO] TRACK kind=Player class=PlayerPawnTest_Female_C name=DarknesS. level=0 team=1441134301 pos=(-252468.00, -326472.00, 100732.00) weapon=Fists Female bones=17
2026-08-20 20:49:33.931 [INFO] TRACK kind=Dino class=Desmodus_Character_BP_C name=Desmodus level=532 team=1441134301 pos=(-251472.00, -327571.00, 100837.00) weapon= bones=0
2026-08-20 20:49:33.931 [INFO] TRACK kind=Player class=PlayerPawnTest_Female_C name=Pyatachek level=0 team=1441134301 pos=(-253113.00, -326867.00, 100777.00) weapon=Fists Female bones=17
2026-08-20 20:49:33.931 [INFO] TRACK kind=Dino class=RockGolem_Character_BP_C name=Rock Elemental level=538 team=1441134301 pos=(-253050.60, -322347.70, 97151.20) weapon= bones=0
2026-08-20 20:49:33.931 [INFO] TRACK kind=Dino class=BionicPara_Character_BP_C name=Pidort alarm 2.0 · Tek Parasaur level=433 team=1441134301 pos=(-251821.90, -327854.20, 99746.70) weapon= bones=0
2026-08-20 20:49:33.931 [INFO] TRACK kind=Dino class=RockGolem_Character_BP_C name=Rock Elemental level=536 team=1441134301 pos=(-255965.00, -315817.00, 91053.00) weapon= bones=0
2026-08-20 20:49:33.931 [INFO] TRACK kind=Dino class=BionicStego_Character_BP_C name=Tek Stegosaurus level=506 team=1245376700 pos=(-247527.00, -325178.00, 94531.00) weapon= bones=0
2026-08-20 20:49:33.931 [INFO] TRACK kind=Dino class=Snow_Otter_Character_BP_C name=X-Otter level=342 team=1441134301 pos=(-250850.40, -325064.10, 94313.40) weapon= bones=0
2026-08-20 20:49:33.931 [INFO] TRACK kind=Dino class=Spindles_Character_BP_C name=Velonasaur level=652 team=1441134301 pos=(-252120.00, -323514.90, 94752.60) weapon= bones=0
2026-08-20 20:49:33.931 [INFO] TRACK kind=Dino class=Snow_Otter_Character_BP_C name=X-Otter level=374 team=1441134301 pos=(-251348.00, -321633.00, 94564.00) weapon= bones=0
2026-08-20 20:49:33.931 [INFO] TRACK kind=Dino class=Otter_Character_BP_Aberrant_C name=Aberrant Otter level=252 team=1441134301 pos=(-251345.80, -324521.00, 93897.50) weapon= bones=0
2026-08-20 20:49:33.931 [INFO] TRACK kind=Dino class=BionicStego_Character_BP_C name=Tek Stegosaurus level=430 team=1395319016 pos=(-249895.00, -322489.00, 87911.00) weapon= bones=0
2026-08-20 20:49:33.931 [INFO] TRACK kind=Dino class=Stego_Character_BP_Aberrant_C name=Aberrant Stegosaurus level=494 team=1395319016 pos=(-249745.00, -318815.00, 81458.00) weapon= bones=0
2026-08-20 20:49:33.931 [INFO] TRACK kind=Structure class=BP_TekStorage_C name=S+ Tek Storage level=0 team=1441134301 pos=(-250929.30, -326967.40, 100858.60) weapon= bones=0
2026-08-20 20:49:33.931 [INFO] TRACK kind=Structure class=BP_DoubleDoorframe_MetalSP_C name=S+ Metal Double Doorframe level=0 team=1441134301 pos=(-250958.70, -327064.00, 100863.50) weapon= bones=0
2026-08-20 20:49:33.931 [INFO] TRACK kind=Structure class=BP_DoubleDoorframe_MetalSP_C name=S+ Metal Double Doorframe level=0 team=1441134301 pos=(-250958.70, -327064.00, 100679.50) weapon= bones=0
2026-08-20 20:49:33.931 [INFO] TRACK kind=Structure class=BP_TekStorage_C name=S+ Tek Storage level=0 team=1441134301 pos=(-250850.10, -327094.40, 100603.60) weapon= bones=0
2026-08-20 20:49:33.931 [INFO] TRACK kind=Structure class=Structure_TrainingDummy_C name=Training Dummy level=0 team=1441134301 pos=(-250906.20, -327006.20, 100688.60) weapon= bones=0
2026-08-20 20:49:33.931 [INFO] TRACK kind=Structure class=BP_ItemAggregator_C name=S+ Item Aggregator level=0 team=1441134301 pos=(-250947.90, -327059.00, 100146.60) weapon= bones=0
2026-08-20 20:49:33.931 [INFO] TRACK kind=Structure class=BP_TekStorage_C name=S+ Tek Storage level=0 team=1441134301 pos=(-250770.80, -327221.40, 100603.60) weapon= bones=0
2026-08-20 20:49:33.931 [INFO] TRACK kind=Structure class=BP_TekStorage_C name=S+ Tek Storage level=0 team=1441134301 pos=(-250897.80, -327300.70, 100603.60) weapon= bones=0
2026-08-20 20:49:33.931 [INFO] TRACK kind=Structure class=Ceiling_Tek_C name=Tek Ceiling level=0 team=1441134301 pos=(-250971.00, -327609.80, 100683.50) weapon= bones=0
2026-08-20 20:49:33.931 [INFO] TRACK kind=Structure class=BP_XLHatchframe_Metal_C name=S+ Behemoth Metal Hatchframe level=0 team=1441134301 pos=(-252574.10, -327026.70, 102523.50) weapon= bones=0
2026-08-20 20:49:33.931 [INFO] TRACK kind=Structure class=AF_AutoTurretTek_C name=AF Tek Turret level=0 team=1441134301 pos=(-252743.10, -326432.30, 102537.20) weapon= bones=0
2026-08-20 20:49:33.931 [INFO] TRACK kind=Structure class=BP_AutoTurret_Heavy_AF_C name=AF Heavy Auto Turret level=0 team=1441134301 pos=(-253836.90, -327115.90, 102537.20) weapon= bones=0
2026-08-20 20:49:33.931 [INFO] TRACK kind=Structure class=BP_XLHatchframe_Metal_C name=S+ Behemoth Metal Hatchframe level=0 team=1441134301 pos=(-254227.40, -326643.80, 102523.50) weapon= bones=0
2026-08-20 20:49:33.931 [INFO] TRACK kind=Structure class=BP_XLHatchframe_Metal_C name=S+ Behemoth Metal Hatchframe level=0 team=1441134301 pos=(-253209.30, -326008.60, 102523.50) weapon= bones=0
2026-08-20 20:49:33.931 [INFO] TRACK kind=Structure class=BP_DoubleDoorframe_large_Tek_C name=Large Tek Double Doorframe level=0 team=1441134301 pos=(-253269.50, -326762.30, 102519.50) weapon= bones=0
2026-08-20 20:49:33.931 [INFO] TRACK kind=Structure class=BP_GeneratorTek_C name=S+ Tek Generator level=0 team=1441134301 pos=(-251734.10, -327167.20, 102537.20) weapon= bones=0
2026-08-20 20:49:33.931 [INFO] TRACK kind=Structure class=BP_AutoTurret_Heavy_AF_C name=AF Heavy Auto Turret level=0 team=1441134301 pos=(-252259.10, -327476.60, 102537.20) weapon= bones=0
2026-08-20 20:49:33.931 [INFO] TRACK kind=Structure class=BP_XLHatchframe_Metal_C name=S+ Behemoth Metal Hatchframe level=0 team=1441134301 pos=(-251938.90, -328044.90, 102523.50) weapon= bones=0
2026-08-20 20:49:33.931 [INFO] TRACK kind=Structure class=BP_DoubleDoorframe_large_Metal_C name=AF Large Metal Double Doorframe level=0 team=1441134301 pos=(-252634.30, -327780.40, 102519.50) weapon= bones=0
2026-08-20 20:49:33.931 [INFO] TRACK kind=Structure class=BP_XLHatchframe_Metal_C name=S+ Behemoth Metal Hatchframe level=0 team=1441134301 pos=(-253592.20, -327661.90, 102523.50) weapon= bones=0
2026-08-20 20:49:33.931 [INFO] TRACK kind=Structure class=AF_AutoTurretTek_C name=AF Tek Turret level=0 team=1441134301 pos=(-253218.20, -328181.70, 102537.20) weapon= bones=0
2026-08-20 20:49:33.931 [INFO] TRACK kind=Structure class=BP_XLHatchframe_Metal_C name=S+ Behemoth Metal Hatchframe level=0 team=1441134301 pos=(-252957.00, -328680.00, 102523.50) weapon= bones=0
2026-08-20 20:49:33.931 [INFO] TRACK kind=Structure class=BP_LargeHatchframe_Tek_C name=S+ Large Tek Hatchframe level=0 team=1441134301 pos=(-251462.60, -325975.00, 101051.50) weapon= bones=0
2026-08-20 20:49:33.931 [INFO] TRACK kind=Structure class=BP_GachaGavager_C name=S+ Gacha Gavager level=0 team=1441134301 pos=(-251098.60, -326572.40, 101056.60) weapon= bones=0
2026-08-20 20:49:33.931 [INFO] TRACK kind=Structure class=BP_TekStorage_C name=S+ Tek Storage level=0 team=1441134301 pos=(-251075.20, -326610.90, 100858.60) weapon= bones=0
2026-08-20 20:49:33.931 [INFO] TRACK kind=Structure class=Ceiling_Tek_C name=Tek Ceiling level=0 team=1441134301 pos=(-251350.90, -326435.30, 101051.50) weapon= bones=0
2026-08-20 20:49:33.931 [INFO] TRACK kind=Structure class=BP_TekStorage_C name=S+ Tek Storage level=0 team=1441134301 pos=(-251325.50, -326332.40, 100858.60) weapon= bones=0
2026-08-20 20:49:33.931 [INFO] TRACK kind=Structure class=BP_TekStorage_C name=S+ Tek Storage level=0 team=1441134301 pos=(-251452.50, -326411.70, 100858.60) weapon= bones=0
2026-08-20 20:49:33.931 [INFO] TRACK kind=Structure class=BP_TekStorage_C name=S+ Tek Storage level=0 team=1441134301 pos=(-251579.50, -326490.90, 100858.60) weapon= bones=0
2026-08-20 20:49:33.931 [INFO] TRACK kind=Structure class=BP_TekStorage_C name=S+ Tek Storage level=0 team=1441134301 pos=(-251706.50, -326570.20, 100858.60) weapon= bones=0
2026-08-20 20:49:33.931 [INFO] TRACK kind=Structure class=BP_DoubleDoorframe_MetalSP_C name=S+ Metal Double Doorframe level=0 team=1441134301 pos=(-251426.10, -326314.70, 100863.50) weapon= bones=0
2026-08-20 20:49:33.931 [INFO] TRACK kind=Structure class=Ceiling_Tek_C name=Tek Ceiling level=0 team=1441134301 pos=(-251604.90, -326593.80, 101051.50) weapon= bones=0
2026-08-20 20:49:33.931 [INFO] TRACK kind=Structure class=BP_TekStorage_C name=S+ Tek Storage level=0 team=1441134301 pos=(-251056.30, -327046.70, 100858.60) weapon= bones=0
2026-08-20 20:49:33.931 [INFO] TRACK kind=Structure class=Ceiling_Tek_C name=Tek Ceiling level=0 team=1441134301 pos=(-251033.90, -326943.30, 101051.50) weapon= bones=0
2026-08-20 20:49:33.931 [INFO] TRACK kind=Structure class=Ceiling_Tek_C name=Tek Ceiling level=0 team=1441134301 pos=(-251446.40, -326847.80, 101051.50) weapon= bones=0
2026-08-20 20:49:33.931 [INFO] TRACK kind=Structure class=BP_TekStorage_C name=S+ Tek Storage level=0 team=1441134301 pos=(-251573.80, -326921.00, 100858.60) weapon= bones=0
2026-08-20 20:49:33.931 [INFO] TRACK kind=Structure class=BP_TekStorage_C name=S+ Tek Storage level=0 team=1441134301 pos=(-251324.00, -326763.30, 100858.60) weapon= bones=0
2026-08-20 20:49:33.931 [INFO] TRACK kind=Structure class=BP_TekStorage_C name=S+ Tek Storage level=0 team=1441134301 pos=(-251183.30, -327125.90, 100858.60) weapon= bones=0
2026-08-20 20:49:33.931 [INFO] TRACK kind=Structure class=Ceiling_Tek_C name=Tek Ceiling level=0 team=1441134301 pos=(-251192.40, -326689.30, 101051.50) weapon= bones=0
2026-08-20 20:49:33.931 [INFO] TRACK kind=Structure class=Ceiling_Tek_C name=Tek Ceiling level=0 team=1441134301 pos=(-251700.50, -327006.30, 101051.50) weapon= bones=0
2026-08-20 20:49:33.931 [INFO] TRACK kind=Structure class=Ceiling_Tek_C name=Tek Ceiling level=0 team=1441134301 pos=(-251287.50, -327101.50, 101051.50) weapon= bones=0
2026-08-20 20:49:33.931 [INFO] TRACK kind=Structure class=Sign_PaintingCanvas_C name=Painting Canvas level=0 team=1441134301 pos=(-252107.40, -326129.10, 100848.90) weapon= bones=0
2026-08-20 20:49:33.931 [INFO] TRACK kind=Structure class=BP_GachaGavager_C name=S+ Gacha Gavager level=0 team=1441134301 pos=(-252235.10, -326413.10, 101057.50) weapon= bones=0
2026-08-20 20:49:33.931 [INFO] TRACK kind=Structure class=BP_LargeHatchframe_Tek_C name=S+ Large Tek Hatchframe level=0 team=1441134301 pos=(-251971.70, -326292.60, 101051.50) weapon= bones=0
2026-08-20 20:49:33.931 [INFO] TRACK kind=Structure class=Sign_PaintingCanvas_C name=Painting Canvas level=0 team=1441134301 pos=(-251998.00, -326061.40, 100845.50) weapon= bones=0
2026-08-20 20:49:33.931 [INFO] TRACK kind=Structure class=BP_LargeHatchframe_Tek_C name=S+ Large Tek Hatchframe level=0 team=1441134301 pos=(-252480.70, -326610.20, 101051.50) weapon= bones=0
2026-08-20 20:49:33.931 [INFO] TRACK kind=Structure class=BP_DoubleDoorframe_MetalSP_C name=S+ Metal Double Doorframe level=0 team=1441134301 pos=(-251934.20, -326631.70, 100863.50) weapon= bones=0
2026-08-20 20:49:33.931 [INFO] TRACK kind=Structure class=BP_TekStorage_C name=S+ Tek Storage level=0 team=1441134301 pos=(-252341.60, -326966.40, 100858.60) weapon= bones=0
2026-08-20 20:49:33.931 [INFO] TRACK kind=Structure class=BP_TekStorage_C name=S+ Tek Storage level=0 team=1441134301 pos=(-251835.60, -327078.50, 100858.60) weapon= bones=0
2026-08-20 20:49:33.931 [INFO] TRACK kind=Structure class=BP_TekStorage_C name=S+ Tek Storage level=0 team=1441134301 pos=(-251833.50, -326649.40, 100858.60) weapon= bones=0
2026-08-20 20:49:33.931 [INFO] TRACK kind=Structure class=BP_TekStorage_C name=S+ Tek Storage level=0 team=1441134301 pos=(-251960.50, -326728.70, 100858.60) weapon= bones=0
2026-08-20 20:49:33.931 [INFO] TRACK kind=Structure class=BP_TekStorage_C name=S+ Tek Storage level=0 team=1441134301 pos=(-252087.60, -326807.90, 100858.60) weapon= bones=0
2026-08-20 20:49:33.931 [INFO] TRACK kind=Structure class=BP_TekStorage_C name=S+ Tek Storage level=0 team=1441134301 pos=(-252214.60, -326887.20, 100858.60) weapon= bones=0
2026-08-20 20:49:33.931 [INFO] TRACK kind=Structure class=BP_TransmitterPlus_C name=S+ Tek Transmitter level=0 team=1441134301 pos=(-251789.60, -327087.50, 101056.60) weapon= bones=0
2026-08-20 20:49:33.931 [INFO] TRACK kind=Structure class=Ceiling_Tek_C name=Tek Ceiling level=0 team=1441134301 pos=(-252367.00, -327069.30, 101051.50) weapon= bones=0
2026-08-20 20:49:33.931 [INFO] TRACK kind=Structure class=Ceiling_Tek_C name=Tek Ceiling level=0 team=1441134301 pos=(-252113.00, -326910.80, 101051.50) weapon= bones=0
2026-08-20 20:49:33.931 [INFO] TRACK kind=Structure class=Ceiling_Tek_C name=Tek Ceiling level=0 team=1441134301 pos=(-251858.90, -326752.30, 101051.50) weapon= bones=0
2026-08-20 20:49:33.931 [INFO] TRACK kind=Structure class=TekBed_C name=Tek Sleeping Pod level=0 team=1441134301 pos=(-252399.70, -327077.00, 101056.60) weapon= bones=0
2026-08-20 20:49:33.931 [INFO] TRACK kind=Structure class=BP_TekStorage_C name=S+ Tek Storage level=0 team=1441134301 pos=(-252468.60, -327045.70, 100858.60) weapon= bones=0
2026-08-20 20:49:33.931 [INFO] TRACK kind=Structure class=BP_TekStorage_C name=S+ Tek Storage level=0 team=1441134301 pos=(-252595.60, -327124.90, 100858.60) weapon= bones=0
2026-08-20 20:49:33.931 [INFO] TRACK kind=Structure class=BP_DoubleDoorframe_MetalSP_C name=S+ Metal Double Doorframe level=0 team=1441134301 pos=(-252442.30, -326948.70, 100863.50) weapon= bones=0
2026-08-20 20:49:33.931 [INFO] TRACK kind=Structure class=BP_CrystalCracker_C name=S+ Crystal Cracker level=0 team=1441134301 pos=(-251661.20, -325831.00, 100688.60) weapon= bones=0
2026-08-20 20:49:33.931 [INFO] TRACK kind=Structure class=Ceiling_Tek_C name=Tek Ceiling level=0 team=1441134301 pos=(-251667.80, -325927.30, 100683.50) weapon= bones=0
2026-08-20 20:49:33.931 [INFO] TRACK kind=Structure class=BP_CrystalCracker_C name=S+ Crystal Cracker level=0 team=1441134301 pos=(-251886.80, -325963.70, 100688.60) weapon= bones=0
2026-08-20 20:49:33.931 [INFO] TRACK kind=Structure class=BP_CrystalCracker_C name=S+ Crystal Cracker level=0 team=1441134301 pos=(-251781.40, -325899.30, 100688.60) weapon= bones=0
2026-08-20 20:49:33.931 [INFO] TRACK kind=Structure class=Structure_TrainingDummy_C name=Training Dummy level=0 team=1441134301 pos=(-251073.50, -326613.20, 100688.60) weapon= bones=0
2026-08-20 20:52:47.531 [INFO] ARK Tracker read-only diagnostic MVP
2026-08-20 20:52:47.531 [INFO] Target: ARK: Survival Evolved / ShooterGame.exe / UE4 / x64
2026-08-20 20:52:47.531 [INFO] Access mask: PROCESS_QUERY_INFORMATION | PROCESS_VM_READ (0x0410). No write/injection APIs are used.
2026-08-20 20:52:47.533 [INFO] Security context: elevated=False SeDebugPrivilege=unavailable (Win32 error 1300)
2026-08-20 20:52:47.550 [INFO] Process: name=ShooterGame.exe pid=16336 parentPid=15052 threads=124
2026-08-20 20:52:47.551 [INFO] Read-only process handle opened successfully.
2026-08-20 20:52:47.554 [INFO] Module: XINPUT1_3.dll base=0x0000000000400000 size=0x1E000 path=C:\WINDOWS\SYSTEM32\XINPUT1_3.dll
2026-08-20 20:52:47.554 [INFO] Module: steam_api64.dll base=0x000000005C5B0000 size=0x37000 path=C:\Program Files (x86)\Steam\steamapps\common\ARK\Engine\Binaries\ThirdParty\Steamworks\Steamv132\Win64\steam_api64.dll
2026-08-20 20:52:47.555 [INFO] Module: X3DAudio1_7.dll base=0x000000005C5F0000 size=0x9000 path=C:\WINDOWS\SYSTEM32\X3DAudio1_7.dll
2026-08-20 20:52:47.555 [INFO] Module: ShooterGame.exe base=0x00007FF673E80000 size=0x4DAB000 path=C:\Program Files (x86)\Steam\steamapps\common\ARK\ShooterGame\Binaries\Win64\ShooterGame.exe
2026-08-20 20:52:47.555 [INFO] Module: vivoxsdk.dll base=0x00007FFDB4B80000 size=0xC4A000 path=C:\Program Files (x86)\Steam\steamapps\common\ARK\Engine\Binaries\ThirdParty\VivoxCoreLibrary\Windows\Win64\vivoxsdk.dll
2026-08-20 20:52:47.555 [INFO] Module: wmvdecod.dll base=0x00007FFDB57D0000 size=0x2A7000 path=C:\Windows\System32\wmvdecod.dll
2026-08-20 20:52:47.555 [INFO] Module: mfasfsrcsnk.dll base=0x00007FFDB91C0000 size=0x184000 path=C:\WINDOWS\System32\mfasfsrcsnk.dll
2026-08-20 20:52:47.555 [INFO] Module: APEX_Legacy_x64.dll base=0x00007FFDB9350000 size=0x36F000 path=C:\Program Files (x86)\Steam\steamapps\common\ARK\Engine\Binaries\ThirdParty\PhysX\PhysX-3.4\Win64\VS2013\APEX_Legacy_x64.dll
2026-08-20 20:52:47.555 [INFO] Module: NvCamera64.dll base=0x00007FFDB9750000 size=0x883000 path=C:\WINDOWS\System32\DriverStore\FileRepository\nvrfi.inf_amd64_87b4cb6242e17d7d\NvCamera\NvCamera64.dll
2026-08-20 20:52:47.555 [INFO] Module: APEX_Destructible_x64.dll base=0x00007FFDBA490000 size=0x244000 path=C:\Program Files (x86)\Steam\steamapps\common\ARK\Engine\Binaries\ThirdParty\PhysX\PhysX-3.4\Win64\VS2013\APEX_Destructible_x64.dll
2026-08-20 20:52:47.555 [INFO] Module: PhysX3_x64.dll base=0x00007FFDC0980000 size=0x2B1000 path=C:\Program Files (x86)\Steam\steamapps\common\ARK\Engine\Binaries\ThirdParty\PhysX\PhysX-3.4\Win64\VS2013\PhysX3_x64.dll
2026-08-20 20:52:47.555 [INFO] Module: PhysX3Common_x64.dll base=0x00007FFDC0C40000 size=0x1E4000 path=C:\Program Files (x86)\Steam\steamapps\common\ARK\Engine\Binaries\ThirdParty\PhysX\PhysX-3.4\Win64\VS2013\PhysX3Common_x64.dll
2026-08-20 20:52:47.555 [INFO] Module: d3dcompiler_47_64.dll base=0x00007FFDC28B0000 size=0x48D000 path=C:\WINDOWS\System32\DriverStore\FileRepository\nvrfi.inf_amd64_87b4cb6242e17d7d\NvCamera\d3dcompiler_47_64.dll
2026-08-20 20:52:47.555 [INFO] Module: libprotobuf.dll base=0x00007FFDC2D50000 size=0x276000 path=C:\Program Files (x86)\Steam\steamapps\common\ARK\ShooterGame\Binaries\Win64\libprotobuf.dll
2026-08-20 20:52:47.555 [INFO] Module: APEXFramework_x64.dll base=0x00007FFDC3AF0000 size=0x12D000 path=C:\Program Files (x86)\Steam\steamapps\common\ARK\Engine\Binaries\ThirdParty\PhysX\PhysX-3.4\Win64\VS2013\APEXFramework_x64.dll
2026-08-20 20:52:47.555 [INFO] Module: gameoverlayrenderer64.dll base=0x00007FFDC3C20000 size=0x1B7000 path=C:\Program Files (x86)\Steam\gameoverlayrenderer64.dll
2026-08-20 20:52:47.555 [INFO] Module: libvorbis_64.dll base=0x00007FFDC4F30000 size=0x1A5000 path=C:\Program Files (x86)\Steam\steamapps\common\ARK\Engine\Binaries\ThirdParty\Vorbis\Win64\VS2013\libvorbis_64.dll
2026-08-20 20:52:47.555 [INFO] Module: nvppex.dll base=0x00007FFDCE730000 size=0x727000 path=C:\WINDOWS\System32\DriverStore\FileRepository\nvrfi.inf_amd64_87b4cb6242e17d7d\nvppex.dll
2026-08-20 20:52:47.555 [INFO] Module: nvspcap64.dll base=0x00007FFDCF300000 size=0x164000 path=C:\WINDOWS\system32\nvspcap64.dll
2026-08-20 20:52:47.555 [INFO] Module: mfperfhelper.dll base=0x00007FFDFBBD0000 size=0x130000 path=C:\Windows\System32\mfperfhelper.dll
2026-08-20 20:52:47.555 [INFO] Module: d3d9.dll base=0x00007FFDFBF80000 size=0x1B2000 path=C:\WINDOWS\SYSTEM32\d3d9.dll
2026-08-20 20:52:47.555 [INFO] Module: steamclient64.dll base=0x00007FFDFCE60000 size=0x1964000 path=C:\Program Files (x86)\Steam\steamclient64.dll
2026-08-20 20:52:47.555 [INFO] Module: ResampleDmo.DLL base=0x00007FFE0EDF0000 size=0xB7000 path=C:\WINDOWS\SYSTEM32\ResampleDmo.DLL
2026-08-20 20:52:47.555 [INFO] Module: OPENGL32.dll base=0x00007FFE0F4D0000 size=0x10C000 path=C:\WINDOWS\SYSTEM32\OPENGL32.dll
2026-08-20 20:52:47.555 [INFO] Module: tier0_s64.dll base=0x00007FFE104F0000 size=0x30E000 path=C:\Program Files (x86)\Steam\tier0_s64.dll
2026-08-20 20:52:47.555 [INFO] Module: ncryptsslp.dll base=0x00007FFE157D0000 size=0x48000 path=C:\WINDOWS\system32\ncryptsslp.dll
2026-08-20 20:52:47.555 [INFO] Module: explorerframe.dll base=0x00007FFE39390000 size=0x311000 path=C:\WINDOWS\system32\explorerframe.dll
2026-08-20 20:52:47.555 [INFO] Module: mfplay.dll base=0x00007FFE3B3E0000 size=0x88000 path=C:\WINDOWS\SYSTEM32\mfplay.dll
2026-08-20 20:52:47.555 [INFO] Module: dataexchange.dll base=0x00007FFE3B5B0000 size=0x5C000 path=C:\WINDOWS\system32\dataexchange.dll
2026-08-20 20:52:47.555 [INFO] Module: Windows.Media.dll base=0x00007FFE3C570000 size=0x69B000 path=C:\Windows\System32\Windows.Media.dll
2026-08-20 20:52:47.555 [INFO] Module: graphics-hook64.dll base=0x00007FFE3D010000 size=0x4E000 path=C:\ProgramData\obs-studio-hook\graphics-hook64.dll
2026-08-20 20:52:47.555 [INFO] Module: XAudio2_7.dll base=0x00007FFE3D060000 size=0x8B000 path=C:\WINDOWS\SYSTEM32\XAudio2_7.dll
2026-08-20 20:52:47.555 [INFO] Module: DSOUND.dll base=0x00007FFE3D230000 size=0x94000 path=C:\WINDOWS\SYSTEM32\DSOUND.dll
2026-08-20 20:52:47.555 [INFO] Module: GameNetworkingSockets.dll base=0x00007FFE41440000 size=0x71000 path=C:\Program Files (x86)\Steam\steamapps\common\ARK\ShooterGame\Binaries\Win64\GameNetworkingSockets.dll
2026-08-20 20:52:47.555 [INFO] Module: DINPUT8.dll base=0x00007FFE41CA0000 size=0x4B000 path=C:\WINDOWS\SYSTEM32\DINPUT8.dll
2026-08-20 20:52:47.555 [INFO] Module: inputhost.dll base=0x00007FFE42DE0000 size=0x1E3000 path=C:\WINDOWS\SYSTEM32\inputhost.dll
2026-08-20 20:52:47.555 [INFO] Module: textinputframework.dll base=0x00007FFE43100000 size=0x146000 path=C:\WINDOWS\SYSTEM32\textinputframework.dll
2026-08-20 20:52:47.555 [INFO] Module: Windows.UI.dll base=0x00007FFE445D0000 size=0x159000 path=C:\Windows\System32\Windows.UI.dll
2026-08-20 20:52:47.555 [INFO] Module: winmmbase.dll base=0x00007FFE4A6B0000 size=0x37000 path=C:\WINDOWS\SYSTEM32\winmmbase.dll
2026-08-20 20:52:47.555 [INFO] Module: vstdlib_s64.dll base=0x00007FFE4A860000 size=0xC3000 path=C:\Program Files (x86)\Steam\vstdlib_s64.dll
2026-08-20 20:52:47.555 [INFO] Module: crashhandler64.dll base=0x00007FFE4A930000 size=0x1B0000 path=C:\Program Files (x86)\Steam\crashhandler64.dll
2026-08-20 20:52:47.555 [INFO] Module: AUDIOSES.DLL base=0x00007FFE4AC90000 size=0x1B7000 path=C:\WINDOWS\SYSTEM32\AUDIOSES.DLL
2026-08-20 20:52:47.555 [INFO] Module: Windows.ApplicationModel.dll base=0x00007FFE4B4F0000 size=0xD8000 path=C:\Windows\System32\Windows.ApplicationModel.dll
2026-08-20 20:52:47.555 [INFO] Module: dbgcore.DLL base=0x00007FFE4B870000 size=0x3B000 path=C:\WINDOWS\SYSTEM32\dbgcore.DLL
2026-08-20 20:52:47.555 [INFO] Module: MSVCP120.dll base=0x00007FFE4B9D0000 size=0xA6000 path=C:\Program Files (x86)\Steam\steamapps\common\ARK\ShooterGame\Binaries\Win64\MSVCP120.dll
2026-08-20 20:52:47.555 [INFO] Module: colorcnv.dll base=0x00007FFE4BAF0000 size=0x46000 path=C:\Windows\System32\colorcnv.dll
2026-08-20 20:52:47.555 [INFO] Module: MSVCR120.dll base=0x00007FFE4BB40000 size=0xEF000 path=C:\Program Files (x86)\Steam\steamapps\common\ARK\ShooterGame\Binaries\Win64\MSVCR120.dll
2026-08-20 20:52:47.555 [INFO] Module: PhysX3Cooking_x64.dll base=0x00007FFE4BD40000 size=0x4A000 path=C:\Program Files (x86)\Steam\steamapps\common\ARK\Engine\Binaries\ThirdParty\PhysX\PhysX-3.4\Win64\VS2013\PhysX3Cooking_x64.dll
2026-08-20 20:52:47.555 [INFO] Module: AcGenral.DLL base=0x00007FFE4BE50000 size=0x7D000 path=C:\WINDOWS\SYSTEM32\AcGenral.DLL
2026-08-20 20:52:47.555 [INFO] Module: Windows.StateRepositoryPS.dll base=0x00007FFE4C3A0000 size=0xC4000 path=C:\Windows\System32\Windows.StateRepositoryPS.dll
2026-08-20 20:52:47.555 [INFO] Module: GLU32.dll base=0x00007FFE4E110000 size=0x2D000 path=C:\WINDOWS\SYSTEM32\GLU32.dll
2026-08-20 20:52:47.555 [INFO] Module: mfplat.dll base=0x00007FFE4E800000 size=0x224000 path=C:\WINDOWS\SYSTEM32\mfplat.dll
2026-08-20 20:52:47.555 [INFO] Module: MFCORE.DLL base=0x00007FFE4EA30000 size=0x419000 path=C:\WINDOWS\SYSTEM32\MFCORE.DLL
2026-08-20 20:52:47.555 [INFO] Module: mf.dll base=0x00007FFE4EE50000 size=0x98000 path=C:\WINDOWS\SYSTEM32\mf.dll
2026-08-20 20:52:47.555 [INFO] Module: ondemandconnroutehelper.dll base=0x00007FFE4F580000 size=0x18000 path=C:\WINDOWS\SYSTEM32\ondemandconnroutehelper.dll
2026-08-20 20:52:47.555 [INFO] Module: windows.staterepositoryclient.dll base=0x00007FFE4F850000 size=0x44000 path=C:\WINDOWS\SYSTEM32\windows.staterepositoryclient.dll
2026-08-20 20:52:47.555 [INFO] Module: RTWorkQ.DLL base=0x00007FFE52D50000 size=0x3B000 path=C:\WINDOWS\SYSTEM32\RTWorkQ.DLL
2026-08-20 20:52:47.555 [INFO] Module: srvcli.dll base=0x00007FFE52F10000 size=0x29000 path=C:\WINDOWS\SYSTEM32\srvcli.dll
2026-08-20 20:52:47.555 [INFO] Module: SensApi.dll base=0x00007FFE53030000 size=0xB000 path=C:\WINDOWS\SYSTEM32\SensApi.dll
2026-08-20 20:52:47.555 [INFO] Module: PxFoundation_x64.dll base=0x00007FFE53040000 size=0x13000 path=C:\Program Files (x86)\Steam\steamapps\common\ARK\Engine\Binaries\ThirdParty\PhysX\PhysX-3.4\Win64\VS2013\PxFoundation_x64.dll
2026-08-20 20:52:47.555 [INFO] Module: XINPUT9_1_0.dll base=0x00007FFE53060000 size=0x9000 path=C:\WINDOWS\SYSTEM32\XINPUT9_1_0.dll
2026-08-20 20:52:47.555 [INFO] Module: iertutil.dll base=0x00007FFE53070000 size=0x2C4000 path=C:\WINDOWS\SYSTEM32\iertutil.dll
2026-08-20 20:52:47.555 [INFO] Module: urlmon.dll base=0x00007FFE533E0000 size=0x1DD000 path=C:\WINDOWS\SYSTEM32\urlmon.dll
2026-08-20 20:52:47.555 [INFO] Module: MPR.dll base=0x00007FFE535D0000 size=0x21000 path=C:\WINDOWS\SYSTEM32\MPR.dll
2026-08-20 20:52:47.555 [INFO] Module: WININET.dll base=0x00007FFE53F00000 size=0x295000 path=C:\WINDOWS\SYSTEM32\WININET.dll
2026-08-20 20:52:47.555 [INFO] Module: NvMessageBus.dll base=0x00007FFE54F50000 size=0x364000 path=C:\WINDOWS\System32\DriverStore\FileRepository\nvrfi.inf_amd64_87b4cb6242e17d7d\Display.NvContainer\NvMessageBus.dll
2026-08-20 20:52:47.555 [INFO] Module: nvwgf2umx.dll base=0x00007FFE552C0000 size=0x55A5000 path=C:\WINDOWS\System32\DriverStore\FileRepository\nvrfi.inf_amd64_87b4cb6242e17d7d\nvwgf2umx.dll
2026-08-20 20:52:47.555 [INFO] Module: nvapi64_impl.dll base=0x00007FFE5B270000 size=0x577000 path=C:\WINDOWS\system32\DriverStore\FileRepository\nvrfi.inf_amd64_87b4cb6242e17d7d\nvapi64_impl.dll
2026-08-20 20:52:47.555 [INFO] Module: nvapi64.dll base=0x00007FFE5B7F0000 size=0x89000 path=C:\WINDOWS\SYSTEM32\nvapi64.dll
2026-08-20 20:52:47.555 [INFO] Module: NvMemMapStoragex.dll base=0x00007FFE5B8D0000 size=0x13B000 path=C:\WINDOWS\System32\DriverStore\FileRepository\nvrfi.inf_amd64_87b4cb6242e17d7d\NvMemMapStoragex.dll
2026-08-20 20:52:47.555 [INFO] Module: WINMM.dll base=0x00007FFE5CBE0000 size=0x36000 path=C:\WINDOWS\SYSTEM32\WINMM.dll
2026-08-20 20:52:47.555 [INFO] Module: CompPkgSup.DLL base=0x00007FFE5E0D0000 size=0x32000 path=C:\WINDOWS\SYSTEM32\CompPkgSup.DLL
2026-08-20 20:52:47.555 [INFO] Module: twinapi.appcore.dll base=0x00007FFE5E580000 size=0x250000 path=C:\WINDOWS\system32\twinapi.appcore.dll
2026-08-20 20:52:47.555 [INFO] Module: gameux.dll base=0x00007FFE5EAB0000 size=0xC000 path=C:\Windows\System32\gameux.dll
2026-08-20 20:52:47.555 [INFO] Module: libvorbisfile_64.dll base=0x00007FFE5EAD0000 size=0xD000 path=C:\Program Files (x86)\Steam\steamapps\common\ARK\Engine\Binaries\ThirdParty\Vorbis\Win64\VS2013\libvorbisfile_64.dll
2026-08-20 20:52:47.555 [INFO] Module: nvgpucomp64.dll base=0x00007FFE5F1B0000 size=0x5E0E000 path=C:\WINDOWS\System32\DriverStore\FileRepository\nvrfi.inf_amd64_87b4cb6242e17d7d\nvgpucomp64.dll
2026-08-20 20:52:47.555 [INFO] Module: windows.staterepositorycore.dll base=0x00007FFE65390000 size=0x1F000 path=C:\WINDOWS\SYSTEM32\windows.staterepositorycore.dll
2026-08-20 20:52:47.555 [INFO] Module: cryptnet.dll base=0x00007FFE659F0000 size=0x3B000 path=C:\WINDOWS\SYSTEM32\cryptnet.dll
2026-08-20 20:52:47.555 [INFO] Module: VERSION.dll base=0x00007FFE65B10000 size=0xB000 path=C:\WINDOWS\SYSTEM32\VERSION.dll
2026-08-20 20:52:47.555 [INFO] Module: drvstore.dll base=0x00007FFE65B20000 size=0x17A000 path=C:\WINDOWS\SYSTEM32\drvstore.dll
2026-08-20 20:52:47.555 [INFO] Module: nvldumdx.dll base=0x00007FFE65CA0000 size=0xCA000 path=C:\WINDOWS\System32\DriverStore\FileRepository\nvrfi.inf_amd64_87b4cb6242e17d7d\nvldumdx.dll
2026-08-20 20:52:47.555 [INFO] Module: CoreUIComponents.dll base=0x00007FFE668F0000 size=0x2E4000 path=C:\WINDOWS\SYSTEM32\CoreUIComponents.dll
2026-08-20 20:52:47.555 [INFO] Module: directxdatabasehelper.dll base=0x00007FFE66FD0000 size=0x5F000 path=C:\WINDOWS\SYSTEM32\directxdatabasehelper.dll
2026-08-20 20:52:47.555 [INFO] Module: MMDevApi.dll base=0x00007FFE67320000 size=0xA6000 path=C:\WINDOWS\System32\MMDevApi.dll
2026-08-20 20:52:47.555 [INFO] Module: AppXDeploymentClient.dll base=0x00007FFE67580000 size=0x171000 path=C:\Windows\System32\AppXDeploymentClient.dll
2026-08-20 20:52:47.555 [INFO] Module: WINHTTP.dll base=0x00007FFE677D0000 size=0x128000 path=C:\WINDOWS\SYSTEM32\WINHTTP.dll
2026-08-20 20:52:47.555 [INFO] Module: dhcpcsvc.DLL base=0x00007FFE67A70000 size=0x25000 path=C:\WINDOWS\SYSTEM32\dhcpcsvc.DLL
2026-08-20 20:52:47.555 [INFO] Module: avrt.dll base=0x00007FFE67C90000 size=0xB000 path=C:\WINDOWS\SYSTEM32\avrt.dll
2026-08-20 20:52:47.555 [INFO] Module: dhcpcsvc6.DLL base=0x00007FFE67CA0000 size=0x1D000 path=C:\WINDOWS\SYSTEM32\dhcpcsvc6.DLL
2026-08-20 20:52:47.555 [INFO] Module: dbghelp.dll base=0x00007FFE67D10000 size=0x242000 path=C:\WINDOWS\SYSTEM32\dbghelp.dll
2026-08-20 20:52:47.555 [INFO] Module: wintypes.dll base=0x00007FFE68730000 size=0x16A000 path=C:\WINDOWS\SYSTEM32\wintypes.dll
2026-08-20 20:52:47.555 [INFO] Module: Microsoft.Internal.WarpPal.dll base=0x00007FFE68E00000 size=0x19000 path=C:\WINDOWS\SYSTEM32\Microsoft.Internal.WarpPal.dll
2026-08-20 20:52:47.555 [INFO] Module: WindowsCodecs.dll base=0x00007FFE68E20000 size=0x22D000 path=C:\WINDOWS\SYSTEM32\WindowsCodecs.dll
2026-08-20 20:52:47.555 [INFO] Module: DWrite.dll base=0x00007FFE694F0000 size=0x267000 path=C:\WINDOWS\SYSTEM32\DWrite.dll
2026-08-20 20:52:47.555 [INFO] Module: d3d11.dll base=0x00007FFE69DA0000 size=0x260000 path=C:\WINDOWS\SYSTEM32\d3d11.dll
2026-08-20 20:52:47.555 [INFO] Module: dcomp.dll base=0x00007FFE6A010000 size=0x225000 path=C:\WINDOWS\SYSTEM32\dcomp.dll
2026-08-20 20:52:47.555 [INFO] Module: CoreMessaging.dll base=0x00007FFE6A730000 size=0x12B000 path=C:\WINDOWS\SYSTEM32\CoreMessaging.dll
2026-08-20 20:52:47.555 [INFO] Module: PROPSYS.dll base=0x00007FFE6A860000 size=0xF4000 path=C:\WINDOWS\SYSTEM32\PROPSYS.dll
2026-08-20 20:52:47.555 [INFO] Module: msdmo.dll base=0x00007FFE6B3B0000 size=0xE000 path=C:\WINDOWS\SYSTEM32\msdmo.dll
2026-08-20 20:52:47.555 [INFO] Module: libogg_64.dll base=0x00007FFE6B3D0000 size=0xF000 path=C:\Program Files (x86)\Steam\steamapps\common\ARK\Engine\Binaries\ThirdParty\Ogg\Win64\VS2013\libogg_64.dll
2026-08-20 20:52:47.555 [INFO] Module: XAPOFX1_5.dll base=0x00007FFE6B530000 size=0x15000 path=C:\WINDOWS\SYSTEM32\XAPOFX1_5.dll
2026-08-20 20:52:47.555 [INFO] Module: apphelp.dll base=0x00007FFE6B5E0000 size=0x9F000 path=C:\WINDOWS\SYSTEM32\apphelp.dll
2026-08-20 20:52:47.555 [INFO] Module: Secur32.dll base=0x00007FFE6B690000 size=0xD000 path=C:\WINDOWS\SYSTEM32\Secur32.dll
2026-08-20 20:52:47.555 [INFO] Module: WINNSI.DLL base=0x00007FFE6B7F0000 size=0xE000 path=C:\WINDOWS\SYSTEM32\WINNSI.DLL
2026-08-20 20:52:47.555 [INFO] Module: uxtheme.dll base=0x00007FFE6B860000 size=0xA8000 path=C:\WINDOWS\system32\uxtheme.dll
2026-08-20 20:52:47.555 [INFO] Module: dxgi.dll base=0x00007FFE6B960000 size=0x13A000 path=C:\WINDOWS\SYSTEM32\dxgi.dll
2026-08-20 20:52:47.555 [INFO] Module: dxcore.dll base=0x00007FFE6BAC0000 size=0x45000 path=C:\WINDOWS\SYSTEM32\dxcore.dll
2026-08-20 20:52:47.555 [INFO] Module: dwmapi.dll base=0x00007FFE6BB10000 size=0x2F000 path=C:\WINDOWS\SYSTEM32\dwmapi.dll
2026-08-20 20:52:47.555 [INFO] Module: wer.dll base=0x00007FFE6BB60000 size=0xF2000 path=C:\WINDOWS\SYSTEM32\wer.dll
2026-08-20 20:52:47.555 [INFO] Module: resourcepolicyclient.dll base=0x00007FFE6BDA0000 size=0x14000 path=C:\WINDOWS\SYSTEM32\resourcepolicyclient.dll
2026-08-20 20:52:47.555 [INFO] Module: windows.storage.dll base=0x00007FFE6C1E0000 size=0x89B000 path=C:\WINDOWS\SYSTEM32\windows.storage.dll
2026-08-20 20:52:47.555 [INFO] Module: HID.DLL base=0x00007FFE6CA80000 size=0xF000 path=C:\WINDOWS\SYSTEM32\HID.DLL
2026-08-20 20:52:47.555 [INFO] Module: netutils.dll base=0x00007FFE6CD90000 size=0xD000 path=C:\WINDOWS\SYSTEM32\netutils.dll
2026-08-20 20:52:47.555 [INFO] Module: IPHLPAPI.DLL base=0x00007FFE6CDB0000 size=0x33000 path=C:\WINDOWS\SYSTEM32\IPHLPAPI.DLL
2026-08-20 20:52:47.555 [INFO] Module: schannel.DLL base=0x00007FFE6D230000 size=0xC5000 path=C:\WINDOWS\system32\schannel.DLL
2026-08-20 20:52:47.555 [INFO] Module: rsaenh.dll base=0x00007FFE6D360000 size=0x39000 path=C:\WINDOWS\system32\rsaenh.dll
2026-08-20 20:52:47.555 [INFO] Module: kernel.appcore.dll base=0x00007FFE6D400000 size=0x1B000 path=C:\WINDOWS\SYSTEM32\kernel.appcore.dll
2026-08-20 20:52:47.555 [INFO] Module: ntmarta.dll base=0x00007FFE6D530000 size=0x36000 path=C:\WINDOWS\SYSTEM32\ntmarta.dll
2026-08-20 20:52:47.555 [INFO] Module: SspiCli.dll base=0x00007FFE6D6B0000 size=0x49000 path=C:\WINDOWS\SYSTEM32\SspiCli.dll
2026-08-20 20:52:47.555 [INFO] Module: MSWSOCK.dll base=0x00007FFE6D990000 size=0x6C000 path=C:\WINDOWS\SYSTEM32\MSWSOCK.dll
2026-08-20 20:52:47.555 [INFO] Module: gpapi.dll base=0x00007FFE6DA10000 size=0x25000 path=C:\WINDOWS\SYSTEM32\gpapi.dll
2026-08-20 20:52:47.555 [INFO] Module: USERENV.dll base=0x00007FFE6DA40000 size=0x32000 path=C:\WINDOWS\SYSTEM32\USERENV.dll
2026-08-20 20:52:47.555 [INFO] Module: CRYPTBASE.DLL base=0x00007FFE6DBF0000 size=0xC000 path=C:\WINDOWS\SYSTEM32\CRYPTBASE.DLL
2026-08-20 20:52:47.555 [INFO] Module: wldp.dll base=0x00007FFE6DCB0000 size=0x6A000 path=C:\WINDOWS\SYSTEM32\wldp.dll
2026-08-20 20:52:47.555 [INFO] Module: CRYPTSP.dll base=0x00007FFE6DDB0000 size=0x1B000 path=C:\WINDOWS\System32\CRYPTSP.dll
2026-08-20 20:52:47.555 [INFO] Module: msasn1.dll base=0x00007FFE6DE20000 size=0x13000 path=C:\WINDOWS\SYSTEM32\msasn1.dll
2026-08-20 20:52:47.555 [INFO] Module: NTASN1.dll base=0x00007FFE6DED0000 size=0x3F000 path=C:\WINDOWS\SYSTEM32\NTASN1.dll
2026-08-20 20:52:47.555 [INFO] Module: ncrypt.dll base=0x00007FFE6DF20000 size=0x30000 path=C:\WINDOWS\SYSTEM32\ncrypt.dll
2026-08-20 20:52:47.555 [INFO] Module: DEVOBJ.dll base=0x00007FFE6E2E0000 size=0x2F000 path=C:\WINDOWS\System32\DEVOBJ.dll
2026-08-20 20:52:47.555 [INFO] Module: cfgmgr32.dll base=0x00007FFE6E320000 size=0x52000 path=C:\WINDOWS\SYSTEM32\cfgmgr32.dll
2026-08-20 20:52:47.555 [INFO] Module: DPAPI.DLL base=0x00007FFE6E380000 size=0xA000 path=C:\WINDOWS\System32\DPAPI.DLL
2026-08-20 20:52:47.555 [INFO] Module: UMPDC.dll base=0x00007FFE6E4E0000 size=0x15000 path=C:\WINDOWS\SYSTEM32\UMPDC.dll
2026-08-20 20:52:47.555 [INFO] Module: POWRPROF.dll base=0x00007FFE6E500000 size=0x5E000 path=C:\WINDOWS\SYSTEM32\POWRPROF.dll
2026-08-20 20:52:47.555 [INFO] Module: bcrypt.dll base=0x00007FFE6E640000 size=0x2A000 path=C:\WINDOWS\SYSTEM32\bcrypt.dll
2026-08-20 20:52:47.555 [INFO] Module: profapi.dll base=0x00007FFE6E670000 size=0x29000 path=C:\WINDOWS\SYSTEM32\profapi.dll
2026-08-20 20:52:47.555 [INFO] Module: ucrtbase.dll base=0x00007FFE6E750000 size=0x14C000 path=C:\WINDOWS\System32\ucrtbase.dll
2026-08-20 20:52:47.555 [INFO] Module: KERNELBASE.dll base=0x00007FFE6E970000 size=0x3FF000 path=C:\WINDOWS\System32\KERNELBASE.dll
2026-08-20 20:52:47.555 [INFO] Module: msvcp_win.dll base=0x00007FFE6ED80000 size=0xA3000 path=C:\WINDOWS\System32\msvcp_win.dll
2026-08-20 20:52:47.555 [INFO] Module: CRYPT32.dll base=0x00007FFE6EE30000 size=0x17E000 path=C:\WINDOWS\System32\CRYPT32.dll
2026-08-20 20:52:47.555 [INFO] Module: win32u.dll base=0x00007FFE6EFC0000 size=0x27000 path=C:\WINDOWS\System32\win32u.dll
2026-08-20 20:52:47.555 [INFO] Module: gdi32full.dll base=0x00007FFE6EFF0000 size=0x129000 path=C:\WINDOWS\System32\gdi32full.dll
2026-08-20 20:52:47.555 [INFO] Module: wintrust.dll base=0x00007FFE6F120000 size=0x83000 path=C:\WINDOWS\System32\wintrust.dll
2026-08-20 20:52:47.555 [INFO] Module: bcryptPrimitives.dll base=0x00007FFE6F1B0000 size=0xAC000 path=C:\WINDOWS\System32\bcryptPrimitives.dll
2026-08-20 20:52:47.555 [INFO] Module: Normaliz.dll base=0x00007FFE6F270000 size=0x8000 path=C:\WINDOWS\System32\Normaliz.dll
2026-08-20 20:52:47.555 [INFO] Module: PSAPI.DLL base=0x00007FFE6F280000 size=0x8000 path=C:\WINDOWS\System32\PSAPI.DLL
2026-08-20 20:52:47.555 [INFO] Module: SHLWAPI.dll base=0x00007FFE6F470000 size=0x66000 path=C:\WINDOWS\System32\SHLWAPI.dll
2026-08-20 20:52:47.555 [INFO] Module: msctf.dll base=0x00007FFE6F4E0000 size=0x15D000 path=C:\WINDOWS\System32\msctf.dll
2026-08-20 20:52:47.555 [INFO] Module: WS2_32.dll base=0x00007FFE6F650000 size=0x82000 path=C:\WINDOWS\System32\WS2_32.dll
2026-08-20 20:52:47.555 [INFO] Module: WLDAP32.dll base=0x00007FFE6F770000 size=0x73000 path=C:\WINDOWS\System32\WLDAP32.dll
2026-08-20 20:52:47.555 [INFO] Module: RPCRT4.dll base=0x00007FFE6F7F0000 size=0x118000 path=C:\WINDOWS\System32\RPCRT4.dll
2026-08-20 20:52:47.555 [INFO] Module: advapi32.dll base=0x00007FFE6F910000 size=0xBC000 path=C:\WINDOWS\System32\advapi32.dll
2026-08-20 20:52:47.555 [INFO] Module: NSI.dll base=0x00007FFE6F9E0000 size=0xA000 path=C:\WINDOWS\System32\NSI.dll
2026-08-20 20:52:47.555 [INFO] Module: imagehlp.dll base=0x00007FFE6FA50000 size=0x20000 path=C:\WINDOWS\System32\imagehlp.dll
2026-08-20 20:52:47.555 [INFO] Module: OLEAUT32.dll base=0x00007FFE6FA80000 size=0xD9000 path=C:\WINDOWS\System32\OLEAUT32.dll
2026-08-20 20:52:47.555 [INFO] Module: ole32.dll base=0x00007FFE6FB60000 size=0x199000 path=C:\WINDOWS\System32\ole32.dll
2026-08-20 20:52:47.555 [INFO] Module: KERNEL32.DLL base=0x00007FFE6FD00000 size=0xC9000 path=C:\WINDOWS\System32\KERNEL32.DLL
2026-08-20 20:52:47.555 [INFO] Module: SHELL32.dll base=0x00007FFE6FDD0000 size=0x788000 path=C:\WINDOWS\System32\SHELL32.dll
2026-08-20 20:52:47.555 [INFO] Module: IMM32.DLL base=0x00007FFE70560000 size=0x32000 path=C:\WINDOWS\System32\IMM32.DLL
2026-08-20 20:52:47.555 [INFO] Module: GDI32.dll base=0x00007FFE705A0000 size=0x2B000 path=C:\WINDOWS\System32\GDI32.dll
2026-08-20 20:52:47.555 [INFO] Module: sechost.dll base=0x00007FFE705F0000 size=0xAA000 path=C:\WINDOWS\System32\sechost.dll
2026-08-20 20:52:47.555 [INFO] Module: SETUPAPI.dll base=0x00007FFE706A0000 size=0x487000 path=C:\WINDOWS\System32\SETUPAPI.dll
2026-08-20 20:52:47.555 [INFO] Module: shcore.dll base=0x00007FFE70C30000 size=0xF9000 path=C:\WINDOWS\System32\shcore.dll
2026-08-20 20:52:47.555 [INFO] Module: msvcrt.dll base=0x00007FFE70DC0000 size=0xA9000 path=C:\WINDOWS\System32\msvcrt.dll
2026-08-20 20:52:47.555 [INFO] Module: USER32.dll base=0x00007FFE70E70000 size=0x1C6000 path=C:\WINDOWS\System32\USER32.dll
2026-08-20 20:52:47.555 [INFO] Module: clbcatq.dll base=0x00007FFE71060000 size=0xAE000 path=C:\WINDOWS\System32\clbcatq.dll
2026-08-20 20:52:47.555 [INFO] Module: combase.dll base=0x00007FFE71170000 size=0x385000 path=C:\WINDOWS\System32\combase.dll
2026-08-20 20:52:47.555 [INFO] Module: ntdll.dll base=0x00007FFE71540000 size=0x266000 path=C:\WINDOWS\SYSTEM32\ntdll.dll
2026-08-20 20:52:47.556 [INFO] Build fingerprint: fileLength=80346664 lastWriteUtc=2026-08-17T08:21:59Z
2026-08-20 20:52:47.637 [INFO] Build fingerprint: SHA256=9BC401417A776C5244A1B0B3255DC3AF4A9D73E3F5C1BA96228FBE3FB1A43477
2026-08-20 20:52:47.637 [INFO] Build profile fingerprint verified.
2026-08-20 20:52:47.722 [INFO] GNames global=0x00007FF67888AC78 table=0x000001C293B8FAF0 index0='None'
2026-08-20 20:52:47.723 [INFO] Scanning readable pages of ShooterGame.exe for the configured GWorld signature...
2026-08-20 20:52:47.939 [INFO] GWorld signature match: 0x00007FF674E4F190 (matches collected: 1)
2026-08-20 20:52:47.939 [INFO] Resolved GWorld global address: 0x00007FF67885C2A8
2026-08-20 20:52:47.940 [INFO] UWorld: 0x000001C408362640
2026-08-20 20:52:47.941 [INFO] UWorld Levels: data=0x000001C3D26B0000, count=27
2026-08-20 20:52:47.941 [INFO] PersistentLevel: 0x000001C405635400
2026-08-20 20:52:47.943 [INFO] Level 0x000001C405635400: Actors data=0x000001C3CDE60000, count=2209
2026-08-20 20:52:47.944 [ACTOR] index=0 actor=0x000001C3D253B680 root=0x000001C3D325E800 class=PrimalWorldSettings name=PrimalWorldSettings_0 team=0 relative=(0.00, 0.00, 0.00)
2026-08-20 20:52:47.944 [ACTOR] index=1 actor=0x000001C298755B40 root=0x000001C2CD5F3000 class=DirectionalLight name=DirectionalLight team=0 relative=(39845.00, 43790.00, -2241.02)
2026-08-20 20:52:47.944 [ACTOR] index=2 actor=0x000001C40466AD60 root=0x000001C3D807B800 class=Global_PostProcess_Blueprint_C name=Global_PostProcess_Blueprint_C_0 team=0 relative=(46492.87, 47630.14, -19560.57)
2026-08-20 20:52:47.944 [ACTOR] index=4 actor=0x000001C3D807D000 root=0x000001C405EC5FA0 class=CameraActor name=CameraActor_2 team=0 relative=(-292320.00, -45223.00, 53616.00)
2026-08-20 20:52:47.944 [ACTOR] index=5 actor=0x000001C3F699C430 root=0x000001C2BACB4A00 class=WindDirectionalSource name=WindDirectionalSource_0 team=0 relative=(46590.00, 50010.00, -19660.00)
2026-08-20 20:52:47.944 [ACTOR] index=8 actor=0x000001C298756460 root=0x000001C2BD875600 class=MatineeValueInterpolationContainer_C name=MatineeValueInterpolationContainer_4 team=0 relative=(-108974.40, 195148.60, -6099.45)
2026-08-20 20:52:47.944 [ACTOR] index=9 actor=0x000001C2987536C0 root=0x000001C2CD5F2C00 class=AtmosphericFog name=AtmosphericFog_0 team=0 relative=(265460.00, 154900.00, -13370.00)
2026-08-20 20:52:47.944 [ACTOR] index=10 actor=0x000001C403E82A80 root=0x000001C3D3256000 class=LandscapeGizmoActiveActor name=LandscapeGizmoActiveActor_0 team=0 relative=(-9961.00, 53216.00, -116789.30)
2026-08-20 20:52:47.944 [ACTOR] index=12 actor=0x000001C2B182D1E0 root=0x000001C2BDC29400 class=Note name=ElectricalStormPointCenter team=0 relative=(1960.00, 1510.00, -13420.00)
2026-08-20 20:52:47.944 [ACTOR] index=13 actor=0x000001C2B182D670 root=0x000001C2BDC29600 class=Note name=ElectricalStormPointNorthEast_15 team=0 relative=(174570.00, -169940.00, -13420.00)
2026-08-20 20:52:47.944 [ACTOR] index=14 actor=0x000001C2B182C8C0 root=0x000001C2BDC29800 class=Note name=ElectricalStormPointNorthWest team=0 relative=(-178330.00, -166100.00, -13420.00)
2026-08-20 20:52:47.944 [ACTOR] index=15 actor=0x000001C2B182CD50 root=0x000001C2BDC29A00 class=Note name=ElectricalStormPointSouthEast team=0 relative=(142920.00, 132810.00, -13420.00)
2026-08-20 20:52:47.944 [ACTOR] index=16 actor=0x000001C2B1828450 root=0x000001C2BDC29C00 class=Note name=ElectricalStormPointSouthWest team=0 relative=(-193670.00, 132810.00, -13420.00)
2026-08-20 20:52:47.944 [ACTOR] index=17 actor=0x000001C4075D1FE0 root=0x000001C405B49CC0 class=DayCycleAmbientSound name=AmbGlobalRainSound team=0 relative=(68089.28, 267436.60, -6252.46)
2026-08-20 20:52:47.944 [ACTOR] index=18 actor=0x000001C2B182BB10 root=0x000001C28380AF80 class=ExponentialHeightFog name=SurfaceAtmosphere_ExpHeightFog team=0 relative=(111432.90, -46684.83, 90202.09)
2026-08-20 20:52:47.944 [ACTOR] index=19 actor=0x000001C401F488E0 root=0x000001C4029BF800 class=PostProcessVolume name=Fertile_PPVolume_2 team=0 relative=(-170350.00, -59940.00, 38350.00)
2026-08-20 20:52:47.944 [ACTOR] index=20 actor=0x000001C403EAA440 root=0x000001C4029BF000 class=PostProcessVolume name=Fertile_PPVolume_1 team=0 relative=(-182700.00, -32230.00, 38350.00)
2026-08-20 20:52:47.945 [ACTOR] index=21 actor=0x000001C40447ED40 root=0x000001C404B27000 class=PostProcessVolume name=BioLum_PPVolume_2 team=0 relative=(224736.80, 5948.99, 39922.97)
2026-08-20 20:52:47.945 [ACTOR] index=22 actor=0x000001C40447F660 root=0x000001C404B27800 class=PostProcessVolume name=BioLum_PPVolume_3 team=0 relative=(221485.20, -16011.32, 32919.64)
2026-08-20 20:52:47.945 [ACTOR] index=23 actor=0x000001C403EAD1E0 root=0x000001C404B28000 class=PostProcessVolume name=BioLum_PPVolume_4 team=0 relative=(214258.80, -29405.53, 26612.34)
2026-08-20 20:52:47.945 [ACTOR] index=24 actor=0x000001C403EAB680 root=0x000001C404B28800 class=PostProcessVolume name=BioLum_PPVolume_5 team=0 relative=(179724.50, -28608.63, 11306.43)
2026-08-20 20:52:47.945 [ACTOR] index=25 actor=0x000001C403EABFA0 root=0x000001C404B29000 class=PostProcessVolume name=BioLum_PPVolume_6 team=0 relative=(131964.50, 48097.73, 12898.09)
2026-08-20 20:52:47.945 [ACTOR] index=26 actor=0x000001C403EAC8C0 root=0x000001C404B2D800 class=PostProcessVolume name=BioLum_PPVolume_7 team=0 relative=(105839.80, -115490.00, 5875.58)
2026-08-20 20:52:47.945 [ACTOR] index=27 actor=0x000001C403EAAD60 root=0x000001C403EF7800 class=PostProcessVolume name=BioLum_PPVolume_8 team=0 relative=(8777.72, -62825.58, 14317.16)
2026-08-20 20:52:47.945 [ACTOR] index=28 actor=0x000001C403EA0000 root=0x000001C403EF8000 class=PostProcessVolume name=BioLum_PPVolume_9 team=0 relative=(117213.50, 8166.96, 9510.20)
2026-08-20 20:52:47.945 [ACTOR] index=29 actor=0x000001C400B46460 root=0x000001C40157E800 class=PostProcessVolume name=PostProcessVolume_16 team=0 relative=(-46832.34, 111721.50, -32086.18)
2026-08-20 20:52:47.945 [ACTOR] index=30 actor=0x000001C407E4F660 root=0x000001C2CAC69000 class=PostProcessVolume name=PostProcessVolume_8 team=0 relative=(100869.00, 143967.90, -13777.60)
2026-08-20 20:52:47.945 [ACTOR] index=31 actor=0x000001C400B45B40 root=0x000001C40157E000 class=PostProcessVolume name=PostProcessVolume_15 team=0 relative=(-111218.30, 242741.90, -4022.82)
2026-08-20 20:52:47.945 [ACTOR] index=32 actor=0x000001C407E46D80 root=0x000001C400C35000 class=PostProcessVolume name=PostProcessVolume_6 team=0 relative=(-146166.00, 228123.60, 2210.53)
2026-08-20 20:52:47.945 [ACTOR] index=33 actor=0x000001C3F64C2480 root=0x000001C400C36800 class=PostProcessVolume name=PostProcessVolume_20 team=0 relative=(-114276.60, 120239.60, -9283.36)
2026-08-20 20:52:47.945 [ACTOR] index=34 actor=0x000001C400B45220 root=0x000001C40157D800 class=PostProcessVolume name=PostProcessVolume_11 team=0 relative=(-117527.80, 98608.84, -7224.75)
2026-08-20 20:52:47.945 [ACTOR] index=35 actor=0x000001C407E476A0 root=0x000001C400C35800 class=PostProcessVolume name=PostProcessVolume_60 team=0 relative=(39000.00, 139000.00, -30551.30)
2026-08-20 20:52:47.945 [ACTOR] index=36 actor=0x000001C298750920 root=0x000001C2BACF1000 class=BoxReflectionCapture name=BoxReflectionCapture_10 team=0 relative=(-37800.00, -135000.00, 37780.00)
2026-08-20 20:52:47.945 [ACTOR] index=37 actor=0x000001C401F49200 root=0x000001C401FC1000 class=PostProcessVolume name=Fertile_PPVolume_6 team=0 relative=(155000.00, -160000.00, 55000.00)
2026-08-20 20:52:47.945 [ACTOR] index=38 actor=0x000001C401F49B20 root=0x000001C401FC0800 class=PostProcessVolume name=Fertile_PPVolume_5 team=0 relative=(10000.00, -265000.00, 55000.00)
2026-08-20 20:52:47.945 [ACTOR] index=39 actor=0x000001C401F4A440 root=0x000001C401FC0000 class=PostProcessVolume name=Fertile_PPVolume_4 team=0 relative=(-135000.00, -40000.00, 55000.00)
2026-08-20 20:52:47.945 [ACTOR] index=40 actor=0x000001C401F4AD60 root=0x000001C401FC1800 class=PostProcessVolume name=Fertile_PPVolume_7 team=0 relative=(-21000.00, -200500.00, 55000.00)
2026-08-20 20:52:47.945 [ACTOR] index=41 actor=0x000001C401F40000 root=0x000001C401FC2000 class=PostProcessVolume name=Fertile_PPVolume_8 team=0 relative=(-277500.00, -131000.00, 55000.00)
2026-08-20 20:52:47.945 [ACTOR] index=42 actor=0x000001C298754D90 root=0x000001C2CD5FE400 class=DirectionalAmbientLight name=DirectionalAmbientLight_1 team=0 relative=(39964.64, 44380.00, -2480.00)
2026-08-20 20:52:47.945 [ACTOR] index=43 actor=0x000001C407E46460 root=0x000001C400C34800 class=PostProcessVolume name=PostProcessVolume_58 team=0 relative=(214040.00, 193120.00, -7360.00)
2026-08-20 20:52:47.945 [ACTOR] index=44 actor=0x000001C3FB7036C0 root=0x000001C400C32000 class=PostProcessVolume name=PostProcessVolume_38 team=0 relative=(265460.00, 197800.00, -3890.00)
2026-08-20 20:52:47.945 [ACTOR] index=45 actor=0x000001C3FB700920 root=0x000001C400C39000 class=PostProcessVolume name=PostProcessVolume_26 team=0 relative=(195420.00, 185910.00, -3290.00)
2026-08-20 20:52:47.945 [ACTOR] index=46 actor=0x000001C3FB705220 root=0x000001C400C33800 class=PostProcessVolume name=PostProcessVolume_5 team=0 relative=(214890.00, 154870.00, 6720.00)
2026-08-20 20:52:47.945 [ACTOR] index=47 actor=0x000001C4078DC8C0 root=0x000001C2CAC6B000 class=PostProcessVolume name=PostProcessVolume_9 team=0 relative=(173050.00, 251610.00, -3290.00)
2026-08-20 20:52:47.945 [ACTOR] index=48 actor=0x000001C403EA7FC0 root=0x000001C400C31000 class=PostProcessVolume name=PostProcessVolume_3 team=0 relative=(143040.00, 235530.00, 1800.00)
2026-08-20 20:52:47.945 [ACTOR] index=49 actor=0x000001C3FB701B60 root=0x000001C400C30000 class=PostProcessVolume name=PostProcessVolume_28 team=0 relative=(199840.00, 217450.00, 6030.00)
2026-08-20 20:52:47.945 [ACTOR] index=50 actor=0x000001C3FB702480 root=0x000001C400C30800 class=PostProcessVolume name=PostProcessVolume_29 team=0 relative=(94330.00, 256200.00, 1010.00)
2026-08-20 20:52:47.945 [ACTOR] index=51 actor=0x000001C403EA76A0 root=0x000001C40157B800 class=PostProcessVolume name=PostProcessVolume_0 team=0 relative=(67900.00, 256510.00, 8410.00)
2026-08-20 20:52:47.945 [ACTOR] index=52 actor=0x000001C38A5A9B20 root=0x000001C400C34000 class=PostProcessVolume name=PostProcessVolume_55 team=0 relative=(-13490.00, -7580.00, -115700.00)
2026-08-20 20:52:47.945 [ACTOR] index=53 actor=0x000001C407E488E0 root=0x000001C400C3A800 class=PostProcessVolume name=PostProcessVolume_68 team=0 relative=(148160.00, 186100.00, -99980.00)
2026-08-20 20:52:47.945 [ACTOR] index=54 actor=0x000001C407E49200 root=0x000001C400C3B000 class=PostProcessVolume name=PostProcessVolume_69 team=0 relative=(29150.00, 154100.00, -74120.00)
2026-08-20 20:52:47.945 [ACTOR] index=55 actor=0x000001C40447DB00 root=0x000001C404B26000 class=PostProcessVolume name=BioLum_PPVolume team=0 relative=(-40630.00, -25730.00, -31852.00)
2026-08-20 20:52:47.945 [ACTOR] index=56 actor=0x000001C407E4DB00 root=0x000001C4008DD800 class=PostProcessVolume name=PostProcessVolume_75 team=0 relative=(-34630.00, -15760.00, -75050.00)
2026-08-20 20:52:47.945 [ACTOR] index=57 actor=0x000001C407E4E420 root=0x000001C2CAC68000 class=PostProcessVolume name=PostProcessVolume_76 team=0 relative=(-58290.00, -8730.00, -85260.00)
2026-08-20 20:52:47.945 [ACTOR] index=58 actor=0x000001C4086F4510 root=0x000001C3766F0400 class=MasterIBLCaptureBlueprint_C name=MasterIBL_Surface team=0 relative=(-246842.00, -244930.20, 60956.34)
2026-08-20 20:52:47.945 [ACTOR] index=59 actor=0x000001C406CF94C0 root=0x000001C284C3B000 class=ReverbVolume name=ReverbVolume_0 team=0 relative=(155000.00, -159849.10, 55000.00)
2026-08-20 20:52:47.945 [ACTOR] index=60 actor=0x000001C406CF9A10 root=0x000001C284C3B800 class=ReverbVolume name=ReverbVolume_1 team=0 relative=(10000.00, -264849.10, 55000.00)
2026-08-20 20:52:47.945 [ACTOR] index=61 actor=0x000001C406CF9F60 root=0x000001C284C3C000 class=ReverbVolume name=ReverbVolume_2 team=0 relative=(-135000.00, -39849.10, 55000.00)
2026-08-20 20:52:47.945 [ACTOR] index=62 actor=0x000001C406CFA4B0 root=0x000001C284C3D800 class=ReverbVolume name=ReverbVolume_3 team=0 relative=(-21000.00, -200349.10, 55000.00)
2026-08-20 20:52:47.945 [ACTOR] index=63 actor=0x000001C406CFAA00 root=0x000001C284C3C800 class=ReverbVolume name=ReverbVolume_4 team=0 relative=(-277500.00, -130849.10, 55000.00)
2026-08-20 20:52:47.945 [ACTOR] index=64 actor=0x000001C298755220 root=0x000001C2CD5FE000 class=DirectionalInjectedLight name=DirectionalInjectedLight_1 team=0 relative=(81450.27, -139198.00, 40677.73)
2026-08-20 20:52:47.945 [ACTOR] index=65 actor=0x000001C372FA1240 root=0x000001C404B25800 class=PostProcessVolume name=BioLum_PostProcessVolume team=0 relative=(-166801.00, 48500.00, 37300.00)
2026-08-20 20:52:47.945 [ACTOR] index=66 actor=0x000001C407E49B20 root=0x000001C400C3B800 class=PostProcessVolume name=PostProcessVolume_7 team=0 relative=(92900.00, 60800.00, 16100.00)
2026-08-20 20:52:47.945 [ACTOR] index=67 actor=0x000001C3FB706D80 root=0x000001C400C37800 class=PostProcessVolume name=PostProcessVolume_22 team=0 relative=(107800.00, -63500.00, 16100.00)
2026-08-20 20:52:47.945 [ACTOR] index=68 actor=0x000001C403EA5220 root=0x000001C403EFD000 class=PostProcessVolume name=Elemental__PostProcessVolume_5 team=0 relative=(-168600.00, 186400.00, 16100.00)
2026-08-20 20:52:47.945 [ACTOR] index=69 actor=0x000001C403EA5B40 root=0x000001C403EFF000 class=PostProcessVolume name=Elemental__PostProcessVolume_6 team=0 relative=(-215300.00, 162800.00, 16100.00)
2026-08-20 20:52:47.945 [ACTOR] index=70 actor=0x000001C2B1825220 root=0x000001C3766FC400 class=SphereReflectionCapture name=SphereReflectionCapture_0 team=0 relative=(180909.00, -97812.00, 71648.00)
2026-08-20 20:52:47.945 [ACTOR] index=71 actor=0x000001C406CF84D0 root=0x000001C284C39800 class=ReverbVolume name=ReverbVolume7 team=0 relative=(-166800.00, 48500.00, 37300.00)
2026-08-20 20:52:47.945 [ACTOR] index=72 actor=0x000001C406CF7F80 root=0x000001C4003D1800 class=ReverbVolume name=ReverbVolume6 team=0 relative=(92900.00, 60800.00, 16100.00)
2026-08-20 20:52:47.945 [ACTOR] index=73 actor=0x000001C406CF8A20 root=0x000001C284C3A000 class=ReverbVolume name=ReverbVolume8 team=0 relative=(107800.00, -63500.00, 16100.00)
2026-08-20 20:52:47.945 [ACTOR] index=74 actor=0x000001C406CF6F90 root=0x000001C4003DE800 class=ReverbVolume name=ReverbVolume10 team=0 relative=(92900.00, 211400.00, 16100.00)
2026-08-20 20:52:47.945 [ACTOR] index=75 actor=0x000001C406CF74E0 root=0x000001C4003DF000 class=ReverbVolume name=ReverbVolume11 team=0 relative=(-81600.00, 101500.00, 16100.00)
2026-08-20 20:52:47.945 [ACTOR] index=76 actor=0x000001C406CF7A30 root=0x000001C4003DF800 class=ReverbVolume name=ReverbVolume12 team=0 relative=(-168600.00, 186400.00, 16100.00)
2026-08-20 20:52:47.945 [ACTOR] index=77 actor=0x000001C406CF8F70 root=0x000001C284C3A800 class=ReverbVolume name=ReverbVolume9 team=0 relative=(-215300.00, 162800.00, 16100.00)
2026-08-20 20:52:47.945 [ACTOR] index=78 actor=0x000001C2B182DB00 root=0x000001C28380B1C0 class=ExponentialHeightFog name=SurfaceGroundFog_ExpHeightFog team=0 relative=(126690.00, -201550.00, 57940.00)
2026-08-20 20:52:47.945 [ACTOR] index=79 actor=0x000001C401F4D1E0 root=0x000001C401FC2800 class=PostProcessVolume name=Fertile_WaterPPVolume_17 team=0 relative=(-32435.00, -261482.00, 41015.67)
2026-08-20 20:52:47.945 [ACTOR] index=80 actor=0x000001C4069A1000 root=0x000001C2BD875200 class=BP_AberrationSky_Sphere_ARK_C name=BP_AberrationSky_Sphere_ARK_C_1 team=0 relative=(0.00, 0.00, 0.00)
2026-08-20 20:52:47.945 [ACTOR] index=81 actor=0x000001C400B41240 root=0x000001C401573800 class=PostProcessVolume name=FertileeCaveEncompassing_PPVolume team=0 relative=(-184800.00, -7200.00, 42500.00)
2026-08-20 20:52:47.945 [ACTOR] index=82 actor=0x000001C405EC1FE0 root=0x000001C283B24000 class=TileStreamingVolume name=TileStreamingVolume_5 team=0 relative=(-196140.00, 240.00, 40970.00)
2026-08-20 20:52:47.945 [ACTOR] index=83 actor=0x000001C405EC1540 root=0x000001C284C39000 class=TileStreamingVolume name=TileStreamingVolume_3 team=0 relative=(-184370.00, -9030.00, 43000.00)
2026-08-20 20:52:47.945 [ACTOR] index=84 actor=0x000001C405EC1A90 root=0x000001C284C3F000 class=TileStreamingVolume name=TileStreamingVolume_4 team=0 relative=(-186400.00, -11790.00, 43000.00)
2026-08-20 20:52:47.945 [ACTOR] index=85 actor=0x000001C405EC3FC0 root=0x000001C3DB58A800 class=TileStreamingVolume name=TSV_Entrance_01 team=0 relative=(127835.00, 42345.00, 10045.00)
2026-08-20 20:52:47.945 [ACTOR] index=86 actor=0x000001C405EC4A60 root=0x000001C3DB58B800 class=TileStreamingVolume name=TSV_Entrance_02 team=0 relative=(133680.00, 42345.00, 10045.00)
2026-08-20 20:52:47.946 [ACTOR] index=87 actor=0x000001C405EC5500 root=0x000001C3DB58E800 class=TileStreamingVolume name=TSV_Tunnel_01 team=0 relative=(138260.00, 42345.00, 10045.00)
2026-08-20 20:52:47.946 [ACTOR] index=88 actor=0x000001C405EC3520 root=0x000001C3DB589800 class=TileStreamingVolume name=TSV_Cavern_01 team=0 relative=(138260.00, 22255.00, 10045.00)
2026-08-20 20:52:47.946 [ACTOR] index=89 actor=0x000001C405EC0FF0 root=0x000001C284C38800 class=TileStreamingVolume name=TileStreamingVolume_25 team=0 relative=(138260.00, 63765.00, 10045.00)
2026-08-20 20:52:47.946 [ACTOR] index=90 actor=0x000001C4078DD1E0 root=0x000001C2CAC6B800 class=PostProcessVolume name=PP_BioLum_Cave team=0 relative=(135130.00, 42810.00, 3120.00)
2026-08-20 20:52:47.946 [ACTOR] index=91 actor=0x000001C4078DDB00 root=0x000001C2CAC6C000 class=PostProcessVolume name=PP_Water_BioLum_Cave team=0 relative=(146570.00, 12720.00, -2870.00)
2026-08-20 20:52:47.946 [ACTOR] index=92 actor=0x000001C405EC4510 root=0x000001C3DB58B000 class=TileStreamingVolume name=TSV_Entrance_01_18 team=0 relative=(-12410.00, 258170.00, 15630.00)
2026-08-20 20:52:47.946 [ACTOR] index=93 actor=0x000001C405EC4FB0 root=0x000001C3DB58E000 class=TileStreamingVolume name=TSV_Entrance_02_19 team=0 relative=(-12410.00, 266940.00, 15630.00)
2026-08-20 20:52:47.946 [ACTOR] index=94 actor=0x000001C405EC2FD0 root=0x000001C283B25800 class=TileStreamingVolume name=TileStreamingVolume_8 team=0 relative=(-12410.00, 291500.00, 15630.00)
2026-08-20 20:52:47.946 [ACTOR] index=95 actor=0x000001C405ECBF40 root=0x000001C284C33000 class=StructurePreventionZoneVolume name=StructurePreventionZoneVolume_4 team=0 relative=(138260.00, 63765.00, 10045.00)
2026-08-20 20:52:47.946 [ACTOR] index=96 actor=0x000001C3FB704900 root=0x000001C400C33000 class=PostProcessVolume name=PostProcessVolume_4 team=0 relative=(-12410.00, 289460.00, 15630.00)
2026-08-20 20:52:47.946 [ACTOR] index=97 actor=0x000001C4056E2CA0 root=0x000001C3E5F93000 class=TogglePainVolume name=TogglePainVolume_5 team=0 relative=(140438.40, -203676.30, 57497.31)
2026-08-20 20:52:47.946 [ACTOR] index=98 actor=0x000001C2B182E420 root=0x000001C2BDC2C200 class=Note name=Note_102 team=0 relative=(116077.80, -294571.80, 63311.04)
2026-08-20 20:52:47.946 [ACTOR] index=99 actor=0x000001C405F32CA0 root=0x000001C3FFD56000 class=TogglePainVolume name=TogglePainVolume_01 team=0 relative=(126400.90, -203676.30, 57497.28)
2026-08-20 20:52:47.946 [ACTOR] index=100 actor=0x000001C405F30CC0 root=0x000001C3FFD5A000 class=TogglePainVolume name=TogglePainVolume_03 team=0 relative=(156233.90, -203676.30, 57497.47)
2026-08-20 20:52:47.946 [ACTOR] index=101 actor=0x000001C407DC5940 root=0x000001C38906B800 class=TogglePainVolume name=TogglePainVolume_14 team=0 relative=(173013.70, -203676.30, 57498.49)
2026-08-20 20:52:47.946 [ACTOR] index=102 actor=0x000001C405F33FC0 root=0x000001C3FFD5B800 class=TogglePainVolume name=TogglePainVolume_05 team=0 relative=(190456.10, -203676.30, 57498.33)
2026-08-20 20:52:47.946 [ACTOR] index=103 actor=0x000001C405F34620 root=0x000001C3FFD5C000 class=TogglePainVolume name=TogglePainVolume_06 team=0 relative=(208021.70, -203676.30, 57498.54)
2026-08-20 20:52:47.946 [ACTOR] index=104 actor=0x000001C405F33960 root=0x000001C3FFD5C800 class=TogglePainVolume name=TogglePainVolume_07 team=0 relative=(226022.80, -203676.30, 57498.49)
2026-08-20 20:52:47.946 [ACTOR] index=105 actor=0x000001C405F32640 root=0x000001C3FFD5D800 class=TogglePainVolume name=TogglePainVolume_08 team=0 relative=(243155.50, -203676.30, 57498.52)
2026-08-20 20:52:47.946 [ACTOR] index=106 actor=0x000001C405F31980 root=0x000001C3FFD55800 class=TogglePainVolume name=TogglePainVolume_0 team=0 relative=(260175.60, -203676.30, 57498.39)
2026-08-20 20:52:47.946 [ACTOR] index=107 actor=0x000001C4056EE580 root=0x000001C3E8D05000 class=TogglePainVolume name=TogglePainVolume_4 team=0 relative=(276496.80, -203676.30, 57498.39)
2026-08-20 20:52:47.946 [ACTOR] index=108 actor=0x000001C406BDA5C0 root=0x000001C389BFA000 class=TogglePainVolume name=TogglePainVolume_2 team=0 relative=(292868.70, -203676.30, 57498.39)
2026-08-20 20:52:47.946 [ACTOR] index=109 actor=0x000001C404CFBF40 root=0x000001C37FB48000 class=TogglePainVolume name=TogglePainVolume_9 team=0 relative=(309191.00, -227562.80, 57498.41)
2026-08-20 20:52:47.946 [ACTOR] index=110 actor=0x000001C2B1827B30 root=0x000001C2BDC2A000 class=Note name=Note_1 team=0 relative=(116077.80, -287003.90, 63311.03)
2026-08-20 20:52:47.946 [ACTOR] index=111 actor=0x000001C407799690 root=0x000001C2BD5F4200 class=Note name=Note_2 team=0 relative=(116077.80, -277246.50, 61284.43)
2026-08-20 20:52:47.946 [ACTOR] index=112 actor=0x000001C40569E8B0 root=0x000001C2BDC5DC00 class=Note name=Note_3 team=0 relative=(116077.80, -269285.30, 61284.43)
2026-08-20 20:52:47.946 [ACTOR] index=113 actor=0x000001C2B1827FC0 root=0x000001C2BDC2A200 class=Note name=Note_10 team=0 relative=(130535.10, -308932.90, 64523.95)
2026-08-20 20:52:47.946 [ACTOR] index=114 actor=0x000001C4097F7B30 root=0x000001C2BDC2FC00 class=Note name=Note_12 team=0 relative=(130535.10, -291396.00, 63274.60)
2026-08-20 20:52:47.946 [ACTOR] index=115 actor=0x000001C4097FBB10 root=0x000001C2BDA30800 class=Note name=Note_13 team=0 relative=(130535.10, -270691.60, 61523.82)
2026-08-20 20:52:47.946 [ACTOR] index=116 actor=0x000001C4097FED40 root=0x000001C2BDA33E00 class=Note name=Note_14 team=0 relative=(130535.10, -252564.50, 59250.68)
2026-08-20 20:52:47.946 [ACTOR] index=117 actor=0x000001C4092C0000 root=0x000001C2BDA36C00 class=Note name=Note_15 team=0 relative=(130535.10, -234430.20, 57840.84)
2026-08-20 20:52:47.946 [ACTOR] index=118 actor=0x000001C4092C3230 root=0x000001C2BDA39C00 class=Note name=Note_16 team=0 relative=(130535.10, -215999.00, 57840.84)
2026-08-20 20:52:47.946 [ACTOR] index=119 actor=0x000001C407CE1240 root=0x000001C2BDA3CC00 class=Note name=Note_17 team=0 relative=(131313.60, -205686.40, 62925.93)
2026-08-20 20:52:47.946 [ACTOR] index=120 actor=0x000001C400BA5220 root=0x000001C2BD9C1000 class=Note name=Note_451 team=0 relative=(146360.00, -308932.90, 64523.79)
2026-08-20 20:52:47.946 [ACTOR] index=121 actor=0x000001C405EA9200 root=0x000001C2BDC58000 class=Note name=Note_28 team=0 relative=(146360.00, -291396.00, 63274.44)
2026-08-20 20:52:47.946 [ACTOR] index=122 actor=0x000001C405EAC430 root=0x000001C2BDC5B000 class=Note name=Note_29 team=0 relative=(146360.00, -270691.60, 61523.66)
2026-08-20 20:52:47.946 [ACTOR] index=123 actor=0x000001C40569ED40 root=0x000001C2BDC5DE00 class=Note name=Note_30 team=0 relative=(146360.00, -252564.50, 59250.52)
2026-08-20 20:52:47.946 [ACTOR] index=124 actor=0x000001C405559200 root=0x000001C2BDAB0A00 class=Note name=Note_31 team=0 relative=(146360.00, -234430.20, 57840.68)
2026-08-20 20:52:47.946 [ACTOR] index=125 actor=0x000001C405552DA0 root=0x000001C2BDAB2000 class=Note name=Note_32 team=0 relative=(146360.00, -215999.00, 57840.68)
2026-08-20 20:52:47.946 [ACTOR] index=126 actor=0x000001C405555B40 root=0x000001C2BDAB4C00 class=Note name=Note_33 team=0 relative=(146360.00, -197874.90, 57840.68)
2026-08-20 20:52:47.946 [ACTOR] index=127 actor=0x000001C404A47FC0 root=0x000001C2BDAB7A00 class=Note name=Note_34 team=0 relative=(146360.00, -186459.50, 57840.67)
2026-08-20 20:52:47.946 [ACTOR] index=128 actor=0x000001C400BA1FF0 root=0x000001C2BD67DE00 class=Note name=Note_436 team=0 relative=(164380.00, -308932.90, 64523.81)
2026-08-20 20:52:47.946 [ACTOR] index=129 actor=0x000001C400BA4900 root=0x000001C2BD67F200 class=Note name=Note_45 team=0 relative=(164380.00, -291396.00, 63274.45)
2026-08-20 20:52:47.946 [ACTOR] index=130 actor=0x000001C400BA68F0 root=0x000001C2BD9C1A00 class=Note name=Note_46 team=0 relative=(164380.00, -270691.60, 61523.68)
2026-08-20 20:52:47.946 [ACTOR] index=131 actor=0x000001C400BA8D70 root=0x000001C2BD9C4400 class=Note name=Note_47 team=0 relative=(164380.00, -252564.50, 59250.54)
2026-08-20 20:52:47.946 [ACTOR] index=132 actor=0x000001C400BAAD60 root=0x000001C2BD9C5200 class=Note name=Note_48 team=0 relative=(164380.00, -234430.20, 57840.70)
2026-08-20 20:52:47.946 [ACTOR] index=133 actor=0x000001C407FCBB10 root=0x000001C2BD9C7C00 class=Note name=Note_49 team=0 relative=(164380.00, -215999.00, 57840.69)
2026-08-20 20:52:47.946 [ACTOR] index=134 actor=0x000001C407FCDF90 root=0x000001C2BD9C8C00 class=Note name=Note_50 team=0 relative=(164380.00, -197874.90, 58974.13)
2026-08-20 20:52:47.946 [ACTOR] index=135 actor=0x000001C407FCF1D0 root=0x000001C2BD9CAE00 class=Note name=Note_51 team=0 relative=(164380.00, -184210.60, 60189.07)
2026-08-20 20:52:47.946 [ACTOR] index=136 actor=0x000001C407FC9FB0 root=0x000001C2BD9CC000 class=Note name=Note_52 team=0 relative=(164380.00, -169406.70, 60189.07)
2026-08-20 20:52:47.946 [ACTOR] index=137 actor=0x000001C400BADB00 root=0x000001C2BD67B200 class=Note name=Note_426 team=0 relative=(181551.90, -308932.90, 64523.79)
2026-08-20 20:52:47.946 [ACTOR] index=138 actor=0x000001C405FC56B0 root=0x000001C2BAE1BE00 class=Note name=Note_60 team=0 relative=(181551.90, -291396.00, 61972.78)
2026-08-20 20:52:47.946 [ACTOR] index=139 actor=0x000001C405FC76A0 root=0x000001C2BAE1E600 class=Note name=Note_61 team=0 relative=(181551.90, -270691.60, 61523.66)
2026-08-20 20:52:47.946 [ACTOR] index=140 actor=0x000001C405FC9B20 root=0x000001C2BAE1F600 class=Note name=Note_62 team=0 relative=(181551.90, -252564.50, 59250.52)
2026-08-20 20:52:47.946 [ACTOR] index=141 actor=0x000001C405FCBFA0 root=0x000001C2BD861E00 class=Note name=Note_63 team=0 relative=(181551.90, -234430.20, 57350.64)
2026-08-20 20:52:47.946 [ACTOR] index=142 actor=0x000001C405FCDB00 root=0x000001C2BD862A00 class=Note name=Note_64 team=0 relative=(181551.90, -215999.00, 58111.40)
2026-08-20 20:52:47.946 [ACTOR] index=143 actor=0x000001C405FC0000 root=0x000001C2BD865400 class=Note name=Note_65 team=0 relative=(181551.90, -197874.90, 58974.11)
2026-08-20 20:52:47.946 [ACTOR] index=144 actor=0x000001C404CBD1E0 root=0x000001C2BD866200 class=Note name=Note_66 team=0 relative=(181551.90, -184210.60, 60189.05)
2026-08-20 20:52:47.946 [ACTOR] index=145 actor=0x000001C404CBE8B0 root=0x000001C2BD868600 class=Note name=Note_67 team=0 relative=(181551.90, -169406.70, 60189.05)
2026-08-20 20:52:47.946 [ACTOR] index=146 actor=0x000001C403D90DB0 root=0x000001C2BD678800 class=Note name=Note_415 team=0 relative=(199466.00, -308932.90, 61404.30)
2026-08-20 20:52:47.946 [ACTOR] index=147 actor=0x000001C404CB9B20 root=0x000001C2BD869400 class=Note name=Note_72 team=0 relative=(199466.00, -291396.00, 61494.84)
2026-08-20 20:52:47.946 [ACTOR] index=148 actor=0x000001C403075220 root=0x000001C2BD869600 class=Note name=Note_73 team=0 relative=(199466.00, -270691.60, 61540.77)
2026-08-20 20:52:47.946 [ACTOR] index=149 actor=0x000001C4030756B0 root=0x000001C2BD86B200 class=Note name=Note_74 team=0 relative=(199466.00, -252564.50, 59250.54)
2026-08-20 20:52:47.946 [ACTOR] index=150 actor=0x000001C403075B40 root=0x000001C2BD86B400 class=Note name=Note_75 team=0 relative=(199466.00, -234430.20, 56992.40)
2026-08-20 20:52:47.946 [ACTOR] index=151 actor=0x000001C403075FD0 root=0x000001C2BD86B600 class=Note name=Note_76 team=0 relative=(199466.00, -215999.00, 57352.82)
2026-08-20 20:52:47.946 [ACTOR] index=152 actor=0x000001C403076460 root=0x000001C2BD86B800 class=Note name=Note_77 team=0 relative=(199466.00, -197874.90, 56529.66)
2026-08-20 20:52:47.946 [ACTOR] index=153 actor=0x000001C4030768F0 root=0x000001C2BD86BA00 class=Note name=Note_78 team=0 relative=(199466.00, -184210.60, 56347.48)
2026-08-20 20:52:47.946 [ACTOR] index=154 actor=0x000001C403076D80 root=0x000001C2BD86BC00 class=Note name=Note_79 team=0 relative=(199466.00, -169406.70, 57351.23)
2026-08-20 20:52:47.946 [ACTOR] index=155 actor=0x000001C403D936C0 root=0x000001C2BD678000 class=Note name=Note_410 team=0 relative=(218229.80, -308932.90, 61404.28)
2026-08-20 20:52:47.946 [ACTOR] index=156 actor=0x000001C403079200 root=0x000001C2BD86E600 class=Note name=Note_87 team=0 relative=(218229.80, -291396.00, 61494.82)
2026-08-20 20:52:47.947 [ACTOR] index=157 actor=0x000001C403079690 root=0x000001C2BD86E800 class=Note name=Note_88 team=0 relative=(218229.80, -270691.60, 61540.75)
2026-08-20 20:52:47.947 [ACTOR] index=158 actor=0x000001C403079B20 root=0x000001C2BD86EA00 class=Note name=Note_89 team=0 relative=(218229.80, -252564.50, 59250.51)
2026-08-20 20:52:47.947 [ACTOR] index=159 actor=0x000001C40307A440 root=0x000001C2BD86EE00 class=Note name=Note_90 team=0 relative=(218229.80, -234430.20, 56992.38)
2026-08-20 20:52:47.947 [ACTOR] index=160 actor=0x000001C40307A8D0 root=0x000001C2BD86F000 class=Note name=Note_91 team=0 relative=(218229.80, -215999.00, 57352.80)
2026-08-20 20:52:47.947 [ACTOR] index=161 actor=0x000001C40307AD60 root=0x000001C2BD86F200 class=Note name=Note_92 team=0 relative=(218229.80, -197874.90, 56529.64)
2026-08-20 20:52:47.947 [ACTOR] index=162 actor=0x000001C40307B1F0 root=0x000001C2BD86F400 class=Note name=Note_93 team=0 relative=(218229.80, -184210.60, 56347.46)
2026-08-20 20:52:47.947 [ACTOR] index=163 actor=0x000001C40307B680 root=0x000001C2BD86F600 class=Note name=Note_94 team=0 relative=(218229.80, -169406.70, 57351.21)
2026-08-20 20:52:47.947 [ACTOR] index=164 actor=0x000001C4043DE420 root=0x000001C2BD675000 class=Note name=Note_391 team=0 relative=(233651.40, -308932.90, 61404.29)
2026-08-20 20:52:47.947 [ACTOR] index=165 actor=0x000001C2B182F1D0 root=0x000001C2BDC2C400 class=Note name=Note_104 team=0 relative=(233651.40, -291396.00, 58900.88)
2026-08-20 20:52:47.947 [ACTOR] index=166 actor=0x000001C2B182A440 root=0x000001C2BDC2C600 class=Note name=Note_105 team=0 relative=(233651.40, -270691.60, 58311.80)
2026-08-20 20:52:47.947 [ACTOR] index=167 actor=0x000001C2B182A8D0 root=0x000001C2BDC2C800 class=Note name=Note_106 team=0 relative=(233651.40, -252564.50, 56159.05)
2026-08-20 20:52:47.947 [ACTOR] index=168 actor=0x000001C2B182AD60 root=0x000001C2BDC2CA00 class=Note name=Note_107 team=0 relative=(233651.40, -234430.20, 56432.96)
2026-08-20 20:52:47.947 [ACTOR] index=169 actor=0x000001C2B182B1F0 root=0x000001C2BDC2CC00 class=Note name=Note_108 team=0 relative=(233651.40, -215999.00, 55362.66)
2026-08-20 20:52:47.947 [ACTOR] index=170 actor=0x000001C2B1829200 root=0x000001C2BDC2CE00 class=Note name=Note_109 team=0 relative=(233651.40, -197874.90, 55138.68)
2026-08-20 20:52:47.947 [ACTOR] index=171 actor=0x000001C2B1829B20 root=0x000001C2BDC2D200 class=Note name=Note_110 team=0 relative=(233651.40, -184210.60, 55109.60)
2026-08-20 20:52:47.947 [ACTOR] index=172 actor=0x000001C2B1829FB0 root=0x000001C2BDC2D400 class=Note name=Note_111 team=0 relative=(233651.40, -169406.70, 55895.45)
2026-08-20 20:52:47.947 [ACTOR] index=173 actor=0x000001C2B1829690 root=0x000001C2BDC2D600 class=Note name=Note_112 team=0 relative=(233651.40, -150262.00, 56229.59)
2026-08-20 20:52:47.947 [ACTOR] index=174 actor=0x000001C404A44900 root=0x000001C2BDABBC00 class=Note name=Note_357 team=0 relative=(250827.60, -308932.90, 61404.26)
2026-08-20 20:52:47.947 [ACTOR] index=175 actor=0x000001C4097FA440 root=0x000001C2BDA30A00 class=Note name=Note_125 team=0 relative=(250827.60, -285927.40, 58900.86)
2026-08-20 20:52:47.947 [ACTOR] index=176 actor=0x000001C4097FA8D0 root=0x000001C2BDA30000 class=Note name=Note_126 team=0 relative=(250827.60, -262077.40, 58311.48)
2026-08-20 20:52:47.947 [ACTOR] index=177 actor=0x000001C4097FAD60 root=0x000001C2BDA30200 class=Note name=Note_127 team=0 relative=(250827.60, -237695.70, 56159.03)
2026-08-20 20:52:47.947 [ACTOR] index=178 actor=0x000001C4097FB1F0 root=0x000001C2BDA30400 class=Note name=Note_128 team=0 relative=(250827.60, -215096.70, 56432.93)
2026-08-20 20:52:47.947 [ACTOR] index=179 actor=0x000001C4097FB680 root=0x000001C2BDA30600 class=Note name=Note_129 team=0 relative=(250827.60, -192879.80, 55362.64)
2026-08-20 20:52:47.947 [ACTOR] index=180 actor=0x000001C4097FBFA0 root=0x000001C2BDA31000 class=Note name=Note_130 team=0 relative=(250827.60, -169736.70, 55138.85)
2026-08-20 20:52:47.947 [ACTOR] index=181 actor=0x000001C4097FC430 root=0x000001C2BDA31200 class=Note name=Note_131 team=0 relative=(250827.60, -146989.40, 55138.97)
2026-08-20 20:52:47.947 [ACTOR] index=182 actor=0x000001C4097FC8C0 root=0x000001C2BDA31400 class=Note name=Note_132 team=0 relative=(250827.60, -133190.50, 57872.16)
2026-08-20 20:52:47.947 [ACTOR] index=183 actor=0x000001C4097FE420 root=0x000001C2BDA33A00 class=Note name=Note_138 team=0 relative=(266781.10, -308932.90, 61404.32)
2026-08-20 20:52:47.947 [ACTOR] index=184 actor=0x000001C4097FE8B0 root=0x000001C2BDA33C00 class=Note name=Note_139 team=0 relative=(266781.10, -285927.40, 58900.93)
2026-08-20 20:52:47.947 [ACTOR] index=185 actor=0x000001C4097FF1D0 root=0x000001C2BDA34000 class=Note name=Note_140 team=0 relative=(266781.10, -262077.40, 58311.54)
2026-08-20 20:52:47.947 [ACTOR] index=186 actor=0x000001C4097FF660 root=0x000001C2BDA34200 class=Note name=Note_141 team=0 relative=(266781.10, -237695.70, 56159.09)
2026-08-20 20:52:47.947 [ACTOR] index=187 actor=0x000001C4097FFAF0 root=0x000001C2BDA34400 class=Note name=Note_142 team=0 relative=(266781.10, -215096.70, 56432.99)
2026-08-20 20:52:47.947 [ACTOR] index=188 actor=0x000001C4092C36C0 root=0x000001C2BDA34600 class=Note name=Note_143 team=0 relative=(266781.10, -192879.80, 55362.71)
2026-08-20 20:52:47.947 [ACTOR] index=189 actor=0x000001C4092C3B50 root=0x000001C2BDA34800 class=Note name=Note_144 team=0 relative=(266781.10, -169736.70, 55138.91)
2026-08-20 20:52:47.947 [ACTOR] index=190 actor=0x000001C4092C3FE0 root=0x000001C2BDA36400 class=Note name=Note_145 team=0 relative=(266781.10, -146989.40, 55139.03)
2026-08-20 20:52:47.947 [ACTOR] index=191 actor=0x000001C2B18288E0 root=0x000001C2BDC29E00 class=Note name=Note_0 team=0 relative=(266781.10, -131227.90, 62981.55)
2026-08-20 20:52:47.947 [ACTOR] index=192 actor=0x000001C4092C16D0 root=0x000001C2BDA37600 class=Note name=Note_154 team=0 relative=(283145.50, -308932.90, 61404.32)
2026-08-20 20:52:47.947 [ACTOR] index=193 actor=0x000001C4092C1B60 root=0x000001C2BDA37800 class=Note name=Note_155 team=0 relative=(283145.50, -285927.40, 58900.93)
2026-08-20 20:52:47.947 [ACTOR] index=194 actor=0x000001C4092C1FF0 root=0x000001C2BDA37A00 class=Note name=Note_156 team=0 relative=(283145.50, -262077.40, 58311.54)
2026-08-20 20:52:47.947 [ACTOR] index=195 actor=0x000001C4092C2480 root=0x000001C2BDA37C00 class=Note name=Note_157 team=0 relative=(283145.50, -237695.70, 56159.09)
2026-08-20 20:52:47.947 [ACTOR] index=196 actor=0x000001C4092C2910 root=0x000001C2BDA39800 class=Note name=Note_158 team=0 relative=(283145.50, -215096.70, 56432.99)
2026-08-20 20:52:47.947 [ACTOR] index=197 actor=0x000001C4092C2DA0 root=0x000001C2BDA39A00 class=Note name=Note_159 team=0 relative=(283145.50, -192879.80, 55362.71)
2026-08-20 20:52:47.947 [ACTOR] index=198 actor=0x000001C407CE7210 root=0x000001C2BDA39E00 class=Note name=Note_160 team=0 relative=(283145.50, -169736.70, 55138.91)
2026-08-20 20:52:47.947 [ACTOR] index=199 actor=0x000001C407CE76A0 root=0x000001C2BDA3A000 class=Note name=Note_161 team=0 relative=(283145.50, -146989.40, 55139.03)
2026-08-20 20:52:47.947 [ACTOR] index=200 actor=0x000001C407CE7B30 root=0x000001C2BDA3A200 class=Note name=Note_162 team=0 relative=(283145.50, -128774.10, 55139.04)
2026-08-20 20:52:47.947 [ACTOR] index=201 actor=0x000001C407798D70 root=0x000001C2BD5F3E00 class=Note name=Note_198 team=0 relative=(298741.50, -308932.90, 56600.87)
2026-08-20 20:52:47.947 [ACTOR] index=202 actor=0x000001C40779DF90 root=0x000001C2BD5F7E00 class=Note name=Note_214 team=0 relative=(298741.50, -291363.70, 56441.11)
2026-08-20 20:52:47.947 [ACTOR] index=203 actor=0x000001C405EAD1E0 root=0x000001C2BD5FE800 class=Note name=Note_242 team=0 relative=(298741.50, -274198.90, 56333.44)
2026-08-20 20:52:47.947 [ACTOR] index=204 actor=0x000001C405EA1B60 root=0x000001C2BDC51800 class=Note name=Note_253 team=0 relative=(298741.50, -257524.40, 54615.21)
2026-08-20 20:52:47.947 [ACTOR] index=205 actor=0x000001C405EA1FF0 root=0x000001C2BDC51A00 class=Note name=Note_254 team=0 relative=(298741.50, -240396.30, 54183.29)
2026-08-20 20:52:47.947 [ACTOR] index=206 actor=0x000001C4043D76A0 root=0x000001C2BDABEC00 class=Note name=Note_367 team=0 relative=(298741.50, -223162.00, 53863.17)
2026-08-20 20:52:47.947 [ACTOR] index=207 actor=0x000001C405EA2910 root=0x000001C2BDC53800 class=Note name=Note_256 team=0 relative=(298741.50, -205882.90, 53139.29)
2026-08-20 20:52:47.947 [ACTOR] index=208 actor=0x000001C4043D9FB0 root=0x000001C2BD671800 class=Note name=Note_377 team=0 relative=(298741.50, -189803.00, 53330.18)
2026-08-20 20:52:47.947 [ACTOR] index=209 actor=0x000001C2B182BFA0 root=0x000001C2BDC2A600 class=Note name=Note_101 team=0 relative=(298741.50, -171587.60, 53101.55)
2026-08-20 20:52:47.947 [ACTOR] index=210 actor=0x000001C40569CD50 root=0x000001C2BDC5B800 class=Note name=Note_294 team=0 relative=(322922.10, -171505.90, 54674.75)
2026-08-20 20:52:47.947 [ACTOR] index=211 actor=0x000001C40569DF90 root=0x000001C2BDA3D200 class=Note name=Note_298 team=0 relative=(293482.50, -159816.70, 54674.87)
2026-08-20 20:52:47.947 [ACTOR] index=212 actor=0x000001C407CE2480 root=0x000001C2BDA3D600 class=Note name=Note_173 team=0 relative=(293482.50, -150885.70, 54318.38)
2026-08-20 20:52:47.947 [ACTOR] index=213 actor=0x000001C407CE2DA0 root=0x000001C2BDA3DA00 class=Note name=Note_175 team=0 relative=(293482.50, -145398.90, 54318.38)
2026-08-20 20:52:47.947 [ACTOR] index=214 actor=0x000001C407CE36C0 root=0x000001C2BDA3DE00 class=Note name=Note_177 team=0 relative=(293482.50, -140098.90, 54525.60)
2026-08-20 20:52:47.947 [ACTOR] index=215 actor=0x000001C406AB7B30 root=0x000001C2BAE11400 class=Note name=Note_54 team=0 relative=(293482.50, -134347.70, 54933.64)
2026-08-20 20:52:47.947 [ACTOR] index=216 actor=0x000001C4056E3300 root=0x000001C3E8D08000 class=TogglePainVolume name=TogglePainVolume_41 team=0 relative=(-318094.00, 300617.40, 50954.46)
2026-08-20 20:52:47.947 [ACTOR] index=217 actor=0x000001C4056E4C80 root=0x000001C3E8D08800 class=TogglePainVolume name=TogglePainVolume_42 team=0 relative=(-301841.30, 300617.40, 50954.46)
2026-08-20 20:52:47.947 [ACTOR] index=218 actor=0x000001C4056E8C40 root=0x000001C3E8D09000 class=TogglePainVolume name=TogglePainVolume_43 team=0 relative=(-285561.60, 300617.40, 50954.46)
2026-08-20 20:52:47.947 [ACTOR] index=219 actor=0x000001C4056E52E0 root=0x000001C3E8D09800 class=TogglePainVolume name=TogglePainVolume_44 team=0 relative=(-269227.20, 300617.40, 50954.47)
2026-08-20 20:52:47.947 [ACTOR] index=220 actor=0x000001C403EC0660 root=0x000001C3F4ECA800 class=TogglePainVolume name=TogglePainVolume_18 team=0 relative=(-252916.40, 300617.40, 50954.47)
2026-08-20 20:52:47.947 [ACTOR] index=221 actor=0x000001C403EC52E0 root=0x000001C3F4ECD800 class=TogglePainVolume name=TogglePainVolume_19 team=0 relative=(-236598.60, 300617.40, 50954.47)
2026-08-20 20:52:47.947 [ACTOR] index=222 actor=0x000001C406BDB8E0 root=0x000001C389BF0000 class=TogglePainVolume name=TogglePainVolume_20 team=0 relative=(-220199.00, 300617.40, 50954.47)
2026-08-20 20:52:47.947 [ACTOR] index=223 actor=0x000001C406BDC5A0 root=0x000001C3DC5E5800 class=TogglePainVolume name=TogglePainVolume_21 team=0 relative=(-203884.80, 300617.40, 50954.47)
2026-08-20 20:52:47.947 [ACTOR] index=224 actor=0x000001C406BD85E0 root=0x000001C3EF870000 class=TogglePainVolume name=TogglePainVolume_22 team=0 relative=(-203884.80, 217432.60, 50954.47)
2026-08-20 20:52:47.947 [ACTOR] index=225 actor=0x000001C406BD3FC0 root=0x000001C3EF879800 class=TogglePainVolume name=TogglePainVolume_23 team=0 relative=(-301831.90, 192281.50, 50954.48)
2026-08-20 20:52:47.947 [ACTOR] index=226 actor=0x000001C40455F8A0 root=0x000001C3EF0D2000 class=TogglePainVolume name=TogglePainVolume_24 team=0 relative=(-285488.50, 192281.50, 50954.29)
2026-08-20 20:52:47.947 [ACTOR] index=227 actor=0x000001C404AE2640 root=0x000001C3EF0D9000 class=TogglePainVolume name=TogglePainVolume_25 team=0 relative=(-269161.60, 192281.50, 50954.28)
2026-08-20 20:52:47.947 [ACTOR] index=228 actor=0x000001C404AE0000 root=0x000001C3EF0DE800 class=TogglePainVolume name=TogglePainVolume_26 team=0 relative=(-252820.40, 192281.50, 50954.28)
2026-08-20 20:52:47.947 [ACTOR] index=229 actor=0x000001C404AE3300 root=0x000001C3EEC75000 class=TogglePainVolume name=TogglePainVolume_27 team=0 relative=(-236433.90, 192281.50, 50954.30)
2026-08-20 20:52:47.947 [ACTOR] index=230 actor=0x000001C406941320 root=0x000001C3EEC7E800 class=TogglePainVolume name=TogglePainVolume_28 team=0 relative=(-220059.00, 192281.50, 50954.30)
2026-08-20 20:52:47.948 [ACTOR] index=231 actor=0x000001C406940000 root=0x000001C3ED7E2800 class=TogglePainVolume name=TogglePainVolume_29 team=0 relative=(-203687.50, 123059.80, 50954.30)
2026-08-20 20:52:47.948 [ACTOR] index=232 actor=0x000001C4056ED260 root=0x000001C3ED7E7000 class=TogglePainVolume name=TogglePainVolume_30 team=0 relative=(-282874.10, -222445.10, 50954.35)
2026-08-20 20:52:47.948 [ACTOR] index=233 actor=0x000001C4056E5FA0 root=0x000001C3ED7EE800 class=TogglePainVolume name=TogglePainVolume_31 team=0 relative=(-266505.50, -222445.10, 50954.35)
2026-08-20 20:52:47.948 [ACTOR] index=234 actor=0x000001C4056E5940 root=0x000001C397F7E000 class=TogglePainVolume name=TogglePainVolume_32 team=0 relative=(-250138.40, -222445.10, 50954.38)
2026-08-20 20:52:47.948 [ACTOR] index=235 actor=0x000001C4056E7920 root=0x000001C397F72800 class=TogglePainVolume name=TogglePainVolume_33 team=0 relative=(-233783.80, -222445.10, 50954.50)
2026-08-20 20:52:47.948 [ACTOR] index=236 actor=0x000001C404CF85E0 root=0x000001C3E586D800 class=TogglePainVolume name=TogglePainVolume_81 team=0 relative=(-217378.90, -222445.10, 50954.61)
2026-08-20 20:52:47.948 [ACTOR] index=237 actor=0x000001C403077210 root=0x000001C2BD86BE00 class=Note name=Note_8 team=0 relative=(-319378.40, 276200.80, 52962.69)
2026-08-20 20:52:47.948 [ACTOR] index=238 actor=0x000001C2B1828D70 root=0x000001C2BDC2D000 class=Note name=Note_11 team=0 relative=(-319378.40, 265041.20, 53831.05)
2026-08-20 20:52:47.948 [ACTOR] index=239 actor=0x000001C400BAC430 root=0x000001C2BD9C5C00 class=Note name=Note_485 team=0 relative=(-319378.40, 251744.70, 55320.54)
2026-08-20 20:52:47.948 [ACTOR] index=240 actor=0x000001C40779CD50 root=0x000001C2BD5F7600 class=Note name=Note_21 team=0 relative=(-319378.40, 239862.90, 55578.19)
2026-08-20 20:52:47.948 [ACTOR] index=241 actor=0x000001C407530920 root=0x000001C2BD5FAE00 class=Note name=Note_23 team=0 relative=(-319378.40, 222247.80, 55578.19)
2026-08-20 20:52:47.948 [ACTOR] index=242 actor=0x000001C407530DB0 root=0x000001C2BD5FD000 class=Note name=Note_230 team=0 relative=(-319378.40, 210298.00, 55578.21)
2026-08-20 20:52:47.948 [ACTOR] index=243 actor=0x000001C405EA0920 root=0x000001C2BDC51000 class=Note name=Note_25 team=0 relative=(-302308.40, 210298.00, 55578.21)
2026-08-20 20:52:47.948 [ACTOR] index=244 actor=0x000001C405EA3B50 root=0x000001C2BDC54000 class=Note name=Note_26 team=0 relative=(-302308.40, 222598.60, 55578.22)
2026-08-20 20:52:47.948 [ACTOR] index=245 actor=0x000001C404A42480 root=0x000001C2BDABAC00 class=Note name=Note_35 team=0 relative=(-302308.40, 234725.90, 55578.22)
2026-08-20 20:52:47.948 [ACTOR] index=246 actor=0x000001C404A456B0 root=0x000001C2BDABDC00 class=Note name=Note_36 team=0 relative=(-302308.40, 246545.60, 55578.12)
2026-08-20 20:52:47.948 [ACTOR] index=247 actor=0x000001C4043D8450 root=0x000001C2BD670C00 class=Note name=Note_37 team=0 relative=(-302308.40, 258196.60, 53599.48)
2026-08-20 20:52:47.948 [ACTOR] index=248 actor=0x000001C4043DAD60 root=0x000001C2BD671E00 class=Note name=Note_38 team=0 relative=(-302308.40, 270814.30, 52863.58)
2026-08-20 20:52:47.948 [ACTOR] index=249 actor=0x000001C407FC9B20 root=0x000001C2BD9CBE00 class=Note name=Note_519 team=0 relative=(-302308.40, 285176.90, 53633.03)
2026-08-20 20:52:47.948 [ACTOR] index=250 actor=0x000001C407FCAD60 root=0x000001C2BD9CE200 class=Note name=Note_524 team=0 relative=(-286479.60, 299658.00, 56168.71)
2026-08-20 20:52:47.948 [ACTOR] index=251 actor=0x000001C403D93B50 root=0x000001C2BD677E00 class=Note name=Note_41 team=0 relative=(-286479.60, 289135.10, 55555.27)
2026-08-20 20:52:47.948 [ACTOR] index=252 actor=0x000001C403D91B60 root=0x000001C2BD67A800 class=Note name=Note_42 team=0 relative=(-286479.60, 278187.30, 56168.69)
2026-08-20 20:52:47.948 [ACTOR] index=253 actor=0x000001C406AB56B0 root=0x000001C2BD9CEA00 class=Note name=Note_53 team=0 relative=(-286479.60, 268339.10, 56168.69)
2026-08-20 20:52:47.955 [INFO] Level 0x000001C3D99CFC00: Actors data=0x000001C36B811E40, count=85
2026-08-20 20:52:47.955 [INFO] Level 0x000001C2C0AFFC00: Actors data=0x000001C2D945B280, count=385
2026-08-20 20:52:47.957 [INFO] Level 0x000001C3F69CFC00: Actors data=0x000001C368F1DB00, count=281
2026-08-20 20:52:47.958 [INFO] Level 0x000001C3617E8C00: Actors data=0x000001C2D96AE880, count=3
2026-08-20 20:52:47.958 [INFO] Level 0x000001C40A3E9A00: Actors data=0x000001C36B4CBE50, count=2
2026-08-20 20:52:47.958 [INFO] Level 0x000001C3C2DBB280: Actors data=0x000001C2C138CA80, count=44
2026-08-20 20:52:47.958 [INFO] Level 0x000001C2B17D4280: Actors data=0x000001C2D019CBA0, count=11
2026-08-20 20:52:47.958 [INFO] Level 0x000001C3A6F06900: Actors data=0x000001C2D96AE940, count=4
2026-08-20 20:52:47.958 [INFO] Level 0x000001C35D1C0E00: Actors data=0x000001C3FD237E00, count=4
2026-08-20 20:52:47.958 [INFO] Level 0x000001C2CC35A800: Actors data=0x000001C2B17D5E80, count=99
2026-08-20 20:52:47.959 [INFO] Level 0x000001C3667B3480: Actors data=0x000001C37A1A7000, count=437
2026-08-20 20:52:47.960 [INFO] Level 0x000001C36A945400: Actors data=0x000001C3CD43FAA0, count=17
2026-08-20 20:52:47.960 [INFO] Level 0x000001C3EFC3F880: Actors data=0x000001C47E264C80, count=373
2026-08-20 20:52:47.961 [INFO] Level 0x000001C2820AF500: Actors data=0x000001C3A4AD6660, count=1503
2026-08-20 20:52:47.967 [INFO] Level 0x000001C5ADCF2A00: Actors data=0x000001C3F50E61C0, count=3
2026-08-20 20:52:47.967 [INFO] Level 0x000001C5ADCF5780: Actors data=0x000001C2EA72AA80, count=1310
2026-08-20 20:52:47.972 [INFO] Level 0x000001C5ADCFEA80: Actors data=0x000001C3E9F01160, count=3
2026-08-20 20:52:47.972 [INFO] Level 0x000001C5A39E3800: Actors data=0x000001C5319DEF80, count=3
2026-08-20 20:52:47.972 [INFO] Level 0x000001C5A39E9300: Actors data=0x000001C39A369990, count=1377
2026-08-20 20:52:47.977 [INFO] Level 0x000001C4FD664980: Actors data=0x000001C55BB976A0, count=269
2026-08-20 20:52:47.978 [INFO] Level 0x000001C55D30C400: Actors data=0x000001C47B6F6200, count=3
2026-08-20 20:52:47.978 [INFO] Level 0x000001C55D30BD00: Actors data=0x000001C341C41FE0, count=297
2026-08-20 20:52:47.979 [INFO] Level 0x000001C564003100: Actors data=0x000001C564E34000, count=963
2026-08-20 20:52:47.983 [INFO] Level 0x000001C56521FC00: Actors data=0x000001C59B188160, count=3
2026-08-20 20:52:47.983 [INFO] Level 0x000001C47B6E7700: Actors data=0x000001C4C6D1DB00, count=515
2026-08-20 20:52:47.985 [INFO] Level 0x000001C362AA2D80: Actors data=0x000001C3AB77BC00, count=31
2026-08-20 20:52:47.985 [INFO] Traversal summary: levels=27 actorPointers=9977 roots=9962 locations=9962 logged=250 rejectedReads=257
2026-08-20 20:52:48.005 [INFO] Player skeleton mapped from the live skeletal mesh (94 bones).
2026-08-20 20:52:48.024 [INFO] Tracker snapshot: dinos=128 structures=90 players=2 turrets=32 localPlayer=True localTeam=1441134301 camera=True fov=112.5 movement=False cameraPos=(114764.00, 38000.05, 20588.90) cameraRot=(-12.90, 8.64, 0.00) rejectedReads=0
2026-08-20 20:52:48.024 [INFO] PLAYER actor=0x000001C464F89240 root=0x000001C3FB514000 name=You're still alive tribe=Evil Empire team=1441134301 pos=(116298.00, 38231.57, 19708.17)
2026-08-20 20:52:48.024 [INFO] PLAYER actor=0x000001C487B0B6D0 root=0x000001C49C9E2800 name=Pyatachek tribe=Evil Empire team=1441134301 pos=(134796.00, 43825.00, 2765.00)
2026-08-20 20:52:48.024 [INFO] TRACK kind=Structure class=BP_DedicatedStorageSP_C name=S+ Dedicated Storage level=0 team=1441134301 pos=(-253680.10, -327976.40, 100858.60) weapon= bones=0
2026-08-20 20:52:48.024 [INFO] TRACK kind=Player class=PlayerPawnTest_Female_C name=You're still alive level=0 team=1441134301 pos=(116298.00, 38231.57, 19708.17) weapon=Fists Female bones=17
2026-08-20 20:52:48.024 [INFO] TRACK kind=Structure class=SupplyCrate_Level50_Aberrant_Surface_C name=Supply Crate level=0 team=0 pos=(140346.00, -240693.10, 58063.79) weapon= bones=0
2026-08-20 20:52:48.024 [INFO] TRACK kind=Structure class=SupplyCrate_Level35_Aberrant_Surface_C name=Supply Crate level=0 team=0 pos=(-250040.40, 217668.20, 55030.79) weapon= bones=0
2026-08-20 20:52:48.024 [INFO] TRACK kind=Structure class=SupplyCrate_Level35_Aberrant_Surface_C name=Supply Crate level=0 team=0 pos=(-305608.70, 199094.90, 54257.35) weapon= bones=0
2026-08-20 20:52:48.024 [INFO] TRACK kind=Structure class=SupplyCrate_Level65_Aberrant_Surface_C name=Supply Crate level=0 team=0 pos=(-235573.00, 221472.00, 55723.11) weapon= bones=0
2026-08-20 20:52:48.024 [INFO] TRACK kind=Structure class=SupplyCrate_Level50_Aberrant_Surface_C name=Supply Crate level=0 team=0 pos=(-235503.30, -267121.10, 64291.95) weapon= bones=0
2026-08-20 20:52:48.024 [INFO] TRACK kind=Structure class=SupplyCrate_Level35_Aberrant_Surface_C name=Supply Crate level=0 team=0 pos=(-251222.80, -234922.30, 58855.69) weapon= bones=0
2026-08-20 20:52:48.024 [INFO] TRACK kind=Dino class=Achatina_Character_BP_Aberrant_C name=Aberrant Achatina level=120 team=0 pos=(119366.90, 48536.80, 25299.50) weapon= bones=0
2026-08-20 20:52:48.024 [INFO] TRACK kind=Dino class=DungBeetle_Character_BP_Aberrant_C name=Aberrant Dung Beetle level=73 team=5 pos=(120494.90, 46906.20, 25748.40) weapon= bones=0
2026-08-20 20:52:48.024 [INFO] TRACK kind=Dino class=Achatina_Character_BP_Aberrant_C name=Aberrant Achatina level=26 team=0 pos=(120249.50, 46585.50, 25625.50) weapon= bones=0
2026-08-20 20:52:48.024 [INFO] TRACK kind=Dino class=Eel_Character_BP_Aberrant_C name=Aberrant Electrophorus level=180 team=9 pos=(128019.50, 58852.81, 17469.09) weapon= bones=0
2026-08-20 20:52:48.024 [INFO] TRACK kind=Dino class=Angler_Character_BP_Aberrant_C name=Aberrant Anglerfish level=120 team=9 pos=(130628.00, 49333.78, 17498.29) weapon= bones=0
2026-08-20 20:52:48.024 [INFO] TRACK kind=Dino class=Crab_Character_BP_C name=Karkinos level=174 team=7 pos=(127661.40, 49177.50, 15152.24) weapon= bones=0
2026-08-20 20:52:48.024 [INFO] TRACK kind=Dino class=Toad_Character_BP_Aberrant_C name=Aberrant Beelzebufo level=60 team=5 pos=(119610.10, 57127.09, 18088.00) weapon= bones=0
2026-08-20 20:52:48.024 [INFO] TRACK kind=Dino class=Eel_Character_BP_Aberrant_C name=Aberrant Electrophorus level=60 team=9 pos=(118634.30, 56764.01, 17579.28) weapon= bones=0
2026-08-20 20:52:48.024 [INFO] TRACK kind=Dino class=Trilobite_Character_Aberrant_C name=Aberrant Trilobite level=67 team=8 pos=(124451.00, 56120.00, 17178.00) weapon= bones=0
2026-08-20 20:52:48.024 [INFO] TRACK kind=Dino class=Trilobite_Character_Aberrant_C name=Aberrant Trilobite level=73 team=8 pos=(123784.80, 56464.83, 17287.06) weapon= bones=0
2026-08-20 20:52:48.024 [INFO] TRACK kind=Dino class=Baryonyx_Character_BP_Aberrant_C name=Aberrant Baryonyx level=26 team=5 pos=(112517.00, 58709.00, 18165.82) weapon= bones=0
2026-08-20 20:52:48.024 [INFO] TRACK kind=Dino class=Trilobite_Character_Aberrant_C name=Aberrant Trilobite level=134 team=8 pos=(124626.30, 51834.09, 15260.41) weapon= bones=0
2026-08-20 20:52:48.024 [INFO] TRACK kind=Dino class=Trilobite_Character_Aberrant_C name=Aberrant Trilobite level=33 team=8 pos=(117429.40, 51820.63, 17291.57) weapon= bones=0
2026-08-20 20:52:48.024 [INFO] TRACK kind=Dino class=Angler_Character_BP_Aberrant_C name=Aberrant Anglerfish level=67 team=9 pos=(112472.00, 45301.00, 17947.00) weapon= bones=0
2026-08-20 20:52:48.024 [INFO] TRACK kind=Dino class=Crab_Character_BP_C name=Karkinos level=134 team=7 pos=(123441.80, 46239.58, 18886.09) weapon= bones=0
2026-08-20 20:52:48.024 [INFO] TRACK kind=Dino class=Angler_Character_BP_Aberrant_C name=Aberrant Anglerfish level=194 team=9 pos=(126032.00, 41597.00, 11298.00) weapon= bones=0
2026-08-20 20:52:48.024 [INFO] TRACK kind=Dino class=Baryonyx_Character_BP_Aberrant_C name=Aberrant Baryonyx level=134 team=5 pos=(128892.90, 43221.48, 18172.00) weapon= bones=0
2026-08-20 20:52:48.024 [INFO] TRACK kind=Dino class=Angler_Character_BP_Aberrant_C name=Aberrant Anglerfish level=187 team=9 pos=(128010.00, 34692.99, 17261.27) weapon= bones=0
2026-08-20 20:52:48.024 [INFO] TRACK kind=Dino class=Trilobite_Character_Aberrant_C name=Aberrant Trilobite level=67 team=8 pos=(130396.90, 36613.42, 16442.50) weapon= bones=0
2026-08-20 20:52:48.024 [INFO] TRACK kind=Dino class=Toad_Character_BP_Aberrant_C name=Aberrant Beelzebufo level=20 team=5 pos=(130043.30, 37923.30, 18214.00) weapon= bones=0
2026-08-20 20:52:48.024 [INFO] TRACK kind=Dino class=Achatina_Character_BP_Aberrant_C name=Aberrant Achatina level=180 team=0 pos=(119960.40, 43907.60, 18667.93) weapon= bones=0
2026-08-20 20:52:48.024 [INFO] TRACK kind=Dino class=Dimetro_Character_BP_Aberrant_C name=Aberrant Dimetrodon level=194 team=5 pos=(116799.30, 39258.96, 17679.71) weapon= bones=0
2026-08-20 20:52:48.024 [INFO] TRACK kind=Dino class=Dimetro_Character_BP_Aberrant_C name=Aberrant Dimetrodon level=33 team=5 pos=(109028.00, 45674.00, 18153.00) weapon= bones=0
2026-08-20 20:52:48.024 [INFO] TRACK kind=Dino class=Trilobite_Character_Aberrant_C name=Aberrant Trilobite level=26 team=8 pos=(123128.00, 35038.00, 16067.00) weapon= bones=0
2026-08-20 20:52:48.024 [INFO] TRACK kind=Dino class=Trilobite_Character_Aberrant_C name=Aberrant Trilobite level=33 team=8 pos=(118475.00, 38331.00, 17066.00) weapon= bones=0
2026-08-20 20:52:48.024 [INFO] TRACK kind=Dino class=Angler_Character_BP_Aberrant_C name=Aberrant Anglerfish level=67 team=9 pos=(119287.30, 29608.65, 17693.17) weapon= bones=0
2026-08-20 20:52:48.025 [INFO] TRACK kind=Dino class=Achatina_Character_BP_Aberrant_C name=Aberrant Achatina level=80 team=0 pos=(111722.80, 34905.00, 18485.06) weapon= bones=0
2026-08-20 20:52:48.025 [INFO] TRACK kind=Dino class=Eel_Character_BP_Aberrant_C name=Aberrant Electrophorus level=134 team=9 pos=(115898.70, 36986.88, 17968.63) weapon= bones=0
2026-08-20 20:52:48.025 [INFO] TRACK kind=Dino class=Trilobite_Character_Aberrant_C name=Aberrant Trilobite level=120 team=8 pos=(113075.40, 39214.23, 18256.95) weapon= bones=0
2026-08-20 20:52:48.025 [INFO] TRACK kind=Dino class=ChupaCabra_Character_BP_C name=Nameless level=26 team=7 pos=(101208.30, 46225.00, 27923.30) weapon= bones=0
2026-08-20 20:52:48.025 [INFO] TRACK kind=Dino class=Achatina_Character_BP_Aberrant_C name=Aberrant Achatina level=194 team=0 pos=(99451.97, 58712.18, 18855.41) weapon= bones=0
2026-08-20 20:52:48.025 [INFO] TRACK kind=Dino class=LanternGoat_Character_BP_C name=Shinehorn level=33 team=11 pos=(105558.50, 56966.84, 18548.63) weapon= bones=0
2026-08-20 20:52:48.025 [INFO] TRACK kind=Dino class=Sarco_Character_BP_Aberrant_C name=Aberrant Sarco level=33 team=5 pos=(102298.50, 52810.52, 18648.45) weapon= bones=0
2026-08-20 20:52:48.025 [INFO] TRACK kind=Dino class=Toad_Character_BP_Aberrant_C name=Aberrant Beelzebufo level=187 team=5 pos=(108177.20, 51013.71, 18229.57) weapon= bones=0
2026-08-20 20:52:48.025 [INFO] TRACK kind=Dino class=Dimetro_Character_BP_Aberrant_C name=Aberrant Dimetrodon level=20 team=5 pos=(110781.00, 52957.00, 18238.00) weapon= bones=0
2026-08-20 20:52:48.025 [INFO] TRACK kind=Dino class=Achatina_Character_BP_Aberrant_C name=Aberrant Achatina level=80 team=0 pos=(100334.80, 50055.93, 18679.16) weapon= bones=0
2026-08-20 20:52:48.025 [INFO] TRACK kind=Dino class=RockDrake_Character_BP_C name=Rock Drake level=26 team=7 pos=(110926.00, 34711.00, 18757.00) weapon= bones=0
2026-08-20 20:52:48.025 [INFO] TRACK kind=Dino class=ChupaCabra_Character_BP_C name=Nameless level=73 team=7 pos=(106271.50, 42981.00, 18453.60) weapon= bones=0
2026-08-20 20:52:48.025 [INFO] TRACK kind=Dino class=RockDrake_Character_BP_C name=Rock Drake level=127 team=7 pos=(104815.00, 44579.00, 18626.00) weapon= bones=0
2026-08-20 20:52:48.025 [INFO] TRACK kind=Dino class=Dimetro_Character_BP_Aberrant_C name=Aberrant Dimetrodon level=80 team=5 pos=(105488.00, 44674.00, 18382.00) weapon= bones=0
2026-08-20 20:52:48.025 [INFO] TRACK kind=Dino class=Iguanodon_Character_BP_Aberrant_C name=Aberrant Iguanodon level=60 team=1 pos=(104373.60, 41990.63, 18758.89) weapon= bones=0
2026-08-20 20:52:48.025 [INFO] TRACK kind=Dino class=Crab_Character_BP_C name=Karkinos level=127 team=7 pos=(99418.95, 38743.20, 19112.44) weapon= bones=0
2026-08-20 20:52:48.025 [INFO] TRACK kind=Dino class=Iguanodon_Character_BP_Aberrant_C name=Aberrant Iguanodon level=201 team=1 pos=(109047.30, 38727.19, 19080.58) weapon= bones=0
2026-08-20 20:52:48.025 [INFO] TRACK kind=Dino class=Ankylo_Character_BP_Aberrant_C name=Aberrant Ankylosaurus level=26 team=1 pos=(103789.60, 37708.63, 19031.00) weapon= bones=0
2026-08-20 20:52:48.025 [INFO] TRACK kind=Dino class=ChupaCabra_Character_BP_C name=Nameless level=20 team=7 pos=(115034.90, 37713.99, 18232.00) weapon= bones=0
2026-08-20 20:52:48.025 [INFO] TRACK kind=Dino class=Trilobite_Character_Aberrant_C name=Aberrant Trilobite level=26 team=8 pos=(111623.00, 37131.48, 18456.82) weapon= bones=0
2026-08-20 20:52:48.025 [INFO] TRACK kind=Dino class=Dimetro_Character_BP_Aberrant_C name=Aberrant Dimetrodon level=20 team=5 pos=(109523.00, 38712.00, 18953.00) weapon= bones=0
2026-08-20 20:52:48.025 [INFO] TRACK kind=Dino class=Toad_Character_BP_Aberrant_C name=Aberrant Beelzebufo level=127 team=5 pos=(100509.00, 38838.00, 18959.00) weapon= bones=0
2026-08-20 20:52:48.025 [INFO] TRACK kind=Dino class=Iguanodon_Character_BP_Aberrant_C name=Aberrant Iguanodon level=60 team=1 pos=(128255.80, 25226.90, 25892.70) weapon= bones=0
2026-08-20 20:52:48.025 [INFO] TRACK kind=Dino class=Iguanodon_Character_BP_Aberrant_C name=Aberrant Iguanodon level=20 team=1 pos=(125934.00, 26441.00, 25624.00) weapon= bones=0
2026-08-20 20:52:48.025 [INFO] TRACK kind=Dino class=Achatina_Character_BP_Aberrant_C name=Aberrant Achatina level=113 team=0 pos=(126178.30, 26597.26, 25655.93) weapon= bones=0
2026-08-20 20:52:48.025 [INFO] TRACK kind=Dino class=Achatina_Character_BP_Aberrant_C name=Aberrant Achatina level=180 team=0 pos=(129854.50, 31155.45, 19640.69) weapon= bones=0
2026-08-20 20:52:48.025 [INFO] TRACK kind=Dino class=Angler_Character_BP_Aberrant_C name=Aberrant Anglerfish level=26 team=9 pos=(123446.00, 32718.18, 17213.85) weapon= bones=0
2026-08-20 20:52:48.025 [INFO] TRACK kind=Dino class=Baryonyx_Character_BP_Aberrant_C name=Aberrant Baryonyx level=33 team=5 pos=(122777.60, 36511.27, 17342.94) weapon= bones=0
2026-08-20 20:52:48.025 [INFO] TRACK kind=Dino class=Dimetro_Character_BP_Aberrant_C name=Aberrant Dimetrodon level=120 team=5 pos=(113704.00, 31114.00, 18258.00) weapon= bones=0
2026-08-20 20:52:48.025 [INFO] TRACK kind=Dino class=Trilobite_Character_Aberrant_C name=Aberrant Trilobite level=26 team=8 pos=(110886.20, 34334.57, 18560.43) weapon= bones=0
2026-08-20 20:52:48.025 [INFO] TRACK kind=Dino class=Trilobite_Character_Aberrant_C name=Aberrant Trilobite level=174 team=8 pos=(112693.70, 29038.83, 18025.41) weapon= bones=0
2026-08-20 20:52:48.025 [INFO] TRACK kind=Dino class=Sarco_Character_BP_Aberrant_C name=Aberrant Sarco level=187 team=5 pos=(119213.90, 44298.68, 18783.45) weapon= bones=0
2026-08-20 20:52:48.025 [INFO] TRACK kind=Dino class=DungBeetle_Character_BP_Aberrant_C name=Aberrant Dung Beetle level=20 team=5 pos=(121897.00, 26407.74, 18500.21) weapon= bones=0
2026-08-20 20:52:48.025 [INFO] TRACK kind=Dino class=ChupaCabra_Character_BP_C name=Nameless level=26 team=7 pos=(114608.30, 23400.30, 17868.90) weapon= bones=0
2026-08-20 20:52:48.025 [INFO] TRACK kind=Dino class=DungBeetle_Character_BP_Aberrant_C name=Aberrant Dung Beetle level=113 team=5 pos=(106469.70, 29912.34, 18387.41) weapon= bones=0
2026-08-20 20:52:48.025 [INFO] TRACK kind=Dino class=DungBeetle_Character_BP_Aberrant_C name=Aberrant Dung Beetle level=134 team=5 pos=(105555.40, 31620.38, 18749.10) weapon= bones=0
2026-08-20 20:52:48.025 [INFO] TRACK kind=Dino class=Toad_Character_BP_Aberrant_C name=Aberrant Beelzebufo level=26 team=5 pos=(106298.40, 29284.34, 18296.16) weapon= bones=0
2026-08-20 20:52:48.025 [INFO] TRACK kind=Dino class=Ankylo_Character_BP_Aberrant_C name=Aberrant Ankylosaurus level=187 team=1 pos=(106350.00, 32394.00, 19018.00) weapon= bones=0
2026-08-20 20:52:48.025 [INFO] TRACK kind=Dino class=Achatina_Character_BP_Aberrant_C name=Aberrant Achatina level=73 team=0 pos=(109738.70, 23853.90, 20323.90) weapon= bones=0
2026-08-20 20:52:48.025 [INFO] TRACK kind=Dino class=Achatina_Character_BP_Aberrant_C name=Aberrant Achatina level=80 team=0 pos=(105012.00, 28090.50, 17854.07) weapon= bones=0
2026-08-20 20:52:48.025 [INFO] TRACK kind=Dino class=ChupaCabra_Character_BP_C name=Nameless level=194 team=7 pos=(101197.30, 26428.20, 17057.80) weapon= bones=0
2026-08-20 20:52:48.025 [INFO] TRACK kind=Dino class=Achatina_Character_BP_Aberrant_C name=Aberrant Achatina level=180 team=0 pos=(102480.50, 25454.92, 16747.01) weapon= bones=0
2026-08-20 20:52:48.025 [INFO] TRACK kind=Structure class=AwesomeTeleporters_Teleporter_C name=Awesome Teleporter level=0 team=1441134301 pos=(119482.10, 44341.80, 18578.20) weapon= bones=0
2026-08-20 20:52:48.025 [INFO] TRACK kind=Structure class=Structure_PlantSpeciesZ_Wild_C name=Structure PlantSpeciesZ Wild level=0 team=0 pos=(123414.00, 43870.00, 18650.00) weapon= bones=0
2026-08-20 20:52:48.025 [INFO] TRACK kind=Structure class=PrimalStructurePowerNode_C name=Charge Node level=0 team=0 pos=(103945.00, 39105.00, 18625.00) weapon= bones=0
2026-08-20 20:52:48.025 [INFO] TRACK kind=Dino class=Iguanodon_Character_BP_Aberrant_C name=Aberrant Iguanodon level=73 team=1 pos=(96449.68, 45979.13, 19220.90) weapon= bones=0
2026-08-20 20:52:48.025 [INFO] TRACK kind=Dino class=MoleRat_Character_BP_C name=Roll Rat level=26 team=1 pos=(96857.77, 39117.86, 19574.84) weapon= bones=0
2026-08-20 20:52:48.025 [INFO] TRACK kind=Dino class=Angler_Character_BP_Aberrant_C name=Aberrant Anglerfish level=67 team=9 pos=(114263.90, 21488.72, 12370.01) weapon= bones=0
2026-08-20 20:52:48.025 [INFO] TRACK kind=Dino class=DungBeetle_Character_BP_Aberrant_C name=Aberrant Dung Beetle level=60 team=5 pos=(122193.20, 20276.25, 19746.81) weapon= bones=0
2026-08-20 20:52:48.025 [INFO] TRACK kind=Dino class=Iguanodon_Character_BP_Aberrant_C name=Aberrant Iguanodon level=174 team=1 pos=(97346.58, 21531.95, 15406.74) weapon= bones=0
2026-08-20 20:52:48.025 [INFO] TRACK kind=Dino class=Bigfoot_Character_BP_Aberrant_C name=Aberrant Gigantopithecus level=127 team=11 pos=(124499.10, 19634.10, 21233.50) weapon= bones=0
2026-08-20 20:52:48.025 [INFO] TRACK kind=Dino class=Trilobite_Character_Aberrant_C name=Aberrant Trilobite level=134 team=8 pos=(114180.20, 19259.09, 12690.01) weapon= bones=0
2026-08-20 20:52:48.025 [INFO] TRACK kind=Dino class=Iguanodon_Character_BP_Aberrant_C name=Aberrant Iguanodon level=33 team=1 pos=(100236.40, 18991.45, 14554.90) weapon= bones=0
2026-08-20 20:52:48.025 [INFO] TRACK kind=Structure class=Structure_PlantSpeciesZ_Wild_C name=Structure PlantSpeciesZ Wild level=0 team=0 pos=(96799.00, 48266.00, 19021.00) weapon= bones=0
2026-08-20 20:52:48.025 [INFO] TRACK kind=Dino class=Bigfoot_Character_BP_Aberrant_C name=Aberrant Gigantopithecus level=20 team=11 pos=(97649.63, 33751.86, 18981.53) weapon= bones=0
2026-08-20 20:52:48.025 [INFO] TRACK kind=Dino class=Eel_Character_BP_Aberrant_C name=Aberrant Electrophorus level=20 team=9 pos=(108017.30, 17721.73, 13447.39) weapon= bones=0
2026-08-20 20:52:48.025 [INFO] TRACK kind=Dino class=ChupaCabra_Character_BP_C name=Nameless level=26 team=7 pos=(117042.00, 17894.00, 13513.00) weapon= bones=0
2026-08-20 20:52:48.025 [INFO] TRACK kind=Dino class=Achatina_Character_BP_Aberrant_C name=Aberrant Achatina level=187 team=0 pos=(94599.50, 53016.80, 19428.10) weapon= bones=0
2026-08-20 20:52:48.025 [INFO] TRACK kind=Dino class=Sarco_Character_BP_Aberrant_C name=Aberrant Sarco level=33 team=5 pos=(94984.50, 56601.89, 19471.80) weapon= bones=0
2026-08-20 20:52:48.025 [INFO] TRACK kind=Dino class=Achatina_Character_BP_Aberrant_C name=Aberrant Achatina level=113 team=0 pos=(94551.45, 56638.49, 19338.08) weapon= bones=0
2026-08-20 20:52:48.025 [INFO] TRACK kind=Dino class=Iguanodon_Character_BP_Aberrant_C name=Aberrant Iguanodon level=113 team=1 pos=(119864.00, 17584.00, 19028.00) weapon= bones=0
2026-08-20 20:52:48.025 [INFO] TRACK kind=Dino class=Trilobite_Character_Aberrant_C name=Aberrant Trilobite level=127 team=8 pos=(115693.10, 18181.77, 13161.93) weapon= bones=0
2026-08-20 20:52:48.025 [INFO] TRACK kind=Dino class=Iguanodon_Character_BP_Aberrant_C name=Aberrant Iguanodon level=26 team=1 pos=(96332.54, 47866.52, 19238.87) weapon= bones=0
2026-08-20 20:52:48.025 [INFO] TRACK kind=Dino class=Dimetro_Character_BP_Aberrant_C name=Aberrant Dimetrodon level=80 team=5 pos=(124298.00, 16761.00, 18271.00) weapon= bones=0
2026-08-20 20:52:48.025 [INFO] TRACK kind=Dino class=LanternGoat_Character_BP_C name=Shinehorn level=20 team=11 pos=(95335.00, 32365.00, 18450.00) weapon= bones=0
2026-08-20 20:52:48.025 [INFO] TRACK kind=Dino class=Cnidaria_Character_BP_Aberrant_C name=Aberrant Cnidaria level=20 team=10 pos=(120950.00, 37879.00, 15994.00) weapon= bones=0
2026-08-20 20:53:00.923 [INFO] ARK Tracker read-only diagnostic MVP
2026-08-20 20:53:00.923 [INFO] Target: ARK: Survival Evolved / ShooterGame.exe / UE4 / x64
2026-08-20 20:53:00.923 [INFO] Access mask: PROCESS_QUERY_INFORMATION | PROCESS_VM_READ (0x0410). No write/injection APIs are used.
2026-08-20 20:53:00.925 [INFO] Security context: elevated=True SeDebugPrivilege=enabled
2026-08-20 20:53:00.945 [INFO] Process: name=ShooterGame.exe pid=16336 parentPid=15052 threads=123
2026-08-20 20:53:00.946 [INFO] Read-only process handle opened successfully.
2026-08-20 20:53:00.949 [INFO] Module: XINPUT1_3.dll base=0x0000000000400000 size=0x1E000 path=C:\WINDOWS\SYSTEM32\XINPUT1_3.dll
2026-08-20 20:53:00.949 [INFO] Module: steam_api64.dll base=0x000000005C5B0000 size=0x37000 path=C:\Program Files (x86)\Steam\steamapps\common\ARK\Engine\Binaries\ThirdParty\Steamworks\Steamv132\Win64\steam_api64.dll
2026-08-20 20:53:00.949 [INFO] Module: X3DAudio1_7.dll base=0x000000005C5F0000 size=0x9000 path=C:\WINDOWS\SYSTEM32\X3DAudio1_7.dll
2026-08-20 20:53:00.949 [INFO] Module: ShooterGame.exe base=0x00007FF673E80000 size=0x4DAB000 path=C:\Program Files (x86)\Steam\steamapps\common\ARK\ShooterGame\Binaries\Win64\ShooterGame.exe
2026-08-20 20:53:00.949 [INFO] Module: vivoxsdk.dll base=0x00007FFDB4B80000 size=0xC4A000 path=C:\Program Files (x86)\Steam\steamapps\common\ARK\Engine\Binaries\ThirdParty\VivoxCoreLibrary\Windows\Win64\vivoxsdk.dll
2026-08-20 20:53:00.949 [INFO] Module: wmvdecod.dll base=0x00007FFDB57D0000 size=0x2A7000 path=C:\Windows\System32\wmvdecod.dll
2026-08-20 20:53:00.949 [INFO] Module: mfasfsrcsnk.dll base=0x00007FFDB91C0000 size=0x184000 path=C:\WINDOWS\System32\mfasfsrcsnk.dll
2026-08-20 20:53:00.949 [INFO] Module: APEX_Legacy_x64.dll base=0x00007FFDB9350000 size=0x36F000 path=C:\Program Files (x86)\Steam\steamapps\common\ARK\Engine\Binaries\ThirdParty\PhysX\PhysX-3.4\Win64\VS2013\APEX_Legacy_x64.dll
2026-08-20 20:53:00.949 [INFO] Module: NvCamera64.dll base=0x00007FFDB9750000 size=0x883000 path=C:\WINDOWS\System32\DriverStore\FileRepository\nvrfi.inf_amd64_87b4cb6242e17d7d\NvCamera\NvCamera64.dll
2026-08-20 20:53:00.949 [INFO] Module: APEX_Destructible_x64.dll base=0x00007FFDBA490000 size=0x244000 path=C:\Program Files (x86)\Steam\steamapps\common\ARK\Engine\Binaries\ThirdParty\PhysX\PhysX-3.4\Win64\VS2013\APEX_Destructible_x64.dll
2026-08-20 20:53:00.949 [INFO] Module: PhysX3_x64.dll base=0x00007FFDC0980000 size=0x2B1000 path=C:\Program Files (x86)\Steam\steamapps\common\ARK\Engine\Binaries\ThirdParty\PhysX\PhysX-3.4\Win64\VS2013\PhysX3_x64.dll
2026-08-20 20:53:00.949 [INFO] Module: PhysX3Common_x64.dll base=0x00007FFDC0C40000 size=0x1E4000 path=C:\Program Files (x86)\Steam\steamapps\common\ARK\Engine\Binaries\ThirdParty\PhysX\PhysX-3.4\Win64\VS2013\PhysX3Common_x64.dll
2026-08-20 20:53:00.949 [INFO] Module: d3dcompiler_47_64.dll base=0x00007FFDC28B0000 size=0x48D000 path=C:\WINDOWS\System32\DriverStore\FileRepository\nvrfi.inf_amd64_87b4cb6242e17d7d\NvCamera\d3dcompiler_47_64.dll
2026-08-20 20:53:00.949 [INFO] Module: libprotobuf.dll base=0x00007FFDC2D50000 size=0x276000 path=C:\Program Files (x86)\Steam\steamapps\common\ARK\ShooterGame\Binaries\Win64\libprotobuf.dll
2026-08-20 20:53:00.949 [INFO] Module: APEXFramework_x64.dll base=0x00007FFDC3AF0000 size=0x12D000 path=C:\Program Files (x86)\Steam\steamapps\common\ARK\Engine\Binaries\ThirdParty\PhysX\PhysX-3.4\Win64\VS2013\APEXFramework_x64.dll
2026-08-20 20:53:00.949 [INFO] Module: gameoverlayrenderer64.dll base=0x00007FFDC3C20000 size=0x1B7000 path=C:\Program Files (x86)\Steam\gameoverlayrenderer64.dll
2026-08-20 20:53:00.949 [INFO] Module: libvorbis_64.dll base=0x00007FFDC4F30000 size=0x1A5000 path=C:\Program Files (x86)\Steam\steamapps\common\ARK\Engine\Binaries\ThirdParty\Vorbis\Win64\VS2013\libvorbis_64.dll
2026-08-20 20:53:00.949 [INFO] Module: nvppex.dll base=0x00007FFDCE730000 size=0x727000 path=C:\WINDOWS\System32\DriverStore\FileRepository\nvrfi.inf_amd64_87b4cb6242e17d7d\nvppex.dll
2026-08-20 20:53:00.949 [INFO] Module: nvspcap64.dll base=0x00007FFDCF300000 size=0x164000 path=C:\WINDOWS\system32\nvspcap64.dll
2026-08-20 20:53:00.949 [INFO] Module: mfperfhelper.dll base=0x00007FFDFBBD0000 size=0x130000 path=C:\Windows\System32\mfperfhelper.dll
2026-08-20 20:53:00.949 [INFO] Module: d3d9.dll base=0x00007FFDFBF80000 size=0x1B2000 path=C:\WINDOWS\SYSTEM32\d3d9.dll
2026-08-20 20:53:00.949 [INFO] Module: steamclient64.dll base=0x00007FFDFCE60000 size=0x1964000 path=C:\Program Files (x86)\Steam\steamclient64.dll
2026-08-20 20:53:00.949 [INFO] Module: ResampleDmo.DLL base=0x00007FFE0EDF0000 size=0xB7000 path=C:\WINDOWS\SYSTEM32\ResampleDmo.DLL
2026-08-20 20:53:00.949 [INFO] Module: OPENGL32.dll base=0x00007FFE0F4D0000 size=0x10C000 path=C:\WINDOWS\SYSTEM32\OPENGL32.dll
2026-08-20 20:53:00.949 [INFO] Module: tier0_s64.dll base=0x00007FFE104F0000 size=0x30E000 path=C:\Program Files (x86)\Steam\tier0_s64.dll
2026-08-20 20:53:00.949 [INFO] Module: ncryptsslp.dll base=0x00007FFE157D0000 size=0x48000 path=C:\WINDOWS\system32\ncryptsslp.dll
2026-08-20 20:53:00.949 [INFO] Module: explorerframe.dll base=0x00007FFE39390000 size=0x311000 path=C:\WINDOWS\system32\explorerframe.dll
2026-08-20 20:53:00.949 [INFO] Module: mfplay.dll base=0x00007FFE3B3E0000 size=0x88000 path=C:\WINDOWS\SYSTEM32\mfplay.dll
2026-08-20 20:53:00.949 [INFO] Module: dataexchange.dll base=0x00007FFE3B5B0000 size=0x5C000 path=C:\WINDOWS\system32\dataexchange.dll
2026-08-20 20:53:00.949 [INFO] Module: Windows.Media.dll base=0x00007FFE3C570000 size=0x69B000 path=C:\Windows\System32\Windows.Media.dll
2026-08-20 20:53:00.949 [INFO] Module: graphics-hook64.dll base=0x00007FFE3D010000 size=0x4E000 path=C:\ProgramData\obs-studio-hook\graphics-hook64.dll
2026-08-20 20:53:00.949 [INFO] Module: XAudio2_7.dll base=0x00007FFE3D060000 size=0x8B000 path=C:\WINDOWS\SYSTEM32\XAudio2_7.dll
2026-08-20 20:53:00.949 [INFO] Module: DSOUND.dll base=0x00007FFE3D230000 size=0x94000 path=C:\WINDOWS\SYSTEM32\DSOUND.dll
2026-08-20 20:53:00.949 [INFO] Module: GameNetworkingSockets.dll base=0x00007FFE41440000 size=0x71000 path=C:\Program Files (x86)\Steam\steamapps\common\ARK\ShooterGame\Binaries\Win64\GameNetworkingSockets.dll
2026-08-20 20:53:00.949 [INFO] Module: DINPUT8.dll base=0x00007FFE41CA0000 size=0x4B000 path=C:\WINDOWS\SYSTEM32\DINPUT8.dll
2026-08-20 20:53:00.949 [INFO] Module: inputhost.dll base=0x00007FFE42DE0000 size=0x1E3000 path=C:\WINDOWS\SYSTEM32\inputhost.dll
2026-08-20 20:53:00.949 [INFO] Module: textinputframework.dll base=0x00007FFE43100000 size=0x146000 path=C:\WINDOWS\SYSTEM32\textinputframework.dll
2026-08-20 20:53:00.949 [INFO] Module: Windows.UI.dll base=0x00007FFE445D0000 size=0x159000 path=C:\Windows\System32\Windows.UI.dll
2026-08-20 20:53:00.949 [INFO] Module: winmmbase.dll base=0x00007FFE4A6B0000 size=0x37000 path=C:\WINDOWS\SYSTEM32\winmmbase.dll
2026-08-20 20:53:00.949 [INFO] Module: vstdlib_s64.dll base=0x00007FFE4A860000 size=0xC3000 path=C:\Program Files (x86)\Steam\vstdlib_s64.dll
2026-08-20 20:53:00.949 [INFO] Module: crashhandler64.dll base=0x00007FFE4A930000 size=0x1B0000 path=C:\Program Files (x86)\Steam\crashhandler64.dll
2026-08-20 20:53:00.949 [INFO] Module: AUDIOSES.DLL base=0x00007FFE4AC90000 size=0x1B7000 path=C:\WINDOWS\SYSTEM32\AUDIOSES.DLL
2026-08-20 20:53:00.949 [INFO] Module: Windows.ApplicationModel.dll base=0x00007FFE4B4F0000 size=0xD8000 path=C:\Windows\System32\Windows.ApplicationModel.dll
2026-08-20 20:53:00.949 [INFO] Module: dbgcore.DLL base=0x00007FFE4B870000 size=0x3B000 path=C:\WINDOWS\SYSTEM32\dbgcore.DLL
2026-08-20 20:53:00.949 [INFO] Module: MSVCP120.dll base=0x00007FFE4B9D0000 size=0xA6000 path=C:\Program Files (x86)\Steam\steamapps\common\ARK\ShooterGame\Binaries\Win64\MSVCP120.dll
2026-08-20 20:53:00.949 [INFO] Module: colorcnv.dll base=0x00007FFE4BAF0000 size=0x46000 path=C:\Windows\System32\colorcnv.dll
2026-08-20 20:53:00.949 [INFO] Module: MSVCR120.dll base=0x00007FFE4BB40000 size=0xEF000 path=C:\Program Files (x86)\Steam\steamapps\common\ARK\ShooterGame\Binaries\Win64\MSVCR120.dll
2026-08-20 20:53:00.949 [INFO] Module: PhysX3Cooking_x64.dll base=0x00007FFE4BD40000 size=0x4A000 path=C:\Program Files (x86)\Steam\steamapps\common\ARK\Engine\Binaries\ThirdParty\PhysX\PhysX-3.4\Win64\VS2013\PhysX3Cooking_x64.dll
2026-08-20 20:53:00.949 [INFO] Module: AcGenral.DLL base=0x00007FFE4BE50000 size=0x7D000 path=C:\WINDOWS\SYSTEM32\AcGenral.DLL
2026-08-20 20:53:00.949 [INFO] Module: Windows.StateRepositoryPS.dll base=0x00007FFE4C3A0000 size=0xC4000 path=C:\Windows\System32\Windows.StateRepositoryPS.dll
2026-08-20 20:53:00.949 [INFO] Module: GLU32.dll base=0x00007FFE4E110000 size=0x2D000 path=C:\WINDOWS\SYSTEM32\GLU32.dll
2026-08-20 20:53:00.949 [INFO] Module: mfplat.dll base=0x00007FFE4E800000 size=0x224000 path=C:\WINDOWS\SYSTEM32\mfplat.dll
2026-08-20 20:53:00.949 [INFO] Module: MFCORE.DLL base=0x00007FFE4EA30000 size=0x419000 path=C:\WINDOWS\SYSTEM32\MFCORE.DLL
2026-08-20 20:53:00.949 [INFO] Module: mf.dll base=0x00007FFE4EE50000 size=0x98000 path=C:\WINDOWS\SYSTEM32\mf.dll
2026-08-20 20:53:00.949 [INFO] Module: ondemandconnroutehelper.dll base=0x00007FFE4F580000 size=0x18000 path=C:\WINDOWS\SYSTEM32\ondemandconnroutehelper.dll
2026-08-20 20:53:00.949 [INFO] Module: windows.staterepositoryclient.dll base=0x00007FFE4F850000 size=0x44000 path=C:\WINDOWS\SYSTEM32\windows.staterepositoryclient.dll
2026-08-20 20:53:00.949 [INFO] Module: RTWorkQ.DLL base=0x00007FFE52D50000 size=0x3B000 path=C:\WINDOWS\SYSTEM32\RTWorkQ.DLL
2026-08-20 20:53:00.949 [INFO] Module: srvcli.dll base=0x00007FFE52F10000 size=0x29000 path=C:\WINDOWS\SYSTEM32\srvcli.dll
2026-08-20 20:53:00.949 [INFO] Module: SensApi.dll base=0x00007FFE53030000 size=0xB000 path=C:\WINDOWS\SYSTEM32\SensApi.dll
2026-08-20 20:53:00.949 [INFO] Module: PxFoundation_x64.dll base=0x00007FFE53040000 size=0x13000 path=C:\Program Files (x86)\Steam\steamapps\common\ARK\Engine\Binaries\ThirdParty\PhysX\PhysX-3.4\Win64\VS2013\PxFoundation_x64.dll
2026-08-20 20:53:00.949 [INFO] Module: XINPUT9_1_0.dll base=0x00007FFE53060000 size=0x9000 path=C:\WINDOWS\SYSTEM32\XINPUT9_1_0.dll
2026-08-20 20:53:00.949 [INFO] Module: iertutil.dll base=0x00007FFE53070000 size=0x2C4000 path=C:\WINDOWS\SYSTEM32\iertutil.dll
2026-08-20 20:53:00.949 [INFO] Module: urlmon.dll base=0x00007FFE533E0000 size=0x1DD000 path=C:\WINDOWS\SYSTEM32\urlmon.dll
2026-08-20 20:53:00.949 [INFO] Module: MPR.dll base=0x00007FFE535D0000 size=0x21000 path=C:\WINDOWS\SYSTEM32\MPR.dll
2026-08-20 20:53:00.949 [INFO] Module: WININET.dll base=0x00007FFE53F00000 size=0x295000 path=C:\WINDOWS\SYSTEM32\WININET.dll
2026-08-20 20:53:00.949 [INFO] Module: NvMessageBus.dll base=0x00007FFE54F50000 size=0x364000 path=C:\WINDOWS\System32\DriverStore\FileRepository\nvrfi.inf_amd64_87b4cb6242e17d7d\Display.NvContainer\NvMessageBus.dll
2026-08-20 20:53:00.949 [INFO] Module: nvwgf2umx.dll base=0x00007FFE552C0000 size=0x55A5000 path=C:\WINDOWS\System32\DriverStore\FileRepository\nvrfi.inf_amd64_87b4cb6242e17d7d\nvwgf2umx.dll
2026-08-20 20:53:00.949 [INFO] Module: nvapi64_impl.dll base=0x00007FFE5B270000 size=0x577000 path=C:\WINDOWS\system32\DriverStore\FileRepository\nvrfi.inf_amd64_87b4cb6242e17d7d\nvapi64_impl.dll
2026-08-20 20:53:00.949 [INFO] Module: nvapi64.dll base=0x00007FFE5B7F0000 size=0x89000 path=C:\WINDOWS\SYSTEM32\nvapi64.dll
2026-08-20 20:53:00.949 [INFO] Module: NvMemMapStoragex.dll base=0x00007FFE5B8D0000 size=0x13B000 path=C:\WINDOWS\System32\DriverStore\FileRepository\nvrfi.inf_amd64_87b4cb6242e17d7d\NvMemMapStoragex.dll
2026-08-20 20:53:00.949 [INFO] Module: WINMM.dll base=0x00007FFE5CBE0000 size=0x36000 path=C:\WINDOWS\SYSTEM32\WINMM.dll
2026-08-20 20:53:00.949 [INFO] Module: CompPkgSup.DLL base=0x00007FFE5E0D0000 size=0x32000 path=C:\WINDOWS\SYSTEM32\CompPkgSup.DLL
2026-08-20 20:53:00.949 [INFO] Module: twinapi.appcore.dll base=0x00007FFE5E580000 size=0x250000 path=C:\WINDOWS\system32\twinapi.appcore.dll
2026-08-20 20:53:00.949 [INFO] Module: gameux.dll base=0x00007FFE5EAB0000 size=0xC000 path=C:\Windows\System32\gameux.dll
2026-08-20 20:53:00.949 [INFO] Module: libvorbisfile_64.dll base=0x00007FFE5EAD0000 size=0xD000 path=C:\Program Files (x86)\Steam\steamapps\common\ARK\Engine\Binaries\ThirdParty\Vorbis\Win64\VS2013\libvorbisfile_64.dll
2026-08-20 20:53:00.949 [INFO] Module: nvgpucomp64.dll base=0x00007FFE5F1B0000 size=0x5E0E000 path=C:\WINDOWS\System32\DriverStore\FileRepository\nvrfi.inf_amd64_87b4cb6242e17d7d\nvgpucomp64.dll
2026-08-20 20:53:00.949 [INFO] Module: windows.staterepositorycore.dll base=0x00007FFE65390000 size=0x1F000 path=C:\WINDOWS\SYSTEM32\windows.staterepositorycore.dll
2026-08-20 20:53:00.949 [INFO] Module: cryptnet.dll base=0x00007FFE659F0000 size=0x3B000 path=C:\WINDOWS\SYSTEM32\cryptnet.dll
2026-08-20 20:53:00.949 [INFO] Module: VERSION.dll base=0x00007FFE65B10000 size=0xB000 path=C:\WINDOWS\SYSTEM32\VERSION.dll
2026-08-20 20:53:00.949 [INFO] Module: drvstore.dll base=0x00007FFE65B20000 size=0x17A000 path=C:\WINDOWS\SYSTEM32\drvstore.dll
2026-08-20 20:53:00.949 [INFO] Module: nvldumdx.dll base=0x00007FFE65CA0000 size=0xCA000 path=C:\WINDOWS\System32\DriverStore\FileRepository\nvrfi.inf_amd64_87b4cb6242e17d7d\nvldumdx.dll
2026-08-20 20:53:00.949 [INFO] Module: CoreUIComponents.dll base=0x00007FFE668F0000 size=0x2E4000 path=C:\WINDOWS\SYSTEM32\CoreUIComponents.dll
2026-08-20 20:53:00.949 [INFO] Module: directxdatabasehelper.dll base=0x00007FFE66FD0000 size=0x5F000 path=C:\WINDOWS\SYSTEM32\directxdatabasehelper.dll
2026-08-20 20:53:00.949 [INFO] Module: MMDevApi.dll base=0x00007FFE67320000 size=0xA6000 path=C:\WINDOWS\System32\MMDevApi.dll
2026-08-20 20:53:00.949 [INFO] Module: AppXDeploymentClient.dll base=0x00007FFE67580000 size=0x171000 path=C:\Windows\System32\AppXDeploymentClient.dll
2026-08-20 20:53:00.949 [INFO] Module: WINHTTP.dll base=0x00007FFE677D0000 size=0x128000 path=C:\WINDOWS\SYSTEM32\WINHTTP.dll
2026-08-20 20:53:00.949 [INFO] Module: dhcpcsvc.DLL base=0x00007FFE67A70000 size=0x25000 path=C:\WINDOWS\SYSTEM32\dhcpcsvc.DLL
2026-08-20 20:53:00.949 [INFO] Module: avrt.dll base=0x00007FFE67C90000 size=0xB000 path=C:\WINDOWS\SYSTEM32\avrt.dll
2026-08-20 20:53:00.949 [INFO] Module: dhcpcsvc6.DLL base=0x00007FFE67CA0000 size=0x1D000 path=C:\WINDOWS\SYSTEM32\dhcpcsvc6.DLL
2026-08-20 20:53:00.949 [INFO] Module: dbghelp.dll base=0x00007FFE67D10000 size=0x242000 path=C:\WINDOWS\SYSTEM32\dbghelp.dll
2026-08-20 20:53:00.949 [INFO] Module: wintypes.dll base=0x00007FFE68730000 size=0x16A000 path=C:\WINDOWS\SYSTEM32\wintypes.dll
2026-08-20 20:53:00.949 [INFO] Module: Microsoft.Internal.WarpPal.dll base=0x00007FFE68E00000 size=0x19000 path=C:\WINDOWS\SYSTEM32\Microsoft.Internal.WarpPal.dll
2026-08-20 20:53:00.950 [INFO] Module: WindowsCodecs.dll base=0x00007FFE68E20000 size=0x22D000 path=C:\WINDOWS\SYSTEM32\WindowsCodecs.dll
2026-08-20 20:53:00.950 [INFO] Module: DWrite.dll base=0x00007FFE694F0000 size=0x267000 path=C:\WINDOWS\SYSTEM32\DWrite.dll
2026-08-20 20:53:00.950 [INFO] Module: d3d11.dll base=0x00007FFE69DA0000 size=0x260000 path=C:\WINDOWS\SYSTEM32\d3d11.dll
2026-08-20 20:53:00.950 [INFO] Module: dcomp.dll base=0x00007FFE6A010000 size=0x225000 path=C:\WINDOWS\SYSTEM32\dcomp.dll
2026-08-20 20:53:00.950 [INFO] Module: CoreMessaging.dll base=0x00007FFE6A730000 size=0x12B000 path=C:\WINDOWS\SYSTEM32\CoreMessaging.dll
2026-08-20 20:53:00.950 [INFO] Module: PROPSYS.dll base=0x00007FFE6A860000 size=0xF4000 path=C:\WINDOWS\SYSTEM32\PROPSYS.dll
2026-08-20 20:53:00.950 [INFO] Module: msdmo.dll base=0x00007FFE6B3B0000 size=0xE000 path=C:\WINDOWS\SYSTEM32\msdmo.dll
2026-08-20 20:53:00.950 [INFO] Module: libogg_64.dll base=0x00007FFE6B3D0000 size=0xF000 path=C:\Program Files (x86)\Steam\steamapps\common\ARK\Engine\Binaries\ThirdParty\Ogg\Win64\VS2013\libogg_64.dll
2026-08-20 20:53:00.950 [INFO] Module: XAPOFX1_5.dll base=0x00007FFE6B530000 size=0x15000 path=C:\WINDOWS\SYSTEM32\XAPOFX1_5.dll
2026-08-20 20:53:00.950 [INFO] Module: apphelp.dll base=0x00007FFE6B5E0000 size=0x9F000 path=C:\WINDOWS\SYSTEM32\apphelp.dll
2026-08-20 20:53:00.950 [INFO] Module: Secur32.dll base=0x00007FFE6B690000 size=0xD000 path=C:\WINDOWS\SYSTEM32\Secur32.dll
2026-08-20 20:53:00.950 [INFO] Module: WINNSI.DLL base=0x00007FFE6B7F0000 size=0xE000 path=C:\WINDOWS\SYSTEM32\WINNSI.DLL
2026-08-20 20:53:00.950 [INFO] Module: uxtheme.dll base=0x00007FFE6B860000 size=0xA8000 path=C:\WINDOWS\system32\uxtheme.dll
2026-08-20 20:53:00.950 [INFO] Module: dxgi.dll base=0x00007FFE6B960000 size=0x13A000 path=C:\WINDOWS\SYSTEM32\dxgi.dll
2026-08-20 20:53:00.950 [INFO] Module: dxcore.dll base=0x00007FFE6BAC0000 size=0x45000 path=C:\WINDOWS\SYSTEM32\dxcore.dll
2026-08-20 20:53:00.950 [INFO] Module: dwmapi.dll base=0x00007FFE6BB10000 size=0x2F000 path=C:\WINDOWS\SYSTEM32\dwmapi.dll
2026-08-20 20:53:00.950 [INFO] Module: wer.dll base=0x00007FFE6BB60000 size=0xF2000 path=C:\WINDOWS\SYSTEM32\wer.dll
2026-08-20 20:53:00.950 [INFO] Module: resourcepolicyclient.dll base=0x00007FFE6BDA0000 size=0x14000 path=C:\WINDOWS\SYSTEM32\resourcepolicyclient.dll
2026-08-20 20:53:00.950 [INFO] Module: windows.storage.dll base=0x00007FFE6C1E0000 size=0x89B000 path=C:\WINDOWS\SYSTEM32\windows.storage.dll
2026-08-20 20:53:00.950 [INFO] Module: HID.DLL base=0x00007FFE6CA80000 size=0xF000 path=C:\WINDOWS\SYSTEM32\HID.DLL
2026-08-20 20:53:00.950 [INFO] Module: netutils.dll base=0x00007FFE6CD90000 size=0xD000 path=C:\WINDOWS\SYSTEM32\netutils.dll
2026-08-20 20:53:00.950 [INFO] Module: IPHLPAPI.DLL base=0x00007FFE6CDB0000 size=0x33000 path=C:\WINDOWS\SYSTEM32\IPHLPAPI.DLL
2026-08-20 20:53:00.950 [INFO] Module: schannel.DLL base=0x00007FFE6D230000 size=0xC5000 path=C:\WINDOWS\system32\schannel.DLL
2026-08-20 20:53:00.950 [INFO] Module: rsaenh.dll base=0x00007FFE6D360000 size=0x39000 path=C:\WINDOWS\system32\rsaenh.dll
2026-08-20 20:53:00.950 [INFO] Module: kernel.appcore.dll base=0x00007FFE6D400000 size=0x1B000 path=C:\WINDOWS\SYSTEM32\kernel.appcore.dll
2026-08-20 20:53:00.950 [INFO] Module: ntmarta.dll base=0x00007FFE6D530000 size=0x36000 path=C:\WINDOWS\SYSTEM32\ntmarta.dll
2026-08-20 20:53:00.950 [INFO] Module: SspiCli.dll base=0x00007FFE6D6B0000 size=0x49000 path=C:\WINDOWS\SYSTEM32\SspiCli.dll
2026-08-20 20:53:00.950 [INFO] Module: MSWSOCK.dll base=0x00007FFE6D990000 size=0x6C000 path=C:\WINDOWS\SYSTEM32\MSWSOCK.dll
2026-08-20 20:53:00.950 [INFO] Module: gpapi.dll base=0x00007FFE6DA10000 size=0x25000 path=C:\WINDOWS\SYSTEM32\gpapi.dll
2026-08-20 20:53:00.950 [INFO] Module: USERENV.dll base=0x00007FFE6DA40000 size=0x32000 path=C:\WINDOWS\SYSTEM32\USERENV.dll
2026-08-20 20:53:00.950 [INFO] Module: CRYPTBASE.DLL base=0x00007FFE6DBF0000 size=0xC000 path=C:\WINDOWS\SYSTEM32\CRYPTBASE.DLL
2026-08-20 20:53:00.950 [INFO] Module: wldp.dll base=0x00007FFE6DCB0000 size=0x6A000 path=C:\WINDOWS\SYSTEM32\wldp.dll
2026-08-20 20:53:00.950 [INFO] Module: CRYPTSP.dll base=0x00007FFE6DDB0000 size=0x1B000 path=C:\WINDOWS\System32\CRYPTSP.dll
2026-08-20 20:53:00.950 [INFO] Module: msasn1.dll base=0x00007FFE6DE20000 size=0x13000 path=C:\WINDOWS\SYSTEM32\msasn1.dll
2026-08-20 20:53:00.950 [INFO] Module: NTASN1.dll base=0x00007FFE6DED0000 size=0x3F000 path=C:\WINDOWS\SYSTEM32\NTASN1.dll
2026-08-20 20:53:00.950 [INFO] Module: ncrypt.dll base=0x00007FFE6DF20000 size=0x30000 path=C:\WINDOWS\SYSTEM32\ncrypt.dll
2026-08-20 20:53:00.950 [INFO] Module: DEVOBJ.dll base=0x00007FFE6E2E0000 size=0x2F000 path=C:\WINDOWS\System32\DEVOBJ.dll
2026-08-20 20:53:00.950 [INFO] Module: cfgmgr32.dll base=0x00007FFE6E320000 size=0x52000 path=C:\WINDOWS\SYSTEM32\cfgmgr32.dll
2026-08-20 20:53:00.950 [INFO] Module: DPAPI.DLL base=0x00007FFE6E380000 size=0xA000 path=C:\WINDOWS\System32\DPAPI.DLL
2026-08-20 20:53:00.950 [INFO] Module: UMPDC.dll base=0x00007FFE6E4E0000 size=0x15000 path=C:\WINDOWS\SYSTEM32\UMPDC.dll
2026-08-20 20:53:00.950 [INFO] Module: POWRPROF.dll base=0x00007FFE6E500000 size=0x5E000 path=C:\WINDOWS\SYSTEM32\POWRPROF.dll
2026-08-20 20:53:00.950 [INFO] Module: bcrypt.dll base=0x00007FFE6E640000 size=0x2A000 path=C:\WINDOWS\SYSTEM32\bcrypt.dll
2026-08-20 20:53:00.950 [INFO] Module: profapi.dll base=0x00007FFE6E670000 size=0x29000 path=C:\WINDOWS\SYSTEM32\profapi.dll
2026-08-20 20:53:00.950 [INFO] Module: ucrtbase.dll base=0x00007FFE6E750000 size=0x14C000 path=C:\WINDOWS\System32\ucrtbase.dll
2026-08-20 20:53:00.950 [INFO] Module: KERNELBASE.dll base=0x00007FFE6E970000 size=0x3FF000 path=C:\WINDOWS\System32\KERNELBASE.dll
2026-08-20 20:53:00.950 [INFO] Module: msvcp_win.dll base=0x00007FFE6ED80000 size=0xA3000 path=C:\WINDOWS\System32\msvcp_win.dll
2026-08-20 20:53:00.950 [INFO] Module: CRYPT32.dll base=0x00007FFE6EE30000 size=0x17E000 path=C:\WINDOWS\System32\CRYPT32.dll
2026-08-20 20:53:00.950 [INFO] Module: win32u.dll base=0x00007FFE6EFC0000 size=0x27000 path=C:\WINDOWS\System32\win32u.dll
2026-08-20 20:53:00.950 [INFO] Module: gdi32full.dll base=0x00007FFE6EFF0000 size=0x129000 path=C:\WINDOWS\System32\gdi32full.dll
2026-08-20 20:53:00.950 [INFO] Module: wintrust.dll base=0x00007FFE6F120000 size=0x83000 path=C:\WINDOWS\System32\wintrust.dll
2026-08-20 20:53:00.950 [INFO] Module: bcryptPrimitives.dll base=0x00007FFE6F1B0000 size=0xAC000 path=C:\WINDOWS\System32\bcryptPrimitives.dll
2026-08-20 20:53:00.950 [INFO] Module: Normaliz.dll base=0x00007FFE6F270000 size=0x8000 path=C:\WINDOWS\System32\Normaliz.dll
2026-08-20 20:53:00.950 [INFO] Module: PSAPI.DLL base=0x00007FFE6F280000 size=0x8000 path=C:\WINDOWS\System32\PSAPI.DLL
2026-08-20 20:53:00.950 [INFO] Module: SHLWAPI.dll base=0x00007FFE6F470000 size=0x66000 path=C:\WINDOWS\System32\SHLWAPI.dll
2026-08-20 20:53:00.950 [INFO] Module: msctf.dll base=0x00007FFE6F4E0000 size=0x15D000 path=C:\WINDOWS\System32\msctf.dll
2026-08-20 20:53:00.950 [INFO] Module: WS2_32.dll base=0x00007FFE6F650000 size=0x82000 path=C:\WINDOWS\System32\WS2_32.dll
2026-08-20 20:53:00.950 [INFO] Module: WLDAP32.dll base=0x00007FFE6F770000 size=0x73000 path=C:\WINDOWS\System32\WLDAP32.dll
2026-08-20 20:53:00.950 [INFO] Module: RPCRT4.dll base=0x00007FFE6F7F0000 size=0x118000 path=C:\WINDOWS\System32\RPCRT4.dll
2026-08-20 20:53:00.950 [INFO] Module: advapi32.dll base=0x00007FFE6F910000 size=0xBC000 path=C:\WINDOWS\System32\advapi32.dll
2026-08-20 20:53:00.950 [INFO] Module: NSI.dll base=0x00007FFE6F9E0000 size=0xA000 path=C:\WINDOWS\System32\NSI.dll
2026-08-20 20:53:00.950 [INFO] Module: imagehlp.dll base=0x00007FFE6FA50000 size=0x20000 path=C:\WINDOWS\System32\imagehlp.dll
2026-08-20 20:53:00.950 [INFO] Module: OLEAUT32.dll base=0x00007FFE6FA80000 size=0xD9000 path=C:\WINDOWS\System32\OLEAUT32.dll
2026-08-20 20:53:00.950 [INFO] Module: ole32.dll base=0x00007FFE6FB60000 size=0x199000 path=C:\WINDOWS\System32\ole32.dll
2026-08-20 20:53:00.950 [INFO] Module: KERNEL32.DLL base=0x00007FFE6FD00000 size=0xC9000 path=C:\WINDOWS\System32\KERNEL32.DLL
2026-08-20 20:53:00.950 [INFO] Module: SHELL32.dll base=0x00007FFE6FDD0000 size=0x788000 path=C:\WINDOWS\System32\SHELL32.dll
2026-08-20 20:53:00.950 [INFO] Module: IMM32.DLL base=0x00007FFE70560000 size=0x32000 path=C:\WINDOWS\System32\IMM32.DLL
2026-08-20 20:53:00.950 [INFO] Module: GDI32.dll base=0x00007FFE705A0000 size=0x2B000 path=C:\WINDOWS\System32\GDI32.dll
2026-08-20 20:53:00.950 [INFO] Module: sechost.dll base=0x00007FFE705F0000 size=0xAA000 path=C:\WINDOWS\System32\sechost.dll
2026-08-20 20:53:00.950 [INFO] Module: SETUPAPI.dll base=0x00007FFE706A0000 size=0x487000 path=C:\WINDOWS\System32\SETUPAPI.dll
2026-08-20 20:53:00.950 [INFO] Module: shcore.dll base=0x00007FFE70C30000 size=0xF9000 path=C:\WINDOWS\System32\shcore.dll
2026-08-20 20:53:00.950 [INFO] Module: msvcrt.dll base=0x00007FFE70DC0000 size=0xA9000 path=C:\WINDOWS\System32\msvcrt.dll
2026-08-20 20:53:00.950 [INFO] Module: USER32.dll base=0x00007FFE70E70000 size=0x1C6000 path=C:\WINDOWS\System32\USER32.dll
2026-08-20 20:53:00.950 [INFO] Module: clbcatq.dll base=0x00007FFE71060000 size=0xAE000 path=C:\WINDOWS\System32\clbcatq.dll
2026-08-20 20:53:00.950 [INFO] Module: combase.dll base=0x00007FFE71170000 size=0x385000 path=C:\WINDOWS\System32\combase.dll
2026-08-20 20:53:00.950 [INFO] Module: ntdll.dll base=0x00007FFE71540000 size=0x266000 path=C:\WINDOWS\SYSTEM32\ntdll.dll
2026-08-20 20:53:00.951 [INFO] Build fingerprint: fileLength=80346664 lastWriteUtc=2026-08-17T08:21:59Z
2026-08-20 20:53:01.029 [INFO] Build fingerprint: SHA256=9BC401417A776C5244A1B0B3255DC3AF4A9D73E3F5C1BA96228FBE3FB1A43477
2026-08-20 20:53:01.029 [INFO] Build profile fingerprint verified.
2026-08-20 20:53:01.113 [INFO] GNames global=0x00007FF67888AC78 table=0x000001C293B8FAF0 index0='None'
2026-08-20 20:53:01.113 [INFO] Scanning readable pages of ShooterGame.exe for the configured GWorld signature...
2026-08-20 20:53:01.332 [INFO] GWorld signature match: 0x00007FF674E4F190 (matches collected: 1)
2026-08-20 20:53:01.332 [INFO] Resolved GWorld global address: 0x00007FF67885C2A8
2026-08-20 20:53:01.332 [INFO] UWorld: 0x000001C408362640
2026-08-20 20:53:01.334 [INFO] UWorld Levels: data=0x000001C3D26B0000, count=27
2026-08-20 20:53:01.334 [INFO] PersistentLevel: 0x000001C405635400
2026-08-20 20:53:01.336 [INFO] Level 0x000001C405635400: Actors data=0x000001C3CDE60000, count=2305
2026-08-20 20:53:01.337 [ACTOR] index=0 actor=0x000001C3D253B680 root=0x000001C3D325E800 class=PrimalWorldSettings name=PrimalWorldSettings_0 team=0 relative=(0.00, 0.00, 0.00)
2026-08-20 20:53:01.337 [ACTOR] index=1 actor=0x000001C298755B40 root=0x000001C2CD5F3000 class=DirectionalLight name=DirectionalLight team=0 relative=(39845.00, 43790.00, -2241.02)
2026-08-20 20:53:01.337 [ACTOR] index=2 actor=0x000001C40466AD60 root=0x000001C3D807B800 class=Global_PostProcess_Blueprint_C name=Global_PostProcess_Blueprint_C_0 team=0 relative=(46492.87, 47630.14, -19560.57)
2026-08-20 20:53:01.337 [ACTOR] index=4 actor=0x000001C3D807D000 root=0x000001C405EC5FA0 class=CameraActor name=CameraActor_2 team=0 relative=(-292320.00, -45223.00, 53616.00)
2026-08-20 20:53:01.337 [ACTOR] index=5 actor=0x000001C3F699C430 root=0x000001C2BACB4A00 class=WindDirectionalSource name=WindDirectionalSource_0 team=0 relative=(46590.00, 50010.00, -19660.00)
2026-08-20 20:53:01.337 [ACTOR] index=8 actor=0x000001C298756460 root=0x000001C2BD875600 class=MatineeValueInterpolationContainer_C name=MatineeValueInterpolationContainer_4 team=0 relative=(-108974.40, 195148.60, -6099.45)
2026-08-20 20:53:01.337 [ACTOR] index=9 actor=0x000001C2987536C0 root=0x000001C2CD5F2C00 class=AtmosphericFog name=AtmosphericFog_0 team=0 relative=(265460.00, 154900.00, -13370.00)
2026-08-20 20:53:01.337 [ACTOR] index=10 actor=0x000001C403E82A80 root=0x000001C3D3256000 class=LandscapeGizmoActiveActor name=LandscapeGizmoActiveActor_0 team=0 relative=(-9961.00, 53216.00, -116789.30)
2026-08-20 20:53:01.337 [ACTOR] index=12 actor=0x000001C2B182D1E0 root=0x000001C2BDC29400 class=Note name=ElectricalStormPointCenter team=0 relative=(1960.00, 1510.00, -13420.00)
2026-08-20 20:53:01.337 [ACTOR] index=13 actor=0x000001C2B182D670 root=0x000001C2BDC29600 class=Note name=ElectricalStormPointNorthEast_15 team=0 relative=(174570.00, -169940.00, -13420.00)
2026-08-20 20:53:01.337 [ACTOR] index=14 actor=0x000001C2B182C8C0 root=0x000001C2BDC29800 class=Note name=ElectricalStormPointNorthWest team=0 relative=(-178330.00, -166100.00, -13420.00)
2026-08-20 20:53:01.337 [ACTOR] index=15 actor=0x000001C2B182CD50 root=0x000001C2BDC29A00 class=Note name=ElectricalStormPointSouthEast team=0 relative=(142920.00, 132810.00, -13420.00)
2026-08-20 20:53:01.337 [ACTOR] index=16 actor=0x000001C2B1828450 root=0x000001C2BDC29C00 class=Note name=ElectricalStormPointSouthWest team=0 relative=(-193670.00, 132810.00, -13420.00)
2026-08-20 20:53:01.337 [ACTOR] index=17 actor=0x000001C4075D1FE0 root=0x000001C405B49CC0 class=DayCycleAmbientSound name=AmbGlobalRainSound team=0 relative=(68089.28, 267436.60, -6252.46)
2026-08-20 20:53:01.337 [ACTOR] index=18 actor=0x000001C2B182BB10 root=0x000001C28380AF80 class=ExponentialHeightFog name=SurfaceAtmosphere_ExpHeightFog team=0 relative=(111432.90, -46684.83, 90202.09)
2026-08-20 20:53:01.337 [ACTOR] index=19 actor=0x000001C401F488E0 root=0x000001C4029BF800 class=PostProcessVolume name=Fertile_PPVolume_2 team=0 relative=(-170350.00, -59940.00, 38350.00)
2026-08-20 20:53:01.337 [ACTOR] index=20 actor=0x000001C403EAA440 root=0x000001C4029BF000 class=PostProcessVolume name=Fertile_PPVolume_1 team=0 relative=(-182700.00, -32230.00, 38350.00)
2026-08-20 20:53:01.337 [ACTOR] index=21 actor=0x000001C40447ED40 root=0x000001C404B27000 class=PostProcessVolume name=BioLum_PPVolume_2 team=0 relative=(224736.80, 5948.99, 39922.97)
2026-08-20 20:53:01.337 [ACTOR] index=22 actor=0x000001C40447F660 root=0x000001C404B27800 class=PostProcessVolume name=BioLum_PPVolume_3 team=0 relative=(221485.20, -16011.32, 32919.64)
2026-08-20 20:53:01.337 [ACTOR] index=23 actor=0x000001C403EAD1E0 root=0x000001C404B28000 class=PostProcessVolume name=BioLum_PPVolume_4 team=0 relative=(214258.80, -29405.53, 26612.34)
2026-08-20 20:53:01.337 [ACTOR] index=24 actor=0x000001C403EAB680 root=0x000001C404B28800 class=PostProcessVolume name=BioLum_PPVolume_5 team=0 relative=(179724.50, -28608.63, 11306.43)
2026-08-20 20:53:01.337 [ACTOR] index=25 actor=0x000001C403EABFA0 root=0x000001C404B29000 class=PostProcessVolume name=BioLum_PPVolume_6 team=0 relative=(131964.50, 48097.73, 12898.09)
2026-08-20 20:53:01.337 [ACTOR] index=26 actor=0x000001C403EAC8C0 root=0x000001C404B2D800 class=PostProcessVolume name=BioLum_PPVolume_7 team=0 relative=(105839.80, -115490.00, 5875.58)
2026-08-20 20:53:01.337 [ACTOR] index=27 actor=0x000001C403EAAD60 root=0x000001C403EF7800 class=PostProcessVolume name=BioLum_PPVolume_8 team=0 relative=(8777.72, -62825.58, 14317.16)
2026-08-20 20:53:01.337 [ACTOR] index=28 actor=0x000001C403EA0000 root=0x000001C403EF8000 class=PostProcessVolume name=BioLum_PPVolume_9 team=0 relative=(117213.50, 8166.96, 9510.20)
2026-08-20 20:53:01.337 [ACTOR] index=29 actor=0x000001C400B46460 root=0x000001C40157E800 class=PostProcessVolume name=PostProcessVolume_16 team=0 relative=(-46832.34, 111721.50, -32086.18)
2026-08-20 20:53:01.337 [ACTOR] index=30 actor=0x000001C407E4F660 root=0x000001C2CAC69000 class=PostProcessVolume name=PostProcessVolume_8 team=0 relative=(100869.00, 143967.90, -13777.60)
2026-08-20 20:53:01.337 [ACTOR] index=31 actor=0x000001C400B45B40 root=0x000001C40157E000 class=PostProcessVolume name=PostProcessVolume_15 team=0 relative=(-111218.30, 242741.90, -4022.82)
2026-08-20 20:53:01.338 [ACTOR] index=32 actor=0x000001C407E46D80 root=0x000001C400C35000 class=PostProcessVolume name=PostProcessVolume_6 team=0 relative=(-146166.00, 228123.60, 2210.53)
2026-08-20 20:53:01.338 [ACTOR] index=33 actor=0x000001C3F64C2480 root=0x000001C400C36800 class=PostProcessVolume name=PostProcessVolume_20 team=0 relative=(-114276.60, 120239.60, -9283.36)
2026-08-20 20:53:01.338 [ACTOR] index=34 actor=0x000001C400B45220 root=0x000001C40157D800 class=PostProcessVolume name=PostProcessVolume_11 team=0 relative=(-117527.80, 98608.84, -7224.75)
2026-08-20 20:53:01.338 [ACTOR] index=35 actor=0x000001C407E476A0 root=0x000001C400C35800 class=PostProcessVolume name=PostProcessVolume_60 team=0 relative=(39000.00, 139000.00, -30551.30)
2026-08-20 20:53:01.338 [ACTOR] index=36 actor=0x000001C298750920 root=0x000001C2BACF1000 class=BoxReflectionCapture name=BoxReflectionCapture_10 team=0 relative=(-37800.00, -135000.00, 37780.00)
2026-08-20 20:53:01.338 [ACTOR] index=37 actor=0x000001C401F49200 root=0x000001C401FC1000 class=PostProcessVolume name=Fertile_PPVolume_6 team=0 relative=(155000.00, -160000.00, 55000.00)
2026-08-20 20:53:01.338 [ACTOR] index=38 actor=0x000001C401F49B20 root=0x000001C401FC0800 class=PostProcessVolume name=Fertile_PPVolume_5 team=0 relative=(10000.00, -265000.00, 55000.00)
2026-08-20 20:53:01.338 [ACTOR] index=39 actor=0x000001C401F4A440 root=0x000001C401FC0000 class=PostProcessVolume name=Fertile_PPVolume_4 team=0 relative=(-135000.00, -40000.00, 55000.00)
2026-08-20 20:53:01.338 [ACTOR] index=40 actor=0x000001C401F4AD60 root=0x000001C401FC1800 class=PostProcessVolume name=Fertile_PPVolume_7 team=0 relative=(-21000.00, -200500.00, 55000.00)
2026-08-20 20:53:01.338 [ACTOR] index=41 actor=0x000001C401F40000 root=0x000001C401FC2000 class=PostProcessVolume name=Fertile_PPVolume_8 team=0 relative=(-277500.00, -131000.00, 55000.00)
2026-08-20 20:53:01.338 [ACTOR] index=42 actor=0x000001C298754D90 root=0x000001C2CD5FE400 class=DirectionalAmbientLight name=DirectionalAmbientLight_1 team=0 relative=(39964.64, 44380.00, -2480.00)
2026-08-20 20:53:01.338 [ACTOR] index=43 actor=0x000001C407E46460 root=0x000001C400C34800 class=PostProcessVolume name=PostProcessVolume_58 team=0 relative=(214040.00, 193120.00, -7360.00)
2026-08-20 20:53:01.338 [ACTOR] index=44 actor=0x000001C3FB7036C0 root=0x000001C400C32000 class=PostProcessVolume name=PostProcessVolume_38 team=0 relative=(265460.00, 197800.00, -3890.00)
2026-08-20 20:53:01.338 [ACTOR] index=45 actor=0x000001C3FB700920 root=0x000001C400C39000 class=PostProcessVolume name=PostProcessVolume_26 team=0 relative=(195420.00, 185910.00, -3290.00)
2026-08-20 20:53:01.338 [ACTOR] index=46 actor=0x000001C3FB705220 root=0x000001C400C33800 class=PostProcessVolume name=PostProcessVolume_5 team=0 relative=(214890.00, 154870.00, 6720.00)
2026-08-20 20:53:01.338 [ACTOR] index=47 actor=0x000001C4078DC8C0 root=0x000001C2CAC6B000 class=PostProcessVolume name=PostProcessVolume_9 team=0 relative=(173050.00, 251610.00, -3290.00)
2026-08-20 20:53:01.338 [ACTOR] index=48 actor=0x000001C403EA7FC0 root=0x000001C400C31000 class=PostProcessVolume name=PostProcessVolume_3 team=0 relative=(143040.00, 235530.00, 1800.00)
2026-08-20 20:53:01.338 [ACTOR] index=49 actor=0x000001C3FB701B60 root=0x000001C400C30000 class=PostProcessVolume name=PostProcessVolume_28 team=0 relative=(199840.00, 217450.00, 6030.00)
2026-08-20 20:53:01.338 [ACTOR] index=50 actor=0x000001C3FB702480 root=0x000001C400C30800 class=PostProcessVolume name=PostProcessVolume_29 team=0 relative=(94330.00, 256200.00, 1010.00)
2026-08-20 20:53:01.338 [ACTOR] index=51 actor=0x000001C403EA76A0 root=0x000001C40157B800 class=PostProcessVolume name=PostProcessVolume_0 team=0 relative=(67900.00, 256510.00, 8410.00)
2026-08-20 20:53:01.338 [ACTOR] index=52 actor=0x000001C38A5A9B20 root=0x000001C400C34000 class=PostProcessVolume name=PostProcessVolume_55 team=0 relative=(-13490.00, -7580.00, -115700.00)
2026-08-20 20:53:01.338 [ACTOR] index=53 actor=0x000001C407E488E0 root=0x000001C400C3A800 class=PostProcessVolume name=PostProcessVolume_68 team=0 relative=(148160.00, 186100.00, -99980.00)
2026-08-20 20:53:01.338 [ACTOR] index=54 actor=0x000001C407E49200 root=0x000001C400C3B000 class=PostProcessVolume name=PostProcessVolume_69 team=0 relative=(29150.00, 154100.00, -74120.00)
2026-08-20 20:53:01.338 [ACTOR] index=55 actor=0x000001C40447DB00 root=0x000001C404B26000 class=PostProcessVolume name=BioLum_PPVolume team=0 relative=(-40630.00, -25730.00, -31852.00)
2026-08-20 20:53:01.338 [ACTOR] index=56 actor=0x000001C407E4DB00 root=0x000001C4008DD800 class=PostProcessVolume name=PostProcessVolume_75 team=0 relative=(-34630.00, -15760.00, -75050.00)
2026-08-20 20:53:01.338 [ACTOR] index=57 actor=0x000001C407E4E420 root=0x000001C2CAC68000 class=PostProcessVolume name=PostProcessVolume_76 team=0 relative=(-58290.00, -8730.00, -85260.00)
2026-08-20 20:53:01.338 [ACTOR] index=58 actor=0x000001C4086F4510 root=0x000001C3766F0400 class=MasterIBLCaptureBlueprint_C name=MasterIBL_Surface team=0 relative=(-246842.00, -244930.20, 60956.34)
2026-08-20 20:53:01.338 [ACTOR] index=59 actor=0x000001C406CF94C0 root=0x000001C284C3B000 class=ReverbVolume name=ReverbVolume_0 team=0 relative=(155000.00, -159849.10, 55000.00)
2026-08-20 20:53:01.338 [ACTOR] index=60 actor=0x000001C406CF9A10 root=0x000001C284C3B800 class=ReverbVolume name=ReverbVolume_1 team=0 relative=(10000.00, -264849.10, 55000.00)
2026-08-20 20:53:01.338 [ACTOR] index=61 actor=0x000001C406CF9F60 root=0x000001C284C3C000 class=ReverbVolume name=ReverbVolume_2 team=0 relative=(-135000.00, -39849.10, 55000.00)
2026-08-20 20:53:01.338 [ACTOR] index=62 actor=0x000001C406CFA4B0 root=0x000001C284C3D800 class=ReverbVolume name=ReverbVolume_3 team=0 relative=(-21000.00, -200349.10, 55000.00)
2026-08-20 20:53:01.338 [ACTOR] index=63 actor=0x000001C406CFAA00 root=0x000001C284C3C800 class=ReverbVolume name=ReverbVolume_4 team=0 relative=(-277500.00, -130849.10, 55000.00)
2026-08-20 20:53:01.338 [ACTOR] index=64 actor=0x000001C298755220 root=0x000001C2CD5FE000 class=DirectionalInjectedLight name=DirectionalInjectedLight_1 team=0 relative=(81450.27, -139198.00, 40677.73)
2026-08-20 20:53:01.338 [ACTOR] index=65 actor=0x000001C372FA1240 root=0x000001C404B25800 class=PostProcessVolume name=BioLum_PostProcessVolume team=0 relative=(-166801.00, 48500.00, 37300.00)
2026-08-20 20:53:01.338 [ACTOR] index=66 actor=0x000001C407E49B20 root=0x000001C400C3B800 class=PostProcessVolume name=PostProcessVolume_7 team=0 relative=(92900.00, 60800.00, 16100.00)
2026-08-20 20:53:01.338 [ACTOR] index=67 actor=0x000001C3FB706D80 root=0x000001C400C37800 class=PostProcessVolume name=PostProcessVolume_22 team=0 relative=(107800.00, -63500.00, 16100.00)
2026-08-20 20:53:01.338 [ACTOR] index=68 actor=0x000001C403EA5220 root=0x000001C403EFD000 class=PostProcessVolume name=Elemental__PostProcessVolume_5 team=0 relative=(-168600.00, 186400.00, 16100.00)
2026-08-20 20:53:01.338 [ACTOR] index=69 actor=0x000001C403EA5B40 root=0x000001C403EFF000 class=PostProcessVolume name=Elemental__PostProcessVolume_6 team=0 relative=(-215300.00, 162800.00, 16100.00)
2026-08-20 20:53:01.338 [ACTOR] index=70 actor=0x000001C2B1825220 root=0x000001C3766FC400 class=SphereReflectionCapture name=SphereReflectionCapture_0 team=0 relative=(180909.00, -97812.00, 71648.00)
2026-08-20 20:53:01.338 [ACTOR] index=71 actor=0x000001C406CF84D0 root=0x000001C284C39800 class=ReverbVolume name=ReverbVolume7 team=0 relative=(-166800.00, 48500.00, 37300.00)
2026-08-20 20:53:01.338 [ACTOR] index=72 actor=0x000001C406CF7F80 root=0x000001C4003D1800 class=ReverbVolume name=ReverbVolume6 team=0 relative=(92900.00, 60800.00, 16100.00)
2026-08-20 20:53:01.338 [ACTOR] index=73 actor=0x000001C406CF8A20 root=0x000001C284C3A000 class=ReverbVolume name=ReverbVolume8 team=0 relative=(107800.00, -63500.00, 16100.00)
2026-08-20 20:53:01.338 [ACTOR] index=74 actor=0x000001C406CF6F90 root=0x000001C4003DE800 class=ReverbVolume name=ReverbVolume10 team=0 relative=(92900.00, 211400.00, 16100.00)
2026-08-20 20:53:01.338 [ACTOR] index=75 actor=0x000001C406CF74E0 root=0x000001C4003DF000 class=ReverbVolume name=ReverbVolume11 team=0 relative=(-81600.00, 101500.00, 16100.00)
2026-08-20 20:53:01.338 [ACTOR] index=76 actor=0x000001C406CF7A30 root=0x000001C4003DF800 class=ReverbVolume name=ReverbVolume12 team=0 relative=(-168600.00, 186400.00, 16100.00)
2026-08-20 20:53:01.338 [ACTOR] index=77 actor=0x000001C406CF8F70 root=0x000001C284C3A800 class=ReverbVolume name=ReverbVolume9 team=0 relative=(-215300.00, 162800.00, 16100.00)
2026-08-20 20:53:01.338 [ACTOR] index=78 actor=0x000001C2B182DB00 root=0x000001C28380B1C0 class=ExponentialHeightFog name=SurfaceGroundFog_ExpHeightFog team=0 relative=(126690.00, -201550.00, 57940.00)
2026-08-20 20:53:01.338 [ACTOR] index=79 actor=0x000001C401F4D1E0 root=0x000001C401FC2800 class=PostProcessVolume name=Fertile_WaterPPVolume_17 team=0 relative=(-32435.00, -261482.00, 41015.67)
2026-08-20 20:53:01.338 [ACTOR] index=80 actor=0x000001C4069A1000 root=0x000001C2BD875200 class=BP_AberrationSky_Sphere_ARK_C name=BP_AberrationSky_Sphere_ARK_C_1 team=0 relative=(0.00, 0.00, 0.00)
2026-08-20 20:53:01.338 [ACTOR] index=81 actor=0x000001C400B41240 root=0x000001C401573800 class=PostProcessVolume name=FertileeCaveEncompassing_PPVolume team=0 relative=(-184800.00, -7200.00, 42500.00)
2026-08-20 20:53:01.338 [ACTOR] index=82 actor=0x000001C405EC1FE0 root=0x000001C283B24000 class=TileStreamingVolume name=TileStreamingVolume_5 team=0 relative=(-196140.00, 240.00, 40970.00)
2026-08-20 20:53:01.338 [ACTOR] index=83 actor=0x000001C405EC1540 root=0x000001C284C39000 class=TileStreamingVolume name=TileStreamingVolume_3 team=0 relative=(-184370.00, -9030.00, 43000.00)
2026-08-20 20:53:01.338 [ACTOR] index=84 actor=0x000001C405EC1A90 root=0x000001C284C3F000 class=TileStreamingVolume name=TileStreamingVolume_4 team=0 relative=(-186400.00, -11790.00, 43000.00)
2026-08-20 20:53:01.338 [ACTOR] index=85 actor=0x000001C405EC3FC0 root=0x000001C3DB58A800 class=TileStreamingVolume name=TSV_Entrance_01 team=0 relative=(127835.00, 42345.00, 10045.00)
2026-08-20 20:53:01.338 [ACTOR] index=86 actor=0x000001C405EC4A60 root=0x000001C3DB58B800 class=TileStreamingVolume name=TSV_Entrance_02 team=0 relative=(133680.00, 42345.00, 10045.00)
2026-08-20 20:53:01.338 [ACTOR] index=87 actor=0x000001C405EC5500 root=0x000001C3DB58E800 class=TileStreamingVolume name=TSV_Tunnel_01 team=0 relative=(138260.00, 42345.00, 10045.00)
2026-08-20 20:53:01.338 [ACTOR] index=88 actor=0x000001C405EC3520 root=0x000001C3DB589800 class=TileStreamingVolume name=TSV_Cavern_01 team=0 relative=(138260.00, 22255.00, 10045.00)
2026-08-20 20:53:01.338 [ACTOR] index=89 actor=0x000001C405EC0FF0 root=0x000001C284C38800 class=TileStreamingVolume name=TileStreamingVolume_25 team=0 relative=(138260.00, 63765.00, 10045.00)
2026-08-20 20:53:01.338 [ACTOR] index=90 actor=0x000001C4078DD1E0 root=0x000001C2CAC6B800 class=PostProcessVolume name=PP_BioLum_Cave team=0 relative=(135130.00, 42810.00, 3120.00)
2026-08-20 20:53:01.338 [ACTOR] index=91 actor=0x000001C4078DDB00 root=0x000001C2CAC6C000 class=PostProcessVolume name=PP_Water_BioLum_Cave team=0 relative=(146570.00, 12720.00, -2870.00)
2026-08-20 20:53:01.338 [ACTOR] index=92 actor=0x000001C405EC4510 root=0x000001C3DB58B000 class=TileStreamingVolume name=TSV_Entrance_01_18 team=0 relative=(-12410.00, 258170.00, 15630.00)
2026-08-20 20:53:01.338 [ACTOR] index=93 actor=0x000001C405EC4FB0 root=0x000001C3DB58E000 class=TileStreamingVolume name=TSV_Entrance_02_19 team=0 relative=(-12410.00, 266940.00, 15630.00)
2026-08-20 20:53:01.338 [ACTOR] index=94 actor=0x000001C405EC2FD0 root=0x000001C283B25800 class=TileStreamingVolume name=TileStreamingVolume_8 team=0 relative=(-12410.00, 291500.00, 15630.00)
2026-08-20 20:53:01.338 [ACTOR] index=95 actor=0x000001C405ECBF40 root=0x000001C284C33000 class=StructurePreventionZoneVolume name=StructurePreventionZoneVolume_4 team=0 relative=(138260.00, 63765.00, 10045.00)
2026-08-20 20:53:01.338 [ACTOR] index=96 actor=0x000001C3FB704900 root=0x000001C400C33000 class=PostProcessVolume name=PostProcessVolume_4 team=0 relative=(-12410.00, 289460.00, 15630.00)
2026-08-20 20:53:01.339 [ACTOR] index=97 actor=0x000001C4056E2CA0 root=0x000001C3E5F93000 class=TogglePainVolume name=TogglePainVolume_5 team=0 relative=(140438.40, -203676.30, 57497.31)
2026-08-20 20:53:01.339 [ACTOR] index=98 actor=0x000001C2B182E420 root=0x000001C2BDC2C200 class=Note name=Note_102 team=0 relative=(116077.80, -294571.80, 63311.04)
2026-08-20 20:53:01.339 [ACTOR] index=99 actor=0x000001C405F32CA0 root=0x000001C3FFD56000 class=TogglePainVolume name=TogglePainVolume_01 team=0 relative=(126400.90, -203676.30, 57497.28)
2026-08-20 20:53:01.339 [ACTOR] index=100 actor=0x000001C405F30CC0 root=0x000001C3FFD5A000 class=TogglePainVolume name=TogglePainVolume_03 team=0 relative=(156233.90, -203676.30, 57497.47)
2026-08-20 20:53:01.339 [ACTOR] index=101 actor=0x000001C407DC5940 root=0x000001C38906B800 class=TogglePainVolume name=TogglePainVolume_14 team=0 relative=(173013.70, -203676.30, 57498.49)
2026-08-20 20:53:01.339 [ACTOR] index=102 actor=0x000001C405F33FC0 root=0x000001C3FFD5B800 class=TogglePainVolume name=TogglePainVolume_05 team=0 relative=(190456.10, -203676.30, 57498.33)
2026-08-20 20:53:01.339 [ACTOR] index=103 actor=0x000001C405F34620 root=0x000001C3FFD5C000 class=TogglePainVolume name=TogglePainVolume_06 team=0 relative=(208021.70, -203676.30, 57498.54)
2026-08-20 20:53:01.339 [ACTOR] index=104 actor=0x000001C405F33960 root=0x000001C3FFD5C800 class=TogglePainVolume name=TogglePainVolume_07 team=0 relative=(226022.80, -203676.30, 57498.49)
2026-08-20 20:53:01.339 [ACTOR] index=105 actor=0x000001C405F32640 root=0x000001C3FFD5D800 class=TogglePainVolume name=TogglePainVolume_08 team=0 relative=(243155.50, -203676.30, 57498.52)
2026-08-20 20:53:01.339 [ACTOR] index=106 actor=0x000001C405F31980 root=0x000001C3FFD55800 class=TogglePainVolume name=TogglePainVolume_0 team=0 relative=(260175.60, -203676.30, 57498.39)
2026-08-20 20:53:01.339 [ACTOR] index=107 actor=0x000001C4056EE580 root=0x000001C3E8D05000 class=TogglePainVolume name=TogglePainVolume_4 team=0 relative=(276496.80, -203676.30, 57498.39)
2026-08-20 20:53:01.339 [ACTOR] index=108 actor=0x000001C406BDA5C0 root=0x000001C389BFA000 class=TogglePainVolume name=TogglePainVolume_2 team=0 relative=(292868.70, -203676.30, 57498.39)
2026-08-20 20:53:01.339 [ACTOR] index=109 actor=0x000001C404CFBF40 root=0x000001C37FB48000 class=TogglePainVolume name=TogglePainVolume_9 team=0 relative=(309191.00, -227562.80, 57498.41)
2026-08-20 20:53:01.339 [ACTOR] index=110 actor=0x000001C2B1827B30 root=0x000001C2BDC2A000 class=Note name=Note_1 team=0 relative=(116077.80, -287003.90, 63311.03)
2026-08-20 20:53:01.339 [ACTOR] index=111 actor=0x000001C407799690 root=0x000001C2BD5F4200 class=Note name=Note_2 team=0 relative=(116077.80, -277246.50, 61284.43)
2026-08-20 20:53:01.339 [ACTOR] index=112 actor=0x000001C40569E8B0 root=0x000001C2BDC5DC00 class=Note name=Note_3 team=0 relative=(116077.80, -269285.30, 61284.43)
2026-08-20 20:53:01.339 [ACTOR] index=113 actor=0x000001C2B1827FC0 root=0x000001C2BDC2A200 class=Note name=Note_10 team=0 relative=(130535.10, -308932.90, 64523.95)
2026-08-20 20:53:01.339 [ACTOR] index=114 actor=0x000001C4097F7B30 root=0x000001C2BDC2FC00 class=Note name=Note_12 team=0 relative=(130535.10, -291396.00, 63274.60)
2026-08-20 20:53:01.339 [ACTOR] index=115 actor=0x000001C4097FBB10 root=0x000001C2BDA30800 class=Note name=Note_13 team=0 relative=(130535.10, -270691.60, 61523.82)
2026-08-20 20:53:01.339 [ACTOR] index=116 actor=0x000001C4097FED40 root=0x000001C2BDA33E00 class=Note name=Note_14 team=0 relative=(130535.10, -252564.50, 59250.68)
2026-08-20 20:53:01.339 [ACTOR] index=117 actor=0x000001C4092C0000 root=0x000001C2BDA36C00 class=Note name=Note_15 team=0 relative=(130535.10, -234430.20, 57840.84)
2026-08-20 20:53:01.339 [ACTOR] index=118 actor=0x000001C4092C3230 root=0x000001C2BDA39C00 class=Note name=Note_16 team=0 relative=(130535.10, -215999.00, 57840.84)
2026-08-20 20:53:01.339 [ACTOR] index=119 actor=0x000001C407CE1240 root=0x000001C2BDA3CC00 class=Note name=Note_17 team=0 relative=(131313.60, -205686.40, 62925.93)
2026-08-20 20:53:01.339 [ACTOR] index=120 actor=0x000001C400BA5220 root=0x000001C2BD9C1000 class=Note name=Note_451 team=0 relative=(146360.00, -308932.90, 64523.79)
2026-08-20 20:53:01.339 [ACTOR] index=121 actor=0x000001C405EA9200 root=0x000001C2BDC58000 class=Note name=Note_28 team=0 relative=(146360.00, -291396.00, 63274.44)
2026-08-20 20:53:01.339 [ACTOR] index=122 actor=0x000001C405EAC430 root=0x000001C2BDC5B000 class=Note name=Note_29 team=0 relative=(146360.00, -270691.60, 61523.66)
2026-08-20 20:53:01.339 [ACTOR] index=123 actor=0x000001C40569ED40 root=0x000001C2BDC5DE00 class=Note name=Note_30 team=0 relative=(146360.00, -252564.50, 59250.52)
2026-08-20 20:53:01.339 [ACTOR] index=124 actor=0x000001C405559200 root=0x000001C2BDAB0A00 class=Note name=Note_31 team=0 relative=(146360.00, -234430.20, 57840.68)
2026-08-20 20:53:01.339 [ACTOR] index=125 actor=0x000001C405552DA0 root=0x000001C2BDAB2000 class=Note name=Note_32 team=0 relative=(146360.00, -215999.00, 57840.68)
2026-08-20 20:53:01.339 [ACTOR] index=126 actor=0x000001C405555B40 root=0x000001C2BDAB4C00 class=Note name=Note_33 team=0 relative=(146360.00, -197874.90, 57840.68)
2026-08-20 20:53:01.339 [ACTOR] index=127 actor=0x000001C404A47FC0 root=0x000001C2BDAB7A00 class=Note name=Note_34 team=0 relative=(146360.00, -186459.50, 57840.67)
2026-08-20 20:53:01.339 [ACTOR] index=128 actor=0x000001C400BA1FF0 root=0x000001C2BD67DE00 class=Note name=Note_436 team=0 relative=(164380.00, -308932.90, 64523.81)
2026-08-20 20:53:01.339 [ACTOR] index=129 actor=0x000001C400BA4900 root=0x000001C2BD67F200 class=Note name=Note_45 team=0 relative=(164380.00, -291396.00, 63274.45)
2026-08-20 20:53:01.339 [ACTOR] index=130 actor=0x000001C400BA68F0 root=0x000001C2BD9C1A00 class=Note name=Note_46 team=0 relative=(164380.00, -270691.60, 61523.68)
2026-08-20 20:53:01.339 [ACTOR] index=131 actor=0x000001C400BA8D70 root=0x000001C2BD9C4400 class=Note name=Note_47 team=0 relative=(164380.00, -252564.50, 59250.54)
2026-08-20 20:53:01.339 [ACTOR] index=132 actor=0x000001C400BAAD60 root=0x000001C2BD9C5200 class=Note name=Note_48 team=0 relative=(164380.00, -234430.20, 57840.70)
2026-08-20 20:53:01.339 [ACTOR] index=133 actor=0x000001C407FCBB10 root=0x000001C2BD9C7C00 class=Note name=Note_49 team=0 relative=(164380.00, -215999.00, 57840.69)
2026-08-20 20:53:01.339 [ACTOR] index=134 actor=0x000001C407FCDF90 root=0x000001C2BD9C8C00 class=Note name=Note_50 team=0 relative=(164380.00, -197874.90, 58974.13)
2026-08-20 20:53:01.339 [ACTOR] index=135 actor=0x000001C407FCF1D0 root=0x000001C2BD9CAE00 class=Note name=Note_51 team=0 relative=(164380.00, -184210.60, 60189.07)
2026-08-20 20:53:01.339 [ACTOR] index=136 actor=0x000001C407FC9FB0 root=0x000001C2BD9CC000 class=Note name=Note_52 team=0 relative=(164380.00, -169406.70, 60189.07)
2026-08-20 20:53:01.339 [ACTOR] index=137 actor=0x000001C400BADB00 root=0x000001C2BD67B200 class=Note name=Note_426 team=0 relative=(181551.90, -308932.90, 64523.79)
2026-08-20 20:53:01.339 [ACTOR] index=138 actor=0x000001C405FC56B0 root=0x000001C2BAE1BE00 class=Note name=Note_60 team=0 relative=(181551.90, -291396.00, 61972.78)
2026-08-20 20:53:01.339 [ACTOR] index=139 actor=0x000001C405FC76A0 root=0x000001C2BAE1E600 class=Note name=Note_61 team=0 relative=(181551.90, -270691.60, 61523.66)
2026-08-20 20:53:01.339 [ACTOR] index=140 actor=0x000001C405FC9B20 root=0x000001C2BAE1F600 class=Note name=Note_62 team=0 relative=(181551.90, -252564.50, 59250.52)
2026-08-20 20:53:01.339 [ACTOR] index=141 actor=0x000001C405FCBFA0 root=0x000001C2BD861E00 class=Note name=Note_63 team=0 relative=(181551.90, -234430.20, 57350.64)
2026-08-20 20:53:01.339 [ACTOR] index=142 actor=0x000001C405FCDB00 root=0x000001C2BD862A00 class=Note name=Note_64 team=0 relative=(181551.90, -215999.00, 58111.40)
2026-08-20 20:53:01.339 [ACTOR] index=143 actor=0x000001C405FC0000 root=0x000001C2BD865400 class=Note name=Note_65 team=0 relative=(181551.90, -197874.90, 58974.11)
2026-08-20 20:53:01.339 [ACTOR] index=144 actor=0x000001C404CBD1E0 root=0x000001C2BD866200 class=Note name=Note_66 team=0 relative=(181551.90, -184210.60, 60189.05)
2026-08-20 20:53:01.339 [ACTOR] index=145 actor=0x000001C404CBE8B0 root=0x000001C2BD868600 class=Note name=Note_67 team=0 relative=(181551.90, -169406.70, 60189.05)
2026-08-20 20:53:01.339 [ACTOR] index=146 actor=0x000001C403D90DB0 root=0x000001C2BD678800 class=Note name=Note_415 team=0 relative=(199466.00, -308932.90, 61404.30)
2026-08-20 20:53:01.339 [ACTOR] index=147 actor=0x000001C404CB9B20 root=0x000001C2BD869400 class=Note name=Note_72 team=0 relative=(199466.00, -291396.00, 61494.84)
2026-08-20 20:53:01.339 [ACTOR] index=148 actor=0x000001C403075220 root=0x000001C2BD869600 class=Note name=Note_73 team=0 relative=(199466.00, -270691.60, 61540.77)
2026-08-20 20:53:01.339 [ACTOR] index=149 actor=0x000001C4030756B0 root=0x000001C2BD86B200 class=Note name=Note_74 team=0 relative=(199466.00, -252564.50, 59250.54)
2026-08-20 20:53:01.339 [ACTOR] index=150 actor=0x000001C403075B40 root=0x000001C2BD86B400 class=Note name=Note_75 team=0 relative=(199466.00, -234430.20, 56992.40)
2026-08-20 20:53:01.339 [ACTOR] index=151 actor=0x000001C403075FD0 root=0x000001C2BD86B600 class=Note name=Note_76 team=0 relative=(199466.00, -215999.00, 57352.82)
2026-08-20 20:53:01.339 [ACTOR] index=152 actor=0x000001C403076460 root=0x000001C2BD86B800 class=Note name=Note_77 team=0 relative=(199466.00, -197874.90, 56529.66)
2026-08-20 20:53:01.339 [ACTOR] index=153 actor=0x000001C4030768F0 root=0x000001C2BD86BA00 class=Note name=Note_78 team=0 relative=(199466.00, -184210.60, 56347.48)
2026-08-20 20:53:01.339 [ACTOR] index=154 actor=0x000001C403076D80 root=0x000001C2BD86BC00 class=Note name=Note_79 team=0 relative=(199466.00, -169406.70, 57351.23)
2026-08-20 20:53:01.339 [ACTOR] index=155 actor=0x000001C403D936C0 root=0x000001C2BD678000 class=Note name=Note_410 team=0 relative=(218229.80, -308932.90, 61404.28)
2026-08-20 20:53:01.339 [ACTOR] index=156 actor=0x000001C403079200 root=0x000001C2BD86E600 class=Note name=Note_87 team=0 relative=(218229.80, -291396.00, 61494.82)
2026-08-20 20:53:01.339 [ACTOR] index=157 actor=0x000001C403079690 root=0x000001C2BD86E800 class=Note name=Note_88 team=0 relative=(218229.80, -270691.60, 61540.75)
2026-08-20 20:53:01.339 [ACTOR] index=158 actor=0x000001C403079B20 root=0x000001C2BD86EA00 class=Note name=Note_89 team=0 relative=(218229.80, -252564.50, 59250.51)
2026-08-20 20:53:01.339 [ACTOR] index=159 actor=0x000001C40307A440 root=0x000001C2BD86EE00 class=Note name=Note_90 team=0 relative=(218229.80, -234430.20, 56992.38)
2026-08-20 20:53:01.339 [ACTOR] index=160 actor=0x000001C40307A8D0 root=0x000001C2BD86F000 class=Note name=Note_91 team=0 relative=(218229.80, -215999.00, 57352.80)
2026-08-20 20:53:01.339 [ACTOR] index=161 actor=0x000001C40307AD60 root=0x000001C2BD86F200 class=Note name=Note_92 team=0 relative=(218229.80, -197874.90, 56529.64)
2026-08-20 20:53:01.339 [ACTOR] index=162 actor=0x000001C40307B1F0 root=0x000001C2BD86F400 class=Note name=Note_93 team=0 relative=(218229.80, -184210.60, 56347.46)
2026-08-20 20:53:01.339 [ACTOR] index=163 actor=0x000001C40307B680 root=0x000001C2BD86F600 class=Note name=Note_94 team=0 relative=(218229.80, -169406.70, 57351.21)
2026-08-20 20:53:01.339 [ACTOR] index=164 actor=0x000001C4043DE420 root=0x000001C2BD675000 class=Note name=Note_391 team=0 relative=(233651.40, -308932.90, 61404.29)
2026-08-20 20:53:01.339 [ACTOR] index=165 actor=0x000001C2B182F1D0 root=0x000001C2BDC2C400 class=Note name=Note_104 team=0 relative=(233651.40, -291396.00, 58900.88)
2026-08-20 20:53:01.340 [ACTOR] index=166 actor=0x000001C2B182A440 root=0x000001C2BDC2C600 class=Note name=Note_105 team=0 relative=(233651.40, -270691.60, 58311.80)
2026-08-20 20:53:01.340 [ACTOR] index=167 actor=0x000001C2B182A8D0 root=0x000001C2BDC2C800 class=Note name=Note_106 team=0 relative=(233651.40, -252564.50, 56159.05)
2026-08-20 20:53:01.340 [ACTOR] index=168 actor=0x000001C2B182AD60 root=0x000001C2BDC2CA00 class=Note name=Note_107 team=0 relative=(233651.40, -234430.20, 56432.96)
2026-08-20 20:53:01.340 [ACTOR] index=169 actor=0x000001C2B182B1F0 root=0x000001C2BDC2CC00 class=Note name=Note_108 team=0 relative=(233651.40, -215999.00, 55362.66)
2026-08-20 20:53:01.340 [ACTOR] index=170 actor=0x000001C2B1829200 root=0x000001C2BDC2CE00 class=Note name=Note_109 team=0 relative=(233651.40, -197874.90, 55138.68)
2026-08-20 20:53:01.340 [ACTOR] index=171 actor=0x000001C2B1829B20 root=0x000001C2BDC2D200 class=Note name=Note_110 team=0 relative=(233651.40, -184210.60, 55109.60)
2026-08-20 20:53:01.340 [ACTOR] index=172 actor=0x000001C2B1829FB0 root=0x000001C2BDC2D400 class=Note name=Note_111 team=0 relative=(233651.40, -169406.70, 55895.45)
2026-08-20 20:53:01.340 [ACTOR] index=173 actor=0x000001C2B1829690 root=0x000001C2BDC2D600 class=Note name=Note_112 team=0 relative=(233651.40, -150262.00, 56229.59)
2026-08-20 20:53:01.340 [ACTOR] index=174 actor=0x000001C404A44900 root=0x000001C2BDABBC00 class=Note name=Note_357 team=0 relative=(250827.60, -308932.90, 61404.26)
2026-08-20 20:53:01.340 [ACTOR] index=175 actor=0x000001C4097FA440 root=0x000001C2BDA30A00 class=Note name=Note_125 team=0 relative=(250827.60, -285927.40, 58900.86)
2026-08-20 20:53:01.340 [ACTOR] index=176 actor=0x000001C4097FA8D0 root=0x000001C2BDA30000 class=Note name=Note_126 team=0 relative=(250827.60, -262077.40, 58311.48)
2026-08-20 20:53:01.340 [ACTOR] index=177 actor=0x000001C4097FAD60 root=0x000001C2BDA30200 class=Note name=Note_127 team=0 relative=(250827.60, -237695.70, 56159.03)
2026-08-20 20:53:01.340 [ACTOR] index=178 actor=0x000001C4097FB1F0 root=0x000001C2BDA30400 class=Note name=Note_128 team=0 relative=(250827.60, -215096.70, 56432.93)
2026-08-20 20:53:01.340 [ACTOR] index=179 actor=0x000001C4097FB680 root=0x000001C2BDA30600 class=Note name=Note_129 team=0 relative=(250827.60, -192879.80, 55362.64)
2026-08-20 20:53:01.340 [ACTOR] index=180 actor=0x000001C4097FBFA0 root=0x000001C2BDA31000 class=Note name=Note_130 team=0 relative=(250827.60, -169736.70, 55138.85)
2026-08-20 20:53:01.340 [ACTOR] index=181 actor=0x000001C4097FC430 root=0x000001C2BDA31200 class=Note name=Note_131 team=0 relative=(250827.60, -146989.40, 55138.97)
2026-08-20 20:53:01.340 [ACTOR] index=182 actor=0x000001C4097FC8C0 root=0x000001C2BDA31400 class=Note name=Note_132 team=0 relative=(250827.60, -133190.50, 57872.16)
2026-08-20 20:53:01.340 [ACTOR] index=183 actor=0x000001C4097FE420 root=0x000001C2BDA33A00 class=Note name=Note_138 team=0 relative=(266781.10, -308932.90, 61404.32)
2026-08-20 20:53:01.340 [ACTOR] index=184 actor=0x000001C4097FE8B0 root=0x000001C2BDA33C00 class=Note name=Note_139 team=0 relative=(266781.10, -285927.40, 58900.93)
2026-08-20 20:53:01.340 [ACTOR] index=185 actor=0x000001C4097FF1D0 root=0x000001C2BDA34000 class=Note name=Note_140 team=0 relative=(266781.10, -262077.40, 58311.54)
2026-08-20 20:53:01.340 [ACTOR] index=186 actor=0x000001C4097FF660 root=0x000001C2BDA34200 class=Note name=Note_141 team=0 relative=(266781.10, -237695.70, 56159.09)
2026-08-20 20:53:01.340 [ACTOR] index=187 actor=0x000001C4097FFAF0 root=0x000001C2BDA34400 class=Note name=Note_142 team=0 relative=(266781.10, -215096.70, 56432.99)
2026-08-20 20:53:01.340 [ACTOR] index=188 actor=0x000001C4092C36C0 root=0x000001C2BDA34600 class=Note name=Note_143 team=0 relative=(266781.10, -192879.80, 55362.71)
2026-08-20 20:53:01.340 [ACTOR] index=189 actor=0x000001C4092C3B50 root=0x000001C2BDA34800 class=Note name=Note_144 team=0 relative=(266781.10, -169736.70, 55138.91)
2026-08-20 20:53:01.340 [ACTOR] index=190 actor=0x000001C4092C3FE0 root=0x000001C2BDA36400 class=Note name=Note_145 team=0 relative=(266781.10, -146989.40, 55139.03)
2026-08-20 20:53:01.340 [ACTOR] index=191 actor=0x000001C2B18288E0 root=0x000001C2BDC29E00 class=Note name=Note_0 team=0 relative=(266781.10, -131227.90, 62981.55)
2026-08-20 20:53:01.340 [ACTOR] index=192 actor=0x000001C4092C16D0 root=0x000001C2BDA37600 class=Note name=Note_154 team=0 relative=(283145.50, -308932.90, 61404.32)
2026-08-20 20:53:01.340 [ACTOR] index=193 actor=0x000001C4092C1B60 root=0x000001C2BDA37800 class=Note name=Note_155 team=0 relative=(283145.50, -285927.40, 58900.93)
2026-08-20 20:53:01.340 [ACTOR] index=194 actor=0x000001C4092C1FF0 root=0x000001C2BDA37A00 class=Note name=Note_156 team=0 relative=(283145.50, -262077.40, 58311.54)
2026-08-20 20:53:01.340 [ACTOR] index=195 actor=0x000001C4092C2480 root=0x000001C2BDA37C00 class=Note name=Note_157 team=0 relative=(283145.50, -237695.70, 56159.09)
2026-08-20 20:53:01.340 [ACTOR] index=196 actor=0x000001C4092C2910 root=0x000001C2BDA39800 class=Note name=Note_158 team=0 relative=(283145.50, -215096.70, 56432.99)
2026-08-20 20:53:01.340 [ACTOR] index=197 actor=0x000001C4092C2DA0 root=0x000001C2BDA39A00 class=Note name=Note_159 team=0 relative=(283145.50, -192879.80, 55362.71)
2026-08-20 20:53:01.340 [ACTOR] index=198 actor=0x000001C407CE7210 root=0x000001C2BDA39E00 class=Note name=Note_160 team=0 relative=(283145.50, -169736.70, 55138.91)
2026-08-20 20:53:01.340 [ACTOR] index=199 actor=0x000001C407CE76A0 root=0x000001C2BDA3A000 class=Note name=Note_161 team=0 relative=(283145.50, -146989.40, 55139.03)
2026-08-20 20:53:01.340 [ACTOR] index=200 actor=0x000001C407CE7B30 root=0x000001C2BDA3A200 class=Note name=Note_162 team=0 relative=(283145.50, -128774.10, 55139.04)
2026-08-20 20:53:01.340 [ACTOR] index=201 actor=0x000001C407798D70 root=0x000001C2BD5F3E00 class=Note name=Note_198 team=0 relative=(298741.50, -308932.90, 56600.87)
2026-08-20 20:53:01.340 [ACTOR] index=202 actor=0x000001C40779DF90 root=0x000001C2BD5F7E00 class=Note name=Note_214 team=0 relative=(298741.50, -291363.70, 56441.11)
2026-08-20 20:53:01.340 [ACTOR] index=203 actor=0x000001C405EAD1E0 root=0x000001C2BD5FE800 class=Note name=Note_242 team=0 relative=(298741.50, -274198.90, 56333.44)
2026-08-20 20:53:01.340 [ACTOR] index=204 actor=0x000001C405EA1B60 root=0x000001C2BDC51800 class=Note name=Note_253 team=0 relative=(298741.50, -257524.40, 54615.21)
2026-08-20 20:53:01.340 [ACTOR] index=205 actor=0x000001C405EA1FF0 root=0x000001C2BDC51A00 class=Note name=Note_254 team=0 relative=(298741.50, -240396.30, 54183.29)
2026-08-20 20:53:01.340 [ACTOR] index=206 actor=0x000001C4043D76A0 root=0x000001C2BDABEC00 class=Note name=Note_367 team=0 relative=(298741.50, -223162.00, 53863.17)
2026-08-20 20:53:01.340 [ACTOR] index=207 actor=0x000001C405EA2910 root=0x000001C2BDC53800 class=Note name=Note_256 team=0 relative=(298741.50, -205882.90, 53139.29)
2026-08-20 20:53:01.340 [ACTOR] index=208 actor=0x000001C4043D9FB0 root=0x000001C2BD671800 class=Note name=Note_377 team=0 relative=(298741.50, -189803.00, 53330.18)
2026-08-20 20:53:01.340 [ACTOR] index=209 actor=0x000001C2B182BFA0 root=0x000001C2BDC2A600 class=Note name=Note_101 team=0 relative=(298741.50, -171587.60, 53101.55)
2026-08-20 20:53:01.340 [ACTOR] index=210 actor=0x000001C40569CD50 root=0x000001C2BDC5B800 class=Note name=Note_294 team=0 relative=(322922.10, -171505.90, 54674.75)
2026-08-20 20:53:01.340 [ACTOR] index=211 actor=0x000001C40569DF90 root=0x000001C2BDA3D200 class=Note name=Note_298 team=0 relative=(293482.50, -159816.70, 54674.87)
2026-08-20 20:53:01.340 [ACTOR] index=212 actor=0x000001C407CE2480 root=0x000001C2BDA3D600 class=Note name=Note_173 team=0 relative=(293482.50, -150885.70, 54318.38)
2026-08-20 20:53:01.340 [ACTOR] index=213 actor=0x000001C407CE2DA0 root=0x000001C2BDA3DA00 class=Note name=Note_175 team=0 relative=(293482.50, -145398.90, 54318.38)
2026-08-20 20:53:01.340 [ACTOR] index=214 actor=0x000001C407CE36C0 root=0x000001C2BDA3DE00 class=Note name=Note_177 team=0 relative=(293482.50, -140098.90, 54525.60)
2026-08-20 20:53:01.340 [ACTOR] index=215 actor=0x000001C406AB7B30 root=0x000001C2BAE11400 class=Note name=Note_54 team=0 relative=(293482.50, -134347.70, 54933.64)
2026-08-20 20:53:01.340 [ACTOR] index=216 actor=0x000001C4056E3300 root=0x000001C3E8D08000 class=TogglePainVolume name=TogglePainVolume_41 team=0 relative=(-318094.00, 300617.40, 50954.46)
2026-08-20 20:53:01.340 [ACTOR] index=217 actor=0x000001C4056E4C80 root=0x000001C3E8D08800 class=TogglePainVolume name=TogglePainVolume_42 team=0 relative=(-301841.30, 300617.40, 50954.46)
2026-08-20 20:53:01.340 [ACTOR] index=218 actor=0x000001C4056E8C40 root=0x000001C3E8D09000 class=TogglePainVolume name=TogglePainVolume_43 team=0 relative=(-285561.60, 300617.40, 50954.46)
2026-08-20 20:53:01.340 [ACTOR] index=219 actor=0x000001C4056E52E0 root=0x000001C3E8D09800 class=TogglePainVolume name=TogglePainVolume_44 team=0 relative=(-269227.20, 300617.40, 50954.47)
2026-08-20 20:53:01.340 [ACTOR] index=220 actor=0x000001C403EC0660 root=0x000001C3F4ECA800 class=TogglePainVolume name=TogglePainVolume_18 team=0 relative=(-252916.40, 300617.40, 50954.47)
2026-08-20 20:53:01.340 [ACTOR] index=221 actor=0x000001C403EC52E0 root=0x000001C3F4ECD800 class=TogglePainVolume name=TogglePainVolume_19 team=0 relative=(-236598.60, 300617.40, 50954.47)
2026-08-20 20:53:01.340 [ACTOR] index=222 actor=0x000001C406BDB8E0 root=0x000001C389BF0000 class=TogglePainVolume name=TogglePainVolume_20 team=0 relative=(-220199.00, 300617.40, 50954.47)
2026-08-20 20:53:01.340 [ACTOR] index=223 actor=0x000001C406BDC5A0 root=0x000001C3DC5E5800 class=TogglePainVolume name=TogglePainVolume_21 team=0 relative=(-203884.80, 300617.40, 50954.47)
2026-08-20 20:53:01.340 [ACTOR] index=224 actor=0x000001C406BD85E0 root=0x000001C3EF870000 class=TogglePainVolume name=TogglePainVolume_22 team=0 relative=(-203884.80, 217432.60, 50954.47)
2026-08-20 20:53:01.340 [ACTOR] index=225 actor=0x000001C406BD3FC0 root=0x000001C3EF879800 class=TogglePainVolume name=TogglePainVolume_23 team=0 relative=(-301831.90, 192281.50, 50954.48)
2026-08-20 20:53:01.340 [ACTOR] index=226 actor=0x000001C40455F8A0 root=0x000001C3EF0D2000 class=TogglePainVolume name=TogglePainVolume_24 team=0 relative=(-285488.50, 192281.50, 50954.29)
2026-08-20 20:53:01.340 [ACTOR] index=227 actor=0x000001C404AE2640 root=0x000001C3EF0D9000 class=TogglePainVolume name=TogglePainVolume_25 team=0 relative=(-269161.60, 192281.50, 50954.28)
2026-08-20 20:53:01.340 [ACTOR] index=228 actor=0x000001C404AE0000 root=0x000001C3EF0DE800 class=TogglePainVolume name=TogglePainVolume_26 team=0 relative=(-252820.40, 192281.50, 50954.28)
2026-08-20 20:53:01.340 [ACTOR] index=229 actor=0x000001C404AE3300 root=0x000001C3EEC75000 class=TogglePainVolume name=TogglePainVolume_27 team=0 relative=(-236433.90, 192281.50, 50954.30)
2026-08-20 20:53:01.340 [ACTOR] index=230 actor=0x000001C406941320 root=0x000001C3EEC7E800 class=TogglePainVolume name=TogglePainVolume_28 team=0 relative=(-220059.00, 192281.50, 50954.30)
2026-08-20 20:53:01.340 [ACTOR] index=231 actor=0x000001C406940000 root=0x000001C3ED7E2800 class=TogglePainVolume name=TogglePainVolume_29 team=0 relative=(-203687.50, 123059.80, 50954.30)
2026-08-20 20:53:01.340 [ACTOR] index=232 actor=0x000001C4056ED260 root=0x000001C3ED7E7000 class=TogglePainVolume name=TogglePainVolume_30 team=0 relative=(-282874.10, -222445.10, 50954.35)
2026-08-20 20:53:01.340 [ACTOR] index=233 actor=0x000001C4056E5FA0 root=0x000001C3ED7EE800 class=TogglePainVolume name=TogglePainVolume_31 team=0 relative=(-266505.50, -222445.10, 50954.35)
2026-08-20 20:53:01.340 [ACTOR] index=234 actor=0x000001C4056E5940 root=0x000001C397F7E000 class=TogglePainVolume name=TogglePainVolume_32 team=0 relative=(-250138.40, -222445.10, 50954.38)
2026-08-20 20:53:01.340 [ACTOR] index=235 actor=0x000001C4056E7920 root=0x000001C397F72800 class=TogglePainVolume name=TogglePainVolume_33 team=0 relative=(-233783.80, -222445.10, 50954.50)
2026-08-20 20:53:01.340 [ACTOR] index=236 actor=0x000001C404CF85E0 root=0x000001C3E586D800 class=TogglePainVolume name=TogglePainVolume_81 team=0 relative=(-217378.90, -222445.10, 50954.61)
2026-08-20 20:53:01.340 [ACTOR] index=237 actor=0x000001C403077210 root=0x000001C2BD86BE00 class=Note name=Note_8 team=0 relative=(-319378.40, 276200.80, 52962.69)
2026-08-20 20:53:01.340 [ACTOR] index=238 actor=0x000001C2B1828D70 root=0x000001C2BDC2D000 class=Note name=Note_11 team=0 relative=(-319378.40, 265041.20, 53831.05)
2026-08-20 20:53:01.340 [ACTOR] index=239 actor=0x000001C400BAC430 root=0x000001C2BD9C5C00 class=Note name=Note_485 team=0 relative=(-319378.40, 251744.70, 55320.54)
2026-08-20 20:53:01.341 [ACTOR] index=240 actor=0x000001C40779CD50 root=0x000001C2BD5F7600 class=Note name=Note_21 team=0 relative=(-319378.40, 239862.90, 55578.19)
2026-08-20 20:53:01.341 [ACTOR] index=241 actor=0x000001C407530920 root=0x000001C2BD5FAE00 class=Note name=Note_23 team=0 relative=(-319378.40, 222247.80, 55578.19)
2026-08-20 20:53:01.341 [ACTOR] index=242 actor=0x000001C407530DB0 root=0x000001C2BD5FD000 class=Note name=Note_230 team=0 relative=(-319378.40, 210298.00, 55578.21)
2026-08-20 20:53:01.341 [ACTOR] index=243 actor=0x000001C405EA0920 root=0x000001C2BDC51000 class=Note name=Note_25 team=0 relative=(-302308.40, 210298.00, 55578.21)
2026-08-20 20:53:01.341 [ACTOR] index=244 actor=0x000001C405EA3B50 root=0x000001C2BDC54000 class=Note name=Note_26 team=0 relative=(-302308.40, 222598.60, 55578.22)
2026-08-20 20:53:01.341 [ACTOR] index=245 actor=0x000001C404A42480 root=0x000001C2BDABAC00 class=Note name=Note_35 team=0 relative=(-302308.40, 234725.90, 55578.22)
2026-08-20 20:53:01.341 [ACTOR] index=246 actor=0x000001C404A456B0 root=0x000001C2BDABDC00 class=Note name=Note_36 team=0 relative=(-302308.40, 246545.60, 55578.12)
2026-08-20 20:53:01.341 [ACTOR] index=247 actor=0x000001C4043D8450 root=0x000001C2BD670C00 class=Note name=Note_37 team=0 relative=(-302308.40, 258196.60, 53599.48)
2026-08-20 20:53:01.341 [ACTOR] index=248 actor=0x000001C4043DAD60 root=0x000001C2BD671E00 class=Note name=Note_38 team=0 relative=(-302308.40, 270814.30, 52863.58)
2026-08-20 20:53:01.341 [ACTOR] index=249 actor=0x000001C407FC9B20 root=0x000001C2BD9CBE00 class=Note name=Note_519 team=0 relative=(-302308.40, 285176.90, 53633.03)
2026-08-20 20:53:01.341 [ACTOR] index=250 actor=0x000001C407FCAD60 root=0x000001C2BD9CE200 class=Note name=Note_524 team=0 relative=(-286479.60, 299658.00, 56168.71)
2026-08-20 20:53:01.341 [ACTOR] index=251 actor=0x000001C403D93B50 root=0x000001C2BD677E00 class=Note name=Note_41 team=0 relative=(-286479.60, 289135.10, 55555.27)
2026-08-20 20:53:01.341 [ACTOR] index=252 actor=0x000001C403D91B60 root=0x000001C2BD67A800 class=Note name=Note_42 team=0 relative=(-286479.60, 278187.30, 56168.69)
2026-08-20 20:53:01.341 [ACTOR] index=253 actor=0x000001C406AB56B0 root=0x000001C2BD9CEA00 class=Note name=Note_53 team=0 relative=(-286479.60, 268339.10, 56168.69)
2026-08-20 20:53:01.348 [INFO] Level 0x000001C3D99CFC00: Actors data=0x000001C36B811E40, count=85
2026-08-20 20:53:01.348 [INFO] Level 0x000001C2C0AFFC00: Actors data=0x000001C2D945B280, count=385
2026-08-20 20:53:01.350 [INFO] Level 0x000001C3F69CFC00: Actors data=0x000001C368F1DB00, count=281
2026-08-20 20:53:01.351 [INFO] Level 0x000001C3617E8C00: Actors data=0x000001C2D96AE880, count=3
2026-08-20 20:53:01.351 [INFO] Level 0x000001C40A3E9A00: Actors data=0x000001C36B4CBE50, count=2
2026-08-20 20:53:01.351 [INFO] Level 0x000001C3C2DBB280: Actors data=0x000001C2C138CA80, count=44
2026-08-20 20:53:01.351 [INFO] Level 0x000001C2B17D4280: Actors data=0x000001C2D019CBA0, count=11
2026-08-20 20:53:01.351 [INFO] Level 0x000001C3A6F06900: Actors data=0x000001C2D96AE940, count=4
2026-08-20 20:53:01.351 [INFO] Level 0x000001C35D1C0E00: Actors data=0x000001C3FD237E00, count=4
2026-08-20 20:53:01.352 [INFO] Level 0x000001C2CC35A800: Actors data=0x000001C2B17D5E80, count=99
2026-08-20 20:53:01.352 [INFO] Level 0x000001C3667B3480: Actors data=0x000001C37A1A7000, count=437
2026-08-20 20:53:01.353 [INFO] Level 0x000001C36A945400: Actors data=0x000001C3CD43FAA0, count=17
2026-08-20 20:53:01.353 [INFO] Level 0x000001C3EFC3F880: Actors data=0x000001C47E264C80, count=373
2026-08-20 20:53:01.355 [INFO] Level 0x000001C2820AF500: Actors data=0x000001C3A4AD6660, count=1503
2026-08-20 20:53:01.360 [INFO] Level 0x000001C5ADCF2A00: Actors data=0x000001C3F50E61C0, count=3
2026-08-20 20:53:01.360 [INFO] Level 0x000001C5ADCF5780: Actors data=0x000001C2EA72AA80, count=1310
2026-08-20 20:53:01.365 [INFO] Level 0x000001C5ADCFEA80: Actors data=0x000001C3E9F01160, count=3
2026-08-20 20:53:01.365 [INFO] Level 0x000001C5A39E3800: Actors data=0x000001C5319DEF80, count=3
2026-08-20 20:53:01.365 [INFO] Level 0x000001C5A39E9300: Actors data=0x000001C39A369990, count=1377
2026-08-20 20:53:01.370 [INFO] Level 0x000001C4FD664980: Actors data=0x000001C55BB976A0, count=269
2026-08-20 20:53:01.371 [INFO] Level 0x000001C55D30C400: Actors data=0x000001C47B6F6200, count=3
2026-08-20 20:53:01.371 [INFO] Level 0x000001C55D30BD00: Actors data=0x000001C341C41FE0, count=297
2026-08-20 20:53:01.372 [INFO] Level 0x000001C564003100: Actors data=0x000001C564E34000, count=963
2026-08-20 20:53:01.375 [INFO] Level 0x000001C56521FC00: Actors data=0x000001C59B188160, count=3
2026-08-20 20:53:01.376 [INFO] Level 0x000001C47B6E7700: Actors data=0x000001C4C6D1DB00, count=515
2026-08-20 20:53:01.378 [INFO] Level 0x000001C362AA2D80: Actors data=0x000001C3AB77BC00, count=31
2026-08-20 20:53:01.378 [INFO] Traversal summary: levels=27 actorPointers=9977 roots=9962 locations=9962 logged=250 rejectedReads=353
2026-08-20 20:53:01.398 [INFO] Player skeleton mapped from the live skeletal mesh (94 bones).
2026-08-20 20:53:01.419 [INFO] Tracker snapshot: dinos=130 structures=90 players=2 turrets=32 localPlayer=True localTeam=1441134301 camera=True fov=112.5 movement=False cameraPos=(114790.10, 38013.11, 20582.38) cameraRot=(-12.90, 8.64, 0.00) rejectedReads=0
2026-08-20 20:53:01.419 [INFO] PLAYER actor=0x000001C464F89240 root=0x000001C3FB514000 name=You're still alive tribe=Evil Empire team=1441134301 pos=(116324.50, 38246.20, 19704.60)
2026-08-20 20:53:01.419 [INFO] PLAYER actor=0x000001C487B0B6D0 root=0x000001C49C9E2800 name=Pyatachek tribe=Evil Empire team=1441134301 pos=(134796.00, 43825.00, 2765.00)
2026-08-20 20:53:01.419 [INFO] TRACK kind=Structure class=BP_DedicatedStorageSP_C name=S+ Dedicated Storage level=0 team=1441134301 pos=(-253680.10, -327976.40, 100858.60) weapon= bones=0
2026-08-20 20:53:01.419 [INFO] TRACK kind=Player class=PlayerPawnTest_Female_C name=You're still alive level=0 team=1441134301 pos=(116324.50, 38246.20, 19704.60) weapon=Fists Female bones=17
2026-08-20 20:53:01.419 [INFO] TRACK kind=Structure class=SupplyCrate_Level50_Aberrant_Surface_C name=Supply Crate level=0 team=0 pos=(140346.00, -240693.10, 58063.79) weapon= bones=0
2026-08-20 20:53:01.419 [INFO] TRACK kind=Structure class=SupplyCrate_Level35_Aberrant_Surface_C name=Supply Crate level=0 team=0 pos=(-250040.40, 217668.20, 55030.79) weapon= bones=0
2026-08-20 20:53:01.419 [INFO] TRACK kind=Structure class=SupplyCrate_Level35_Aberrant_Surface_C name=Supply Crate level=0 team=0 pos=(-305608.70, 199094.90, 54257.35) weapon= bones=0
2026-08-20 20:53:01.419 [INFO] TRACK kind=Structure class=SupplyCrate_Level65_Aberrant_Surface_C name=Supply Crate level=0 team=0 pos=(-235573.00, 221472.00, 55723.11) weapon= bones=0
2026-08-20 20:53:01.419 [INFO] TRACK kind=Structure class=SupplyCrate_Level50_Aberrant_Surface_C name=Supply Crate level=0 team=0 pos=(-235503.30, -267121.10, 64291.95) weapon= bones=0
2026-08-20 20:53:01.419 [INFO] TRACK kind=Structure class=SupplyCrate_Level35_Aberrant_Surface_C name=Supply Crate level=0 team=0 pos=(-251222.80, -234922.30, 58855.69) weapon= bones=0
2026-08-20 20:53:01.419 [INFO] TRACK kind=Dino class=Achatina_Character_BP_Aberrant_C name=Aberrant Achatina level=120 team=0 pos=(119366.90, 48536.80, 25299.50) weapon= bones=0
2026-08-20 20:53:01.419 [INFO] TRACK kind=Dino class=DungBeetle_Character_BP_Aberrant_C name=Aberrant Dung Beetle level=73 team=5 pos=(120494.90, 46906.20, 25748.40) weapon= bones=0
2026-08-20 20:53:01.419 [INFO] TRACK kind=Dino class=Achatina_Character_BP_Aberrant_C name=Aberrant Achatina level=26 team=0 pos=(120249.50, 46585.50, 25625.50) weapon= bones=0
2026-08-20 20:53:01.419 [INFO] TRACK kind=Dino class=Eel_Character_BP_Aberrant_C name=Aberrant Electrophorus level=180 team=9 pos=(128068.20, 58875.17, 17452.08) weapon= bones=0
2026-08-20 20:53:01.419 [INFO] TRACK kind=Dino class=Angler_Character_BP_Aberrant_C name=Aberrant Anglerfish level=120 team=9 pos=(130741.00, 47962.61, 17038.50) weapon= bones=0
2026-08-20 20:53:01.419 [INFO] TRACK kind=Dino class=Crab_Character_BP_C name=Karkinos level=174 team=7 pos=(127265.30, 49663.85, 15180.20) weapon= bones=0
2026-08-20 20:53:01.419 [INFO] TRACK kind=Dino class=Toad_Character_BP_Aberrant_C name=Aberrant Beelzebufo level=60 team=5 pos=(118364.20, 59462.50, 18224.39) weapon= bones=0
2026-08-20 20:53:01.419 [INFO] TRACK kind=Dino class=Eel_Character_BP_Aberrant_C name=Aberrant Electrophorus level=60 team=9 pos=(118956.30, 57074.73, 17608.34) weapon= bones=0
2026-08-20 20:53:01.419 [INFO] TRACK kind=Dino class=Trilobite_Character_Aberrant_C name=Aberrant Trilobite level=67 team=8 pos=(123856.30, 56079.50, 17222.94) weapon= bones=0
2026-08-20 20:53:01.419 [INFO] TRACK kind=Dino class=Trilobite_Character_Aberrant_C name=Aberrant Trilobite level=73 team=8 pos=(124292.30, 56037.90, 17155.29) weapon= bones=0
2026-08-20 20:53:01.419 [INFO] TRACK kind=Dino class=Baryonyx_Character_BP_Aberrant_C name=Aberrant Baryonyx level=26 team=5 pos=(112517.00, 58709.00, 18165.21) weapon= bones=0
2026-08-20 20:53:01.419 [INFO] TRACK kind=Dino class=Trilobite_Character_Aberrant_C name=Aberrant Trilobite level=134 team=8 pos=(125235.00, 52207.00, 15196.00) weapon= bones=0
2026-08-20 20:53:01.419 [INFO] TRACK kind=Dino class=Trilobite_Character_Aberrant_C name=Aberrant Trilobite level=33 team=8 pos=(116928.10, 52213.16, 17371.50) weapon= bones=0
2026-08-20 20:53:01.419 [INFO] TRACK kind=Dino class=Angler_Character_BP_Aberrant_C name=Aberrant Anglerfish level=67 team=9 pos=(112472.00, 45300.99, 17946.84) weapon= bones=0
2026-08-20 20:53:01.419 [INFO] TRACK kind=Dino class=Crab_Character_BP_C name=Karkinos level=134 team=7 pos=(123444.40, 46242.81, 18893.14) weapon= bones=0
2026-08-20 20:53:01.419 [INFO] TRACK kind=Dino class=Angler_Character_BP_Aberrant_C name=Aberrant Anglerfish level=194 team=9 pos=(126032.00, 41597.00, 11298.00) weapon= bones=0
2026-08-20 20:53:01.419 [INFO] TRACK kind=Dino class=Baryonyx_Character_BP_Aberrant_C name=Aberrant Baryonyx level=134 team=5 pos=(128984.30, 43665.20, 18172.00) weapon= bones=0
2026-08-20 20:53:01.419 [INFO] TRACK kind=Dino class=Angler_Character_BP_Aberrant_C name=Aberrant Anglerfish level=187 team=9 pos=(126567.40, 36073.88, 17320.04) weapon= bones=0
2026-08-20 20:53:01.419 [INFO] TRACK kind=Dino class=Trilobite_Character_Aberrant_C name=Aberrant Trilobite level=67 team=8 pos=(130017.20, 36312.59, 16473.79) weapon= bones=0
2026-08-20 20:53:01.419 [INFO] TRACK kind=Dino class=Toad_Character_BP_Aberrant_C name=Aberrant Beelzebufo level=20 team=5 pos=(131777.20, 40556.90, 18092.96) weapon= bones=0
2026-08-20 20:53:01.419 [INFO] TRACK kind=Dino class=Achatina_Character_BP_Aberrant_C name=Aberrant Achatina level=180 team=0 pos=(120120.00, 43252.03, 18686.97) weapon= bones=0
2026-08-20 20:53:01.419 [INFO] TRACK kind=Dino class=Dimetro_Character_BP_Aberrant_C name=Aberrant Dimetrodon level=194 team=5 pos=(116319.00, 39134.00, 17558.00) weapon= bones=0
2026-08-20 20:53:01.419 [INFO] TRACK kind=Dino class=Dimetro_Character_BP_Aberrant_C name=Aberrant Dimetrodon level=33 team=5 pos=(109378.00, 46406.00, 18195.00) weapon= bones=0
2026-08-20 20:53:01.419 [INFO] TRACK kind=Dino class=Trilobite_Character_Aberrant_C name=Aberrant Trilobite level=26 team=8 pos=(122758.20, 35622.46, 16002.45) weapon= bones=0
2026-08-20 20:53:01.419 [INFO] TRACK kind=Dino class=Trilobite_Character_Aberrant_C name=Aberrant Trilobite level=33 team=8 pos=(118610.60, 38177.77, 17032.78) weapon= bones=0
2026-08-20 20:53:01.419 [INFO] TRACK kind=Dino class=Angler_Character_BP_Aberrant_C name=Aberrant Anglerfish level=67 team=9 pos=(117175.50, 29778.30, 17515.85) weapon= bones=0
2026-08-20 20:53:01.419 [INFO] TRACK kind=Dino class=Achatina_Character_BP_Aberrant_C name=Aberrant Achatina level=80 team=0 pos=(112183.40, 34480.57, 18456.36) weapon= bones=0
2026-08-20 20:53:01.419 [INFO] TRACK kind=Dino class=Eel_Character_BP_Aberrant_C name=Aberrant Electrophorus level=134 team=9 pos=(115938.90, 36904.92, 17972.82) weapon= bones=0
2026-08-20 20:53:01.419 [INFO] TRACK kind=Dino class=Trilobite_Character_Aberrant_C name=Aberrant Trilobite level=120 team=8 pos=(113179.80, 39021.87, 18249.76) weapon= bones=0
2026-08-20 20:53:01.419 [INFO] TRACK kind=Dino class=ChupaCabra_Character_BP_C name=Nameless level=26 team=7 pos=(101208.30, 46225.00, 27923.30) weapon= bones=0
2026-08-20 20:53:01.419 [INFO] TRACK kind=Dino class=Achatina_Character_BP_Aberrant_C name=Aberrant Achatina level=194 team=0 pos=(99518.52, 58344.79, 18883.41) weapon= bones=0
2026-08-20 20:53:01.419 [INFO] TRACK kind=Dino class=LanternGoat_Character_BP_C name=Shinehorn level=33 team=11 pos=(103631.50, 56757.63, 18693.42) weapon= bones=0
2026-08-20 20:53:01.419 [INFO] TRACK kind=Dino class=Sarco_Character_BP_Aberrant_C name=Aberrant Sarco level=33 team=5 pos=(101948.20, 51777.27, 18649.05) weapon= bones=0
2026-08-20 20:53:01.419 [INFO] TRACK kind=Dino class=Toad_Character_BP_Aberrant_C name=Aberrant Beelzebufo level=187 team=5 pos=(107571.50, 50032.47, 18232.82) weapon= bones=0
2026-08-20 20:53:01.419 [INFO] TRACK kind=Dino class=Dimetro_Character_BP_Aberrant_C name=Aberrant Dimetrodon level=20 team=5 pos=(110142.00, 52318.00, 18245.00) weapon= bones=0
2026-08-20 20:53:01.419 [INFO] TRACK kind=Dino class=Achatina_Character_BP_Aberrant_C name=Aberrant Achatina level=80 team=0 pos=(100135.40, 49416.90, 18738.97) weapon= bones=0
2026-08-20 20:53:01.419 [INFO] TRACK kind=Dino class=RockDrake_Character_BP_C name=Rock Drake level=26 team=7 pos=(111976.00, 35667.06, 18666.81) weapon= bones=0
2026-08-20 20:53:01.419 [INFO] TRACK kind=Dino class=ChupaCabra_Character_BP_C name=Nameless level=73 team=7 pos=(106271.50, 42981.00, 18453.60) weapon= bones=0
2026-08-20 20:53:01.419 [INFO] TRACK kind=Dino class=RockDrake_Character_BP_C name=Rock Drake level=127 team=7 pos=(103488.00, 41021.00, 19028.00) weapon= bones=0
2026-08-20 20:53:01.419 [INFO] TRACK kind=Dino class=Dimetro_Character_BP_Aberrant_C name=Aberrant Dimetrodon level=80 team=5 pos=(105488.00, 44674.00, 18382.00) weapon= bones=0
2026-08-20 20:53:01.419 [INFO] TRACK kind=Dino class=Iguanodon_Character_BP_Aberrant_C name=Aberrant Iguanodon level=60 team=1 pos=(103245.00, 41902.99, 18829.51) weapon= bones=0
2026-08-20 20:53:01.419 [INFO] TRACK kind=Dino class=Crab_Character_BP_C name=Karkinos level=127 team=7 pos=(99124.00, 38972.00, 19122.00) weapon= bones=0
2026-08-20 20:53:01.419 [INFO] TRACK kind=Dino class=Iguanodon_Character_BP_Aberrant_C name=Aberrant Iguanodon level=201 team=1 pos=(107280.80, 39310.67, 18970.67) weapon= bones=0
2026-08-20 20:53:01.419 [INFO] TRACK kind=Dino class=Ankylo_Character_BP_Aberrant_C name=Aberrant Ankylosaurus level=26 team=1 pos=(103602.20, 37368.16, 19032.00) weapon= bones=0
2026-08-20 20:53:01.419 [INFO] TRACK kind=Dino class=ChupaCabra_Character_BP_C name=Nameless level=20 team=7 pos=(116351.10, 38484.32, 18232.00) weapon= bones=0
2026-08-20 20:53:01.419 [INFO] TRACK kind=Dino class=Trilobite_Character_Aberrant_C name=Aberrant Trilobite level=26 team=8 pos=(111790.00, 37081.00, 18449.00) weapon= bones=0
2026-08-20 20:53:01.419 [INFO] TRACK kind=Dino class=Dimetro_Character_BP_Aberrant_C name=Aberrant Dimetrodon level=20 team=5 pos=(109830.80, 38607.16, 18941.84) weapon= bones=0
2026-08-20 20:53:01.419 [INFO] TRACK kind=Dino class=Toad_Character_BP_Aberrant_C name=Aberrant Beelzebufo level=127 team=5 pos=(101986.10, 36663.13, 18951.00) weapon= bones=0
2026-08-20 20:53:01.419 [INFO] TRACK kind=Dino class=Iguanodon_Character_BP_Aberrant_C name=Aberrant Iguanodon level=60 team=1 pos=(127832.10, 25391.85, 25781.61) weapon= bones=0
2026-08-20 20:53:01.419 [INFO] TRACK kind=Dino class=Iguanodon_Character_BP_Aberrant_C name=Aberrant Iguanodon level=20 team=1 pos=(125902.00, 26170.00, 25604.00) weapon= bones=0
2026-08-20 20:53:01.419 [INFO] TRACK kind=Dino class=Achatina_Character_BP_Aberrant_C name=Aberrant Achatina level=113 team=0 pos=(126254.90, 26319.32, 25689.84) weapon= bones=0
2026-08-20 20:53:01.419 [INFO] TRACK kind=Dino class=Achatina_Character_BP_Aberrant_C name=Aberrant Achatina level=180 team=0 pos=(129684.00, 31492.00, 19637.00) weapon= bones=0
2026-08-20 20:53:01.419 [INFO] TRACK kind=Dino class=Angler_Character_BP_Aberrant_C name=Aberrant Anglerfish level=26 team=9 pos=(123637.70, 32329.33, 17265.16) weapon= bones=0
2026-08-20 20:53:01.419 [INFO] TRACK kind=Dino class=Baryonyx_Character_BP_Aberrant_C name=Aberrant Baryonyx level=33 team=5 pos=(123854.50, 38212.45, 18172.00) weapon= bones=0
2026-08-20 20:53:01.419 [INFO] TRACK kind=Dino class=Dimetro_Character_BP_Aberrant_C name=Aberrant Dimetrodon level=120 team=5 pos=(112629.10, 30009.63, 18262.50) weapon= bones=0
2026-08-20 20:53:01.419 [INFO] TRACK kind=Dino class=Trilobite_Character_Aberrant_C name=Aberrant Trilobite level=26 team=8 pos=(111110.90, 33892.52, 18580.56) weapon= bones=0
2026-08-20 20:53:01.419 [INFO] TRACK kind=Dino class=Trilobite_Character_Aberrant_C name=Aberrant Trilobite level=174 team=8 pos=(113196.70, 29179.78, 18074.00) weapon= bones=0
2026-08-20 20:53:01.419 [INFO] TRACK kind=Dino class=Sarco_Character_BP_Aberrant_C name=Aberrant Sarco level=187 team=5 pos=(119869.30, 42365.95, 18646.40) weapon= bones=0
2026-08-20 20:53:01.419 [INFO] TRACK kind=Dino class=DungBeetle_Character_BP_Aberrant_C name=Aberrant Dung Beetle level=20 team=5 pos=(121904.00, 25711.13, 18495.36) weapon= bones=0
2026-08-20 20:53:01.419 [INFO] TRACK kind=Dino class=ChupaCabra_Character_BP_C name=Nameless level=26 team=7 pos=(114608.30, 23400.30, 17868.90) weapon= bones=0
2026-08-20 20:53:01.419 [INFO] TRACK kind=Dino class=DungBeetle_Character_BP_Aberrant_C name=Aberrant Dung Beetle level=113 team=5 pos=(106986.50, 30143.22, 18513.16) weapon= bones=0
2026-08-20 20:53:01.419 [INFO] TRACK kind=Dino class=DungBeetle_Character_BP_Aberrant_C name=Aberrant Dung Beetle level=134 team=5 pos=(106001.60, 31298.77, 18662.18) weapon= bones=0
2026-08-20 20:53:01.419 [INFO] TRACK kind=Dino class=Toad_Character_BP_Aberrant_C name=Aberrant Beelzebufo level=26 team=5 pos=(107069.90, 31973.83, 18893.80) weapon= bones=0
2026-08-20 20:53:01.419 [INFO] TRACK kind=Dino class=Ankylo_Character_BP_Aberrant_C name=Aberrant Ankylosaurus level=187 team=1 pos=(107395.20, 31842.79, 18992.00) weapon= bones=0
2026-08-20 20:53:01.419 [INFO] TRACK kind=Dino class=Achatina_Character_BP_Aberrant_C name=Aberrant Achatina level=73 team=0 pos=(109738.70, 23853.90, 20323.90) weapon= bones=0
2026-08-20 20:53:01.419 [INFO] TRACK kind=Dino class=Achatina_Character_BP_Aberrant_C name=Aberrant Achatina level=80 team=0 pos=(104578.90, 28269.44, 17853.86) weapon= bones=0
2026-08-20 20:53:01.419 [INFO] TRACK kind=Dino class=ChupaCabra_Character_BP_C name=Nameless level=194 team=7 pos=(101197.30, 26428.20, 17057.80) weapon= bones=0
2026-08-20 20:53:01.419 [INFO] TRACK kind=Dino class=Achatina_Character_BP_Aberrant_C name=Aberrant Achatina level=180 team=0 pos=(102302.00, 25516.60, 16754.28) weapon= bones=0
2026-08-20 20:53:01.419 [INFO] TRACK kind=Structure class=AwesomeTeleporters_Teleporter_C name=Awesome Teleporter level=0 team=1441134301 pos=(119482.10, 44341.80, 18578.20) weapon= bones=0
2026-08-20 20:53:01.419 [INFO] TRACK kind=Structure class=Structure_PlantSpeciesZ_Wild_C name=Structure PlantSpeciesZ Wild level=0 team=0 pos=(123414.00, 43870.00, 18650.00) weapon= bones=0
2026-08-20 20:53:01.419 [INFO] TRACK kind=Structure class=PrimalStructurePowerNode_C name=Charge Node level=0 team=0 pos=(103945.00, 39105.00, 18625.00) weapon= bones=0
2026-08-20 20:53:01.419 [INFO] TRACK kind=Dino class=Iguanodon_Character_BP_Aberrant_C name=Aberrant Iguanodon level=73 team=1 pos=(94323.00, 45798.00, 19375.00) weapon= bones=0
2026-08-20 20:53:01.419 [INFO] TRACK kind=Dino class=MoleRat_Character_BP_C name=Roll Rat level=26 team=1 pos=(98321.37, 38586.21, 19288.48) weapon= bones=0
2026-08-20 20:53:01.419 [INFO] TRACK kind=Dino class=Angler_Character_BP_Aberrant_C name=Aberrant Anglerfish level=67 team=9 pos=(112299.30, 21441.02, 12565.56) weapon= bones=0
2026-08-20 20:53:01.419 [INFO] TRACK kind=Dino class=DungBeetle_Character_BP_Aberrant_C name=Aberrant Dung Beetle level=60 team=5 pos=(122122.30, 19680.68, 19738.00) weapon= bones=0
2026-08-20 20:53:01.419 [INFO] TRACK kind=Dino class=Iguanodon_Character_BP_Aberrant_C name=Aberrant Iguanodon level=174 team=1 pos=(95530.80, 19814.59, 14902.32) weapon= bones=0
2026-08-20 20:53:01.419 [INFO] TRACK kind=Dino class=Bigfoot_Character_BP_Aberrant_C name=Aberrant Gigantopithecus level=127 team=11 pos=(124499.10, 19634.10, 21233.50) weapon= bones=0
2026-08-20 20:53:01.419 [INFO] TRACK kind=Dino class=Trilobite_Character_Aberrant_C name=Aberrant Trilobite level=134 team=8 pos=(114200.70, 18896.57, 12759.73) weapon= bones=0
2026-08-20 20:53:01.419 [INFO] TRACK kind=Structure class=Structure_PlantSpeciesZ_Wild_C name=Structure PlantSpeciesZ Wild level=0 team=0 pos=(96799.00, 48266.00, 19021.00) weapon= bones=0
2026-08-20 20:53:01.419 [INFO] TRACK kind=Dino class=Bigfoot_Character_BP_Aberrant_C name=Aberrant Gigantopithecus level=20 team=11 pos=(98827.47, 35379.54, 19064.40) weapon= bones=0
2026-08-20 20:53:01.419 [INFO] TRACK kind=Dino class=Eel_Character_BP_Aberrant_C name=Aberrant Electrophorus level=20 team=9 pos=(108017.30, 17721.73, 13447.39) weapon= bones=0
2026-08-20 20:53:01.419 [INFO] TRACK kind=Dino class=ChupaCabra_Character_BP_C name=Nameless level=26 team=7 pos=(117042.00, 17894.00, 13513.00) weapon= bones=0
2026-08-20 20:53:01.419 [INFO] TRACK kind=Dino class=Achatina_Character_BP_Aberrant_C name=Aberrant Achatina level=187 team=0 pos=(94400.09, 52834.62, 19435.88) weapon= bones=0
2026-08-20 20:53:01.419 [INFO] TRACK kind=Dino class=Sarco_Character_BP_Aberrant_C name=Aberrant Sarco level=33 team=5 pos=(94467.48, 55590.23, 19533.47) weapon= bones=0
2026-08-20 20:53:01.419 [INFO] TRACK kind=Dino class=Achatina_Character_BP_Aberrant_C name=Aberrant Achatina level=113 team=0 pos=(94568.00, 56556.00, 19341.00) weapon= bones=0
2026-08-20 20:53:01.419 [INFO] TRACK kind=Dino class=Iguanodon_Character_BP_Aberrant_C name=Aberrant Iguanodon level=113 team=1 pos=(120045.00, 17357.00, 19088.00) weapon= bones=0
2026-08-20 20:53:01.419 [INFO] TRACK kind=Dino class=Trilobite_Character_Aberrant_C name=Aberrant Trilobite level=127 team=8 pos=(115548.20, 18753.64, 12883.53) weapon= bones=0
2026-08-20 20:53:01.419 [INFO] TRACK kind=Dino class=Iguanodon_Character_BP_Aberrant_C name=Aberrant Iguanodon level=26 team=1 pos=(97008.83, 46173.43, 19180.12) weapon= bones=0
2026-08-20 20:53:01.419 [INFO] TRACK kind=Dino class=Dimetro_Character_BP_Aberrant_C name=Aberrant Dimetrodon level=80 team=5 pos=(124961.50, 16738.26, 18278.00) weapon= bones=0
2026-08-20 20:53:01.419 [INFO] TRACK kind=Dino class=LanternGoat_Character_BP_C name=Shinehorn level=20 team=11 pos=(95799.45, 32028.69, 18464.57) weapon= bones=0
2026-08-20 20:53:01.419 [INFO] TRACK kind=Dino class=Cnidaria_Character_BP_Aberrant_C name=Aberrant Cnidaria level=20 team=10 pos=(120950.00, 37879.00, 15994.00) weapon= bones=0
2026-08-20 20:53:01.419 [INFO] TRACK kind=Structure class=Zipline_Anchor_Natural_C name=Natural Zipline level=0 team=0 pos=(125551.40, 41125.90, 18710.10) weapon= bones=0
2026-08-20 20:57:43.400 [INFO] ARK Tracker read-only diagnostic MVP
2026-08-20 20:57:43.401 [INFO] Target: ARK: Survival Evolved / ShooterGame.exe / UE4 / x64
2026-08-20 20:57:43.401 [INFO] Access mask: PROCESS_QUERY_INFORMATION | PROCESS_VM_READ (0x0410). No write/injection APIs are used.
2026-08-20 20:57:43.402 [INFO] Security context: elevated=False SeDebugPrivilege=unavailable (Win32 error 1300)
2026-08-20 20:57:43.419 [INFO] Process: name=ShooterGame.exe pid=16336 parentPid=15052 threads=123
2026-08-20 20:57:43.420 [INFO] Read-only process handle opened successfully.
2026-08-20 20:57:43.422 [INFO] Target module: ShooterGame.exe base=0x00007FF673E80000 size=0x4DAB000 path=C:\Program Files (x86)\Steam\steamapps\common\ARK\ShooterGame\Binaries\Win64\ShooterGame.exe
2026-08-20 20:57:43.423 [INFO] Build fingerprint: fileLength=80346664 lastWriteUtc=2026-08-17T08:21:59Z
2026-08-20 20:57:43.500 [INFO] Build fingerprint: SHA256=9BC401417A776C5244A1B0B3255DC3AF4A9D73E3F5C1BA96228FBE3FB1A43477
2026-08-20 20:57:43.500 [INFO] Build profile fingerprint verified.
2026-08-20 20:57:43.586 [INFO] GNames global=0x00007FF67888AC78 table=0x000001C293B8FAF0 index0='None'
2026-08-20 20:57:43.587 [INFO] Scanning readable pages of ShooterGame.exe for the configured GWorld signature...
2026-08-20 20:57:43.803 [INFO] GWorld signature match: 0x00007FF674E4F190 (matches collected: 1)
2026-08-20 20:57:43.805 [INFO] Resolved GWorld global address: 0x00007FF67885C2A8
2026-08-20 20:57:43.805 [INFO] UWorld: 0x000001C408362640
2026-08-20 20:57:44.011 [INFO] Native Direct2D/DirectComposition overlay initialized.
2026-08-20 20:57:44.170 [INFO] Hotkeys: Insert=True F10=True F6-F9/F11=registered
2026-08-20 20:57:44.312 [INFO] Player skeleton mapped from the live skeletal mesh (94 bones).
2026-08-20 20:57:44.313 [INFO] Player skeleton mapped from the live skeletal mesh (92 bones).
2026-08-20 20:57:44.325 [INFO] Overlay packet: camera=True actors=246 visible=56 labels=12 points=44 enabled=True radar=True teamMode=All
2026-08-20 20:57:44.358 [INFO] Low-latency pipeline: actors=245 captureMs=2 intervalMs=50 viewHz=250 overlay=True
2026-08-20 20:57:46.421 [INFO] Overlay packet: camera=True actors=265 visible=61 labels=21 points=40 enabled=True radar=True teamMode=All
2026-08-20 20:57:48.503 [INFO] Overlay packet: camera=True actors=260 visible=64 labels=23 points=41 enabled=True radar=True teamMode=All
2026-08-20 20:57:50.587 [INFO] Overlay packet: camera=True actors=249 visible=59 labels=24 points=35 enabled=True radar=True teamMode=All
2026-08-20 20:57:52.611 [INFO] Overlay packet: camera=True actors=249 visible=58 labels=27 points=31 enabled=True radar=True teamMode=All
2026-08-20 20:57:54.691 [INFO] Overlay packet: camera=True actors=247 visible=58 labels=27 points=31 enabled=True radar=True teamMode=All
2026-08-20 21:06:19.721 [INFO] ARK Tracker read-only diagnostic MVP
2026-08-20 21:06:19.722 [INFO] Target: ARK: Survival Evolved / ShooterGame.exe / UE4 / x64
2026-08-20 21:06:19.722 [INFO] Access mask: PROCESS_QUERY_INFORMATION | PROCESS_VM_READ (0x0410). No write/injection APIs are used.
2026-08-20 21:06:19.723 [INFO] Security context: elevated=False SeDebugPrivilege=unavailable (Win32 error 1300)
2026-08-20 21:06:19.743 [INFO] Process: name=ShooterGame.exe pid=16336 parentPid=15052 threads=124
2026-08-20 21:06:19.743 [INFO] Read-only process handle opened successfully.
2026-08-20 21:06:19.747 [INFO] Target module: ShooterGame.exe base=0x00007FF673E80000 size=0x4DAB000 path=C:\Program Files (x86)\Steam\steamapps\common\ARK\ShooterGame\Binaries\Win64\ShooterGame.exe
2026-08-20 21:06:19.747 [INFO] Build fingerprint: fileLength=80346664 lastWriteUtc=2026-08-17T08:21:59Z
2026-08-20 21:06:19.824 [INFO] Build fingerprint: SHA256=9BC401417A776C5244A1B0B3255DC3AF4A9D73E3F5C1BA96228FBE3FB1A43477
2026-08-20 21:06:19.824 [INFO] Build profile fingerprint verified.
2026-08-20 21:06:19.906 [INFO] GNames global=0x00007FF67888AC78 table=0x000001C293B8FAF0 index0='None'
2026-08-20 21:06:19.907 [INFO] Scanning readable pages of ShooterGame.exe for the configured GWorld signature...
2026-08-20 21:06:20.123 [INFO] GWorld signature match: 0x00007FF674E4F190 (matches collected: 1)
2026-08-20 21:06:20.123 [INFO] Resolved GWorld global address: 0x00007FF67885C2A8
2026-08-20 21:06:20.123 [INFO] UWorld: 0x000001C408362640
2026-08-20 21:06:20.309 [INFO] Native Direct2D/DirectComposition overlay initialized.
2026-08-20 21:06:20.484 [INFO] Hotkeys: Insert=True F10=True F6-F9/F11=registered
2026-08-20 21:06:20.614 [INFO] Player skeleton mapped from the live skeletal mesh (94 bones).
2026-08-20 21:06:20.619 [INFO] Overlay packet: camera=True actors=927 visible=617 labels=150 points=467 enabled=True radar=True teamMode=All
2026-08-20 21:06:20.652 [INFO] Low-latency pipeline: actors=927 captureMs=4 intervalMs=50 viewHz=250 overlay=True
2026-08-20 21:06:22.662 [INFO] Overlay packet: camera=True actors=927 visible=617 labels=150 points=467 enabled=True radar=True teamMode=All
2026-08-20 21:06:24.710 [INFO] Overlay packet: camera=True actors=920 visible=617 labels=151 points=466 enabled=True radar=True teamMode=All
2026-08-20 21:06:26.827 [INFO] Overlay packet: camera=True actors=924 visible=618 labels=149 points=469 enabled=True radar=True teamMode=All
2026-08-20 21:06:27.725 [WARN] Player skeleton unavailable: bone geometry rejected (count=94, headDelta=500.6, height=49.2). The lightweight fallback skeleton remains active.
2026-08-20 21:06:28.959 [INFO] Overlay packet: camera=True actors=861 visible=559 labels=128 points=431 enabled=True radar=True teamMode=All
2026-08-20 21:06:31.040 [INFO] Overlay packet: camera=True actors=861 visible=559 labels=126 points=433 enabled=True radar=True teamMode=All
2026-08-20 21:06:33.072 [INFO] Overlay packet: camera=True actors=867 visible=559 labels=127 points=432 enabled=True radar=True teamMode=All
2026-08-20 21:06:35.216 [INFO] Overlay packet: camera=True actors=864 visible=559 labels=126 points=433 enabled=True radar=True teamMode=All
2026-08-20 21:06:37.233 [INFO] Overlay packet: camera=True actors=869 visible=558 labels=125 points=433 enabled=True radar=True teamMode=All
2026-08-20 21:06:39.371 [INFO] Overlay packet: camera=True actors=878 visible=558 labels=125 points=433 enabled=True radar=True teamMode=All
2026-08-20 21:06:41.452 [INFO] Overlay packet: camera=True actors=879 visible=558 labels=127 points=431 enabled=True radar=True teamMode=All
2026-08-20 21:06:43.482 [INFO] Overlay packet: camera=True actors=893 visible=559 labels=136 points=423 enabled=True radar=True teamMode=All
2026-08-20 21:06:45.513 [INFO] Overlay packet: camera=True actors=897 visible=564 labels=140 points=424 enabled=True radar=True teamMode=All
2026-08-20 21:06:47.597 [INFO] Overlay packet: camera=True actors=1074 visible=673 labels=158 points=515 enabled=True radar=True teamMode=All
2026-08-20 21:06:49.674 [INFO] Overlay packet: camera=True actors=1043 visible=672 labels=151 points=521 enabled=True radar=True teamMode=All
2026-08-20 21:06:51.758 [INFO] Overlay packet: camera=True actors=1027 visible=664 labels=145 points=519 enabled=True radar=True teamMode=All
2026-08-20 21:06:53.780 [INFO] Overlay packet: camera=True actors=1000 visible=662 labels=140 points=522 enabled=True radar=True teamMode=All
2026-08-20 21:06:55.811 [INFO] Overlay packet: camera=True actors=983 visible=662 labels=143 points=519 enabled=True radar=True teamMode=All
2026-08-20 21:06:57.842 [INFO] Overlay packet: camera=True actors=992 visible=662 labels=150 points=512 enabled=True radar=True teamMode=All
2026-08-20 21:06:59.909 [INFO] Overlay packet: camera=True actors=1004 visible=663 labels=155 points=508 enabled=True radar=True teamMode=All
2026-08-20 21:07:01.919 [INFO] Overlay packet: camera=True actors=1028 visible=2 labels=2 points=0 enabled=True radar=True teamMode=All
2026-08-20 21:07:04.003 [INFO] Overlay packet: camera=True actors=1037 visible=2 labels=2 points=0 enabled=True radar=True teamMode=All
2026-08-20 21:07:06.021 [INFO] Overlay packet: camera=True actors=986 visible=2 labels=2 points=0 enabled=True radar=True teamMode=All
2026-08-20 21:07:08.099 [INFO] Overlay packet: camera=True actors=963 visible=2 labels=2 points=0 enabled=True radar=True teamMode=All
2026-08-20 21:07:10.215 [INFO] Overlay packet: camera=True actors=893 visible=2 labels=2 points=0 enabled=True radar=True teamMode=All
2026-08-20 21:07:12.238 [INFO] Overlay packet: camera=True actors=878 visible=3 labels=3 points=0 enabled=True radar=True teamMode=All
2026-08-20 21:07:14.311 [INFO] Overlay packet: camera=True actors=832 visible=3 labels=3 points=0 enabled=True radar=True teamMode=All
2026-08-20 21:07:16.433 [INFO] Overlay packet: camera=True actors=810 visible=4 labels=4 points=0 enabled=True radar=True teamMode=All
2026-08-20 21:07:18.502 [INFO] Overlay packet: camera=True actors=809 visible=4 labels=4 points=0 enabled=True radar=True teamMode=All
2026-08-20 21:07:20.573 [INFO] Overlay packet: camera=True actors=807 visible=4 labels=4 points=0 enabled=True radar=True teamMode=All
2026-08-20 21:07:22.590 [INFO] Overlay packet: camera=True actors=804 visible=3 labels=3 points=0 enabled=True radar=True teamMode=All
2026-08-20 21:07:24.608 [INFO] Overlay packet: camera=True actors=805 visible=3 labels=3 points=0 enabled=True radar=True teamMode=All
2026-08-20 21:07:26.627 [INFO] Overlay packet: camera=True actors=807 visible=3 labels=3 points=0 enabled=True radar=True teamMode=All
2026-08-20 21:07:28.708 [INFO] Overlay packet: camera=True actors=809 visible=3 labels=3 points=0 enabled=True radar=True teamMode=All
2026-08-20 21:07:30.770 [INFO] Overlay packet: camera=True actors=799 visible=3 labels=3 points=0 enabled=True radar=True teamMode=All
2026-08-20 21:07:32.792 [INFO] Overlay packet: camera=True actors=810 visible=3 labels=3 points=0 enabled=True radar=True teamMode=All
2026-08-20 21:07:34.861 [INFO] Overlay packet: camera=True actors=811 visible=3 labels=3 points=0 enabled=True radar=True teamMode=All
2026-08-20 21:07:36.932 [INFO] Overlay packet: camera=True actors=809 visible=3 labels=3 points=0 enabled=True radar=True teamMode=All
2026-08-20 21:07:39.007 [INFO] Overlay packet: camera=True actors=805 visible=3 labels=3 points=0 enabled=True radar=True teamMode=All
2026-08-20 21:07:41.072 [INFO] Overlay packet: camera=True actors=807 visible=3 labels=3 points=0 enabled=True radar=True teamMode=All
2026-08-20 21:07:43.144 [INFO] Overlay packet: camera=True actors=821 visible=3 labels=3 points=0 enabled=True radar=True teamMode=All
2026-08-20 21:07:45.265 [INFO] Overlay packet: camera=True actors=868 visible=3 labels=3 points=0 enabled=True radar=True teamMode=All
2026-08-20 21:07:47.288 [INFO] Overlay packet: camera=True actors=842 visible=3 labels=3 points=0 enabled=True radar=True teamMode=All
2026-08-20 21:07:49.412 [INFO] Overlay packet: camera=True actors=822 visible=3 labels=3 points=0 enabled=True radar=True teamMode=All
2026-08-20 21:07:51.482 [INFO] Overlay packet: camera=True actors=810 visible=3 labels=3 points=0 enabled=True radar=True teamMode=All
2026-08-20 21:07:53.554 [INFO] Overlay packet: camera=True actors=811 visible=3 labels=3 points=0 enabled=True radar=True teamMode=All
2026-08-20 21:07:55.673 [INFO] Overlay packet: camera=True actors=838 visible=3 labels=3 points=0 enabled=True radar=True teamMode=All
2026-08-20 21:07:57.809 [INFO] Overlay packet: camera=True actors=843 visible=3 labels=3 points=0 enabled=True radar=True teamMode=All
2026-08-20 21:07:59.832 [INFO] Overlay packet: camera=True actors=844 visible=3 labels=3 points=0 enabled=True radar=True teamMode=All
2026-08-20 21:08:01.838 [INFO] Overlay packet: camera=False actors=3 visible=3 labels=3 points=0 enabled=True radar=True teamMode=All
2026-08-20 21:08:03.848 [INFO] Overlay packet: camera=False actors=0 visible=0 labels=0 points=0 enabled=True radar=True teamMode=All
2026-08-20 21:08:05.858 [INFO] Overlay packet: camera=False actors=0 visible=0 labels=0 points=0 enabled=True radar=True teamMode=All
2026-08-20 21:08:07.870 [INFO] Overlay packet: camera=False actors=0 visible=0 labels=0 points=0 enabled=True radar=True teamMode=All
2026-08-20 21:08:09.881 [INFO] Overlay packet: camera=False actors=0 visible=0 labels=0 points=0 enabled=True radar=True teamMode=All
2026-08-20 21:08:11.892 [INFO] Overlay packet: camera=False actors=0 visible=0 labels=0 points=0 enabled=True radar=True teamMode=All
2026-08-20 21:08:13.905 [INFO] Overlay packet: camera=False actors=0 visible=0 labels=0 points=0 enabled=True radar=True teamMode=All
2026-08-20 21:08:15.919 [INFO] Overlay packet: camera=False actors=0 visible=0 labels=0 points=0 enabled=True radar=True teamMode=All
2026-08-20 21:11:00.727 [INFO] ARK Tracker read-only diagnostic MVP
2026-08-20 21:11:00.727 [INFO] Target: ARK: Survival Evolved / ShooterGame.exe / UE4 / x64
2026-08-20 21:11:00.727 [INFO] Access mask: PROCESS_QUERY_INFORMATION | PROCESS_VM_READ (0x0410). No write/injection APIs are used.
2026-08-20 21:11:00.728 [INFO] Security context: elevated=False SeDebugPrivilege=unavailable (Win32 error 1300)
2026-08-20 21:11:00.748 [INFO] Process: name=ShooterGame.exe pid=16336 parentPid=15052 threads=127
2026-08-20 21:11:00.748 [INFO] Read-only process handle opened successfully.
2026-08-20 21:11:00.753 [INFO] Target module: ShooterGame.exe base=0x00007FF673E80000 size=0x4DAB000 path=C:\Program Files (x86)\Steam\steamapps\common\ARK\ShooterGame\Binaries\Win64\ShooterGame.exe
2026-08-20 21:11:00.753 [INFO] Build fingerprint: fileLength=80346664 lastWriteUtc=2026-08-17T08:21:59Z
2026-08-20 21:11:00.831 [INFO] Build fingerprint: SHA256=9BC401417A776C5244A1B0B3255DC3AF4A9D73E3F5C1BA96228FBE3FB1A43477
2026-08-20 21:11:00.831 [INFO] Build profile fingerprint verified.
2026-08-20 21:11:00.914 [INFO] GNames global=0x00007FF67888AC78 table=0x000001C293B8FAF0 index0='None'
2026-08-20 21:11:00.914 [INFO] Scanning readable pages of ShooterGame.exe for the configured GWorld signature...
2026-08-20 21:11:01.124 [INFO] GWorld signature match: 0x00007FF674E4F190 (matches collected: 1)
2026-08-20 21:11:01.124 [INFO] Resolved GWorld global address: 0x00007FF67885C2A8
2026-08-20 21:11:01.125 [INFO] UWorld: 0x000001C59D577F80
2026-08-20 21:11:01.327 [INFO] Native Direct2D/DirectComposition overlay initialized.
2026-08-20 21:11:01.482 [INFO] Hotkeys: Insert=True F10=True F6-F9/F11=registered
2026-08-20 21:11:01.622 [INFO] Player skeleton mapped from the live skeletal mesh (94 bones).
2026-08-20 21:11:01.626 [INFO] Overlay packet: camera=True actors=415 visible=1 labels=1 points=0 enabled=True radar=True teamMode=All
2026-08-20 21:11:01.654 [INFO] Low-latency pipeline: actors=415 captureMs=2 intervalMs=50 viewHz=250 overlay=True
2026-08-20 21:11:03.654 [INFO] Overlay packet: camera=True actors=416 visible=1 labels=1 points=0 enabled=True radar=True teamMode=All
2026-08-20 21:11:05.765 [INFO] Overlay packet: camera=True actors=416 visible=1 labels=1 points=0 enabled=True radar=True teamMode=All
2026-08-20 21:11:07.802 [INFO] Overlay packet: camera=True actors=415 visible=1 labels=1 points=0 enabled=True radar=True teamMode=All
2026-08-20 21:11:09.831 [INFO] Overlay packet: camera=True actors=415 visible=1 labels=1 points=0 enabled=True radar=True teamMode=All
2026-08-20 21:11:11.880 [INFO] Overlay packet: camera=True actors=415 visible=1 labels=1 points=0 enabled=True radar=True teamMode=All
2026-08-20 21:11:14.014 [INFO] Overlay packet: camera=True actors=416 visible=1 labels=1 points=0 enabled=True radar=True teamMode=All
2026-08-20 21:11:16.092 [INFO] Overlay packet: camera=True actors=415 visible=1 labels=1 points=0 enabled=True radar=True teamMode=All
2026-08-20 21:11:18.168 [INFO] Overlay packet: camera=True actors=414 visible=1 labels=1 points=0 enabled=True radar=True teamMode=All
2026-08-20 21:11:20.201 [INFO] Overlay packet: camera=True actors=415 visible=1 labels=1 points=0 enabled=True radar=True teamMode=All
2026-08-20 21:11:22.287 [INFO] Overlay packet: camera=True actors=415 visible=1 labels=1 points=0 enabled=True radar=True teamMode=All
2026-08-20 21:11:24.361 [INFO] Overlay packet: camera=True actors=414 visible=1 labels=1 points=0 enabled=True radar=True teamMode=All
2026-08-20 21:11:26.428 [INFO] Overlay packet: camera=True actors=413 visible=12 labels=12 points=0 enabled=True radar=True teamMode=All
2026-08-20 21:11:28.451 [INFO] Overlay packet: camera=True actors=416 visible=12 labels=12 points=0 enabled=True radar=True teamMode=All
2026-08-20 21:11:30.474 [INFO] Overlay packet: camera=True actors=434 visible=13 labels=13 points=0 enabled=True radar=True teamMode=All
2026-08-20 21:11:32.539 [INFO] Overlay packet: camera=True actors=435 visible=13 labels=13 points=0 enabled=True radar=True teamMode=All
2026-08-20 21:11:34.556 [INFO] Overlay packet: camera=True actors=435 visible=13 labels=13 points=0 enabled=True radar=True teamMode=All
2026-08-20 21:11:36.629 [INFO] Overlay packet: camera=True actors=438 visible=13 labels=13 points=0 enabled=True radar=True teamMode=All
2026-08-20 21:11:38.755 [INFO] Overlay packet: camera=True actors=440 visible=13 labels=13 points=0 enabled=True radar=True teamMode=All
2026-08-20 21:11:40.758 [INFO] Overlay packet: camera=True actors=420 visible=13 labels=13 points=0 enabled=True radar=True teamMode=All
2026-08-20 21:11:42.785 [INFO] Overlay packet: camera=True actors=415 visible=13 labels=13 points=0 enabled=True radar=True teamMode=All
2026-08-20 21:11:44.811 [INFO] Overlay packet: camera=True actors=416 visible=13 labels=13 points=0 enabled=True radar=True teamMode=All
2026-08-20 21:11:46.833 [INFO] Overlay packet: camera=True actors=416 visible=13 labels=13 points=0 enabled=True radar=True teamMode=All
2026-08-20 21:11:48.854 [INFO] Overlay packet: camera=True actors=416 visible=13 labels=13 points=0 enabled=True radar=True teamMode=All
2026-08-20 21:11:50.981 [INFO] Overlay packet: camera=True actors=436 visible=13 labels=13 points=0 enabled=True radar=True teamMode=All
2026-08-20 21:11:53.000 [INFO] Overlay packet: camera=True actors=490 visible=14 labels=14 points=0 enabled=True radar=True teamMode=All
2026-08-20 21:11:55.025 [INFO] Overlay packet: camera=True actors=553 visible=15 labels=15 points=0 enabled=True radar=True teamMode=All
2026-08-20 21:11:57.098 [INFO] Overlay packet: camera=True actors=552 visible=15 labels=15 points=0 enabled=True radar=True teamMode=All
2026-08-20 21:11:59.167 [INFO] Overlay packet: camera=True actors=545 visible=15 labels=15 points=0 enabled=True radar=True teamMode=All
2026-08-20 21:12:01.291 [INFO] Overlay packet: camera=True actors=544 visible=15 labels=15 points=0 enabled=True radar=True teamMode=All
2026-08-20 21:12:03.366 [INFO] Overlay packet: camera=True actors=545 visible=15 labels=15 points=0 enabled=True radar=True teamMode=All
2026-08-20 21:12:05.388 [INFO] Overlay packet: camera=True actors=545 visible=15 labels=15 points=0 enabled=True radar=True teamMode=All
2026-08-20 21:12:07.456 [INFO] Overlay packet: camera=True actors=545 visible=15 labels=15 points=0 enabled=True radar=True teamMode=All
2026-08-20 21:12:09.527 [INFO] Overlay packet: camera=True actors=542 visible=15 labels=15 points=0 enabled=True radar=True teamMode=All
2026-08-20 21:12:11.601 [INFO] Overlay packet: camera=True actors=541 visible=15 labels=15 points=0 enabled=True radar=True teamMode=All
2026-08-20 21:12:13.729 [INFO] Overlay packet: camera=True actors=541 visible=15 labels=15 points=0 enabled=True radar=True teamMode=All
2026-08-20 21:12:15.752 [INFO] Overlay packet: camera=True actors=542 visible=15 labels=15 points=0 enabled=True radar=True teamMode=All
2026-08-20 21:12:17.772 [INFO] Overlay packet: camera=True actors=543 visible=15 labels=15 points=0 enabled=True radar=True teamMode=All
2026-08-20 21:12:19.796 [INFO] Overlay packet: camera=True actors=543 visible=15 labels=15 points=0 enabled=True radar=True teamMode=All
2026-08-20 21:12:21.920 [INFO] Overlay packet: camera=True actors=544 visible=0 labels=0 points=0 enabled=True radar=True teamMode=Enemies
2026-08-20 21:12:23.992 [INFO] Overlay packet: camera=True actors=545 visible=0 labels=0 points=0 enabled=True radar=True teamMode=Enemies
2026-08-20 21:12:26.068 [INFO] Overlay packet: camera=True actors=544 visible=0 labels=0 points=0 enabled=True radar=True teamMode=Enemies
2026-08-20 21:12:28.087 [INFO] Overlay packet: camera=True actors=544 visible=15 labels=15 points=0 enabled=True radar=True teamMode=All
2026-08-20 21:12:30.108 [INFO] Overlay packet: camera=True actors=546 visible=15 labels=15 points=0 enabled=True radar=True teamMode=All
2026-08-20 21:12:32.232 [INFO] Overlay packet: camera=True actors=547 visible=15 labels=15 points=0 enabled=True radar=True teamMode=All
2026-08-20 21:12:34.262 [INFO] Overlay packet: camera=True actors=545 visible=331 labels=38 points=293 enabled=True radar=True teamMode=All
2026-08-20 21:12:36.352 [INFO] Overlay packet: camera=True actors=539 visible=331 labels=38 points=293 enabled=True radar=True teamMode=All
2026-08-20 21:12:38.468 [INFO] Overlay packet: camera=True actors=539 visible=0 labels=0 points=0 enabled=True radar=True teamMode=Enemies
2026-08-20 21:12:40.537 [INFO] Overlay packet: camera=True actors=538 visible=0 labels=0 points=0 enabled=True radar=True teamMode=Enemies
2026-08-20 21:12:42.560 [INFO] Overlay packet: camera=True actors=540 visible=14 labels=14 points=0 enabled=True radar=True teamMode=All
2026-08-20 21:12:44.681 [INFO] Overlay packet: camera=True actors=539 visible=14 labels=14 points=0 enabled=True radar=True teamMode=All
2026-08-20 21:12:46.699 [INFO] Overlay packet: camera=True actors=539 visible=14 labels=14 points=0 enabled=True radar=True teamMode=All
2026-08-20 21:12:48.772 [INFO] Overlay packet: camera=True actors=540 visible=14 labels=14 points=0 enabled=True radar=True teamMode=All
2026-08-20 21:12:50.850 [INFO] Overlay packet: camera=True actors=539 visible=14 labels=14 points=0 enabled=True radar=True teamMode=All
2026-08-20 21:12:52.869 [INFO] Overlay packet: camera=True actors=538 visible=14 labels=14 points=0 enabled=True radar=True teamMode=All
2026-08-20 21:12:54.947 [INFO] Overlay packet: camera=True actors=539 visible=0 labels=0 points=0 enabled=True radar=True teamMode=Enemies
2026-08-20 21:12:56.967 [INFO] Overlay packet: camera=True actors=538 visible=0 labels=0 points=0 enabled=True radar=True teamMode=Enemies
2026-08-20 21:12:59.034 [INFO] Overlay packet: camera=True actors=538 visible=2 labels=2 points=0 enabled=True radar=True teamMode=All
2026-08-20 21:13:01.053 [INFO] Overlay packet: camera=True actors=538 visible=2 labels=2 points=0 enabled=True radar=True teamMode=All
2026-08-20 21:13:03.184 [INFO] Overlay packet: camera=True actors=539 visible=2 labels=2 points=0 enabled=True radar=True teamMode=All
2026-08-20 21:13:05.202 [INFO] Overlay packet: camera=True actors=540 visible=2 labels=2 points=0 enabled=True radar=True teamMode=All
2026-08-20 21:13:07.278 [INFO] Overlay packet: camera=True actors=539 visible=2 labels=2 points=0 enabled=True radar=True teamMode=All
2026-08-20 21:13:09.344 [INFO] Overlay packet: camera=True actors=538 visible=2 labels=2 points=0 enabled=True radar=True teamMode=All
2026-08-20 21:13:11.419 [INFO] Overlay packet: camera=True actors=539 visible=2 labels=2 points=0 enabled=True radar=True teamMode=All
2026-08-20 21:13:13.491 [INFO] Overlay packet: camera=True actors=539 visible=2 labels=2 points=0 enabled=True radar=True teamMode=All
2026-08-20 21:13:15.511 [INFO] Overlay packet: camera=True actors=539 visible=2 labels=2 points=0 enabled=True radar=True teamMode=All
2026-08-20 21:13:17.591 [INFO] Overlay packet: camera=True actors=538 visible=2 labels=2 points=0 enabled=True radar=True teamMode=All
2026-08-20 21:13:19.671 [INFO] Overlay packet: camera=True actors=538 visible=2 labels=2 points=0 enabled=True radar=True teamMode=All
2026-08-20 21:13:21.690 [INFO] Overlay packet: camera=True actors=539 visible=1 labels=1 points=0 enabled=True radar=True teamMode=All
2026-08-20 21:13:23.808 [INFO] Overlay packet: camera=True actors=540 visible=1 labels=1 points=0 enabled=True radar=True teamMode=All
2026-08-20 21:13:25.931 [INFO] Overlay packet: camera=True actors=539 visible=1 labels=1 points=0 enabled=True radar=True teamMode=All
2026-08-20 21:13:28.054 [INFO] Overlay packet: camera=True actors=539 visible=1 labels=1 points=0 enabled=True radar=True teamMode=All
2026-08-20 21:13:30.071 [INFO] Overlay packet: camera=True actors=538 visible=1 labels=1 points=0 enabled=True radar=True teamMode=All
2026-08-20 21:13:32.149 [INFO] Overlay packet: camera=True actors=538 visible=1 labels=1 points=0 enabled=True radar=True teamMode=All
2026-08-20 21:13:34.170 [INFO] Overlay packet: camera=True actors=538 visible=1 labels=1 points=0 enabled=True radar=True teamMode=All
2026-08-20 21:13:36.290 [INFO] Overlay packet: camera=True actors=540 visible=1 labels=1 points=0 enabled=True radar=True teamMode=All
2026-08-20 21:13:38.365 [INFO] Overlay packet: camera=True actors=541 visible=1 labels=1 points=0 enabled=True radar=True teamMode=All
2026-08-20 21:13:40.440 [INFO] Overlay packet: camera=True actors=541 visible=1 labels=1 points=0 enabled=True radar=True teamMode=All
2026-08-20 21:13:42.572 [INFO] Overlay packet: camera=True actors=540 visible=1 labels=1 points=0 enabled=True radar=True teamMode=All
2026-08-20 21:13:44.710 [INFO] Overlay packet: camera=True actors=540 visible=319 labels=26 points=293 enabled=True radar=True teamMode=All
2026-08-20 21:13:46.854 [INFO] Overlay packet: camera=True actors=538 visible=319 labels=26 points=293 enabled=True radar=True teamMode=All
2026-08-20 21:13:48.987 [INFO] Overlay packet: camera=True actors=542 visible=319 labels=25 points=294 enabled=True radar=True teamMode=All
2026-08-20 21:13:51.072 [INFO] Overlay packet: camera=True actors=542 visible=319 labels=25 points=294 enabled=True radar=True teamMode=All
2026-08-20 21:13:53.098 [INFO] Overlay packet: camera=True actors=549 visible=319 labels=26 points=293 enabled=True radar=True teamMode=All
2026-08-20 21:13:55.185 [INFO] Overlay packet: camera=True actors=550 visible=319 labels=26 points=293 enabled=True radar=True teamMode=All
2026-08-20 21:13:57.260 [INFO] Overlay packet: camera=True actors=550 visible=319 labels=25 points=294 enabled=True radar=True teamMode=All
2026-08-20 21:13:59.386 [INFO] Overlay packet: camera=True actors=545 visible=319 labels=30 points=289 enabled=True radar=True teamMode=All
2026-08-20 21:14:01.419 [INFO] Overlay packet: camera=True actors=453 visible=247 labels=25 points=222 enabled=True radar=True teamMode=All
2026-08-20 21:14:03.539 [INFO] Overlay packet: camera=True actors=372 visible=180 labels=23 points=157 enabled=True radar=True teamMode=All
2026-08-20 21:14:05.562 [INFO] Overlay packet: camera=True actors=354 visible=180 labels=24 points=156 enabled=True radar=True teamMode=All
2026-08-20 21:14:07.688 [INFO] Overlay packet: camera=True actors=355 visible=180 labels=24 points=156 enabled=True radar=True teamMode=All
2026-08-20 21:14:09.692 [INFO] Overlay packet: camera=True actors=352 visible=180 labels=24 points=156 enabled=True radar=True teamMode=All
2026-08-20 21:14:11.776 [INFO] Overlay packet: camera=True actors=351 visible=180 labels=24 points=156 enabled=True radar=True teamMode=All
2026-08-20 21:14:13.849 [INFO] Overlay packet: camera=True actors=351 visible=180 labels=24 points=156 enabled=True radar=True teamMode=All
2026-08-20 21:14:15.880 [INFO] Overlay packet: camera=True actors=351 visible=180 labels=24 points=156 enabled=True radar=True teamMode=All
2026-08-20 21:14:17.915 [INFO] Overlay packet: camera=True actors=351 visible=180 labels=24 points=156 enabled=True radar=True teamMode=All
2026-08-20 21:14:19.944 [INFO] Overlay packet: camera=True actors=350 visible=180 labels=24 points=156 enabled=True radar=True teamMode=All
2026-08-20 21:14:22.016 [INFO] Overlay packet: camera=True actors=349 visible=1 labels=1 points=0 enabled=True radar=True teamMode=All
2026-08-20 21:14:24.047 [INFO] Overlay packet: camera=True actors=348 visible=181 labels=25 points=156 enabled=True radar=True teamMode=All
2026-08-20 21:14:26.123 [INFO] Overlay packet: camera=True actors=349 visible=181 labels=25 points=156 enabled=True radar=True teamMode=All
2026-08-20 21:14:28.160 [INFO] Overlay packet: camera=True actors=350 visible=49 labels=23 points=26 enabled=True radar=True teamMode=All
2026-08-20 21:14:30.238 [INFO] Overlay packet: camera=True actors=350 visible=49 labels=23 points=26 enabled=True radar=True teamMode=All
2026-08-20 21:14:32.263 [INFO] Overlay packet: camera=True actors=349 visible=236 labels=63 points=173 enabled=True radar=True teamMode=All
2026-08-20 21:14:34.388 [INFO] Overlay packet: camera=True actors=349 visible=236 labels=63 points=173 enabled=True radar=True teamMode=All
2026-08-20 21:14:36.469 [INFO] Overlay packet: camera=True actors=348 visible=236 labels=63 points=173 enabled=True radar=True teamMode=All
2026-08-20 21:14:38.548 [INFO] Overlay packet: camera=True actors=347 visible=236 labels=63 points=173 enabled=True radar=True teamMode=All
2026-08-20 21:14:40.578 [INFO] Overlay packet: camera=True actors=347 visible=236 labels=63 points=173 enabled=True radar=True teamMode=All
2026-08-20 21:14:42.651 [INFO] Overlay packet: camera=True actors=347 visible=237 labels=64 points=173 enabled=True radar=True teamMode=All
2026-08-20 21:14:44.733 [INFO] Overlay packet: camera=True actors=347 visible=236 labels=60 points=176 enabled=True radar=True teamMode=All
2026-08-20 21:14:46.812 [INFO] Overlay packet: camera=True actors=348 visible=236 labels=60 points=176 enabled=True radar=True teamMode=All
2026-08-20 21:14:48.840 [INFO] Overlay packet: camera=True actors=364 visible=236 labels=61 points=175 enabled=True radar=True teamMode=All
2026-08-20 21:14:50.960 [INFO] Overlay packet: camera=True actors=364 visible=236 labels=61 points=175 enabled=True radar=True teamMode=All
2026-08-20 21:14:53.042 [INFO] Overlay packet: camera=True actors=362 visible=237 labels=65 points=172 enabled=True radar=True teamMode=All
2026-08-20 21:14:55.171 [INFO] Overlay packet: camera=True actors=361 visible=237 labels=65 points=172 enabled=True radar=True teamMode=All
2026-08-20 21:14:57.252 [INFO] Overlay packet: camera=True actors=360 visible=237 labels=65 points=172 enabled=True radar=True teamMode=All
2026-08-20 21:14:59.332 [INFO] Overlay packet: camera=True actors=364 visible=237 labels=64 points=173 enabled=True radar=True teamMode=All
2026-08-20 21:15:01.454 [INFO] Overlay packet: camera=True actors=365 visible=237 labels=64 points=173 enabled=True radar=True teamMode=All
2026-08-20 21:15:03.579 [INFO] Overlay packet: camera=True actors=364 visible=237 labels=64 points=173 enabled=True radar=True teamMode=All
2026-08-20 21:15:05.650 [INFO] Overlay packet: camera=True actors=363 visible=237 labels=64 points=173 enabled=True radar=True teamMode=All
2026-08-20 21:15:07.725 [INFO] Overlay packet: camera=True actors=363 visible=237 labels=64 points=173 enabled=True radar=True teamMode=All
2026-08-20 21:15:09.801 [INFO] Overlay packet: camera=True actors=450 visible=308 labels=75 points=233 enabled=True radar=True teamMode=All
2026-08-20 21:15:11.887 [INFO] Overlay packet: camera=True actors=582 visible=405 labels=69 points=336 enabled=True radar=True teamMode=All
2026-08-20 21:15:13.962 [INFO] Overlay packet: camera=True actors=569 visible=405 labels=68 points=337 enabled=True radar=True teamMode=All
2026-08-20 21:15:15.991 [INFO] Overlay packet: camera=True actors=563 visible=405 labels=68 points=337 enabled=True radar=True teamMode=All
2026-08-20 21:15:17.858 [WARN] Player skeleton unavailable: bone geometry rejected (count=94, headDelta=735.7, height=49.7). The lightweight fallback skeleton remains active.
2026-08-20 21:15:18.070 [INFO] Overlay packet: camera=True actors=563 visible=405 labels=68 points=337 enabled=True radar=True teamMode=All
2026-08-20 21:15:20.199 [INFO] Overlay packet: camera=True actors=562 visible=405 labels=68 points=337 enabled=True radar=True teamMode=All
2026-08-20 21:15:22.289 [INFO] Overlay packet: camera=True actors=567 visible=404 labels=68 points=336 enabled=True radar=True teamMode=All
2026-08-20 21:15:24.310 [INFO] Overlay packet: camera=True actors=702 visible=530 labels=69 points=461 enabled=True radar=True teamMode=All
2026-08-20 21:15:26.340 [INFO] Overlay packet: camera=True actors=728 visible=554 labels=79 points=475 enabled=True radar=True teamMode=All
2026-08-20 21:15:28.476 [INFO] Overlay packet: camera=True actors=780 visible=585 labels=99 points=486 enabled=True radar=True teamMode=All
2026-08-20 21:15:30.509 [INFO] Overlay packet: camera=True actors=784 visible=592 labels=88 points=504 enabled=True radar=True teamMode=All
2026-08-20 21:15:32.634 [INFO] Overlay packet: camera=True actors=799 visible=603 labels=106 points=497 enabled=True radar=True teamMode=All
2026-08-20 21:15:34.763 [INFO] Overlay packet: camera=True actors=813 visible=621 labels=124 points=497 enabled=True radar=True teamMode=All
2026-08-20 21:15:36.795 [INFO] Overlay packet: camera=True actors=850 visible=658 labels=157 points=501 enabled=True radar=True teamMode=All
2026-08-20 21:15:38.828 [INFO] Overlay packet: camera=True actors=938 visible=736 labels=171 points=565 enabled=True radar=True teamMode=All
2026-08-20 21:15:40.848 [INFO] Overlay packet: camera=True actors=921 visible=743 labels=167 points=576 enabled=True radar=True teamMode=All
2026-08-20 21:15:42.986 [INFO] Overlay packet: camera=True actors=930 visible=733 labels=173 points=560 enabled=True radar=True teamMode=All
2026-08-20 21:15:45.065 [INFO] Overlay packet: camera=True actors=941 visible=729 labels=174 points=555 enabled=True radar=True teamMode=All
2026-08-20 21:15:47.200 [INFO] Overlay packet: camera=True actors=966 visible=750 labels=169 points=581 enabled=True radar=True teamMode=All
2026-08-20 21:15:49.227 [INFO] Overlay packet: camera=True actors=1023 visible=767 labels=177 points=590 enabled=True radar=True teamMode=All
2026-08-20 21:15:51.309 [INFO] Overlay packet: camera=True actors=910 visible=658 labels=156 points=502 enabled=True radar=True teamMode=All
2026-08-20 21:15:53.342 [INFO] Overlay packet: camera=True actors=841 visible=625 labels=127 points=498 enabled=True radar=True teamMode=All
2026-08-20 21:15:55.465 [INFO] Overlay packet: camera=True actors=785 visible=613 labels=115 points=498 enabled=True radar=True teamMode=All
2026-08-20 21:15:57.594 [INFO] Overlay packet: camera=True actors=755 visible=589 labels=78 points=511 enabled=True radar=True teamMode=All
2026-08-20 21:15:59.727 [INFO] Overlay packet: camera=True actors=640 visible=489 labels=28 points=461 enabled=True radar=True teamMode=All
2026-08-20 21:16:01.862 [INFO] Overlay packet: camera=True actors=466 visible=322 labels=10 points=312 enabled=True radar=True teamMode=All
2026-08-20 21:16:03.991 [INFO] Overlay packet: camera=True actors=430 visible=290 labels=9 points=281 enabled=True radar=True teamMode=All
2026-08-20 21:16:06.069 [INFO] Overlay packet: camera=True actors=428 visible=290 labels=13 points=277 enabled=True radar=True teamMode=All
2026-08-20 21:16:08.151 [INFO] Overlay packet: camera=True actors=429 visible=285 labels=20 points=265 enabled=True radar=True teamMode=All
2026-08-20 21:16:10.183 [INFO] Overlay packet: camera=True actors=444 visible=297 labels=25 points=272 enabled=True radar=True teamMode=All
2026-08-20 21:16:12.310 [INFO] Overlay packet: camera=True actors=455 visible=295 labels=36 points=259 enabled=True radar=True teamMode=All
2026-08-20 21:16:14.342 [INFO] Overlay packet: camera=True actors=457 visible=0 labels=0 points=0 enabled=True radar=True teamMode=All
2026-08-20 21:16:16.469 [INFO] Overlay packet: camera=True actors=456 visible=0 labels=0 points=0 enabled=True radar=True teamMode=All
2026-08-20 21:16:18.492 [INFO] Overlay packet: camera=True actors=439 visible=0 labels=0 points=0 enabled=True radar=True teamMode=All
2026-08-20 21:16:20.561 [INFO] Overlay packet: camera=True actors=434 visible=0 labels=0 points=0 enabled=True radar=True teamMode=All
2026-08-20 21:16:22.675 [INFO] Overlay packet: camera=True actors=372 visible=0 labels=0 points=0 enabled=True radar=True teamMode=All
2026-08-20 21:16:24.746 [INFO] Overlay packet: camera=True actors=341 visible=0 labels=0 points=0 enabled=True radar=True teamMode=All
2026-08-20 21:16:26.814 [INFO] Overlay packet: camera=True actors=338 visible=0 labels=0 points=0 enabled=True radar=True teamMode=All
2026-08-20 21:16:28.835 [INFO] Overlay packet: camera=True actors=337 visible=0 labels=0 points=0 enabled=True radar=True teamMode=All
2026-08-20 21:16:30.850 [INFO] Overlay packet: camera=True actors=212 visible=2 labels=2 points=0 enabled=True radar=True teamMode=All
2026-08-20 21:16:32.979 [INFO] Overlay packet: camera=True actors=774 visible=2 labels=2 points=0 enabled=True radar=True teamMode=All
2026-08-20 21:16:35.053 [INFO] Overlay packet: camera=True actors=1234 visible=2 labels=2 points=0 enabled=True radar=True teamMode=All
2026-08-20 21:16:37.080 [INFO] Overlay packet: camera=True actors=1695 visible=2 labels=2 points=0 enabled=True radar=True teamMode=All
2026-08-20 21:16:39.205 [INFO] Overlay packet: camera=True actors=2168 visible=2 labels=2 points=0 enabled=True radar=True teamMode=All
2026-08-20 21:16:41.329 [INFO] Overlay packet: camera=True actors=2651 visible=2 labels=2 points=0 enabled=True radar=True teamMode=All
2026-08-20 21:16:43.360 [INFO] Overlay packet: camera=True actors=3107 visible=2 labels=2 points=0 enabled=True radar=True teamMode=All
2026-08-20 21:16:45.373 [INFO] Overlay packet: camera=True actors=3557 visible=2 labels=2 points=0 enabled=True radar=True teamMode=All
2026-08-20 21:16:47.499 [INFO] Overlay packet: camera=True actors=4033 visible=2 labels=2 points=0 enabled=True radar=True teamMode=All
2026-08-20 21:16:49.522 [INFO] Overlay packet: camera=True actors=4495 visible=2 labels=2 points=0 enabled=True radar=True teamMode=All
2026-08-20 21:16:51.647 [INFO] Overlay packet: camera=True actors=4962 visible=2 labels=2 points=0 enabled=True radar=True teamMode=All
2026-08-20 21:16:53.662 [INFO] Overlay packet: camera=True actors=5145 visible=2 labels=2 points=0 enabled=True radar=True teamMode=All
2026-08-20 21:16:55.693 [INFO] Overlay packet: camera=True actors=5145 visible=2 labels=2 points=0 enabled=True radar=True teamMode=All
2026-08-20 21:16:57.734 [INFO] Overlay packet: camera=True actors=5145 visible=2 labels=2 points=0 enabled=True radar=True teamMode=All
2026-08-20 21:16:59.791 [INFO] Overlay packet: camera=True actors=5146 visible=2 labels=2 points=0 enabled=True radar=True teamMode=All
2026-08-20 21:17:01.861 [INFO] Overlay packet: camera=True actors=5146 visible=2 labels=2 points=0 enabled=True radar=True teamMode=All
2026-08-20 21:17:03.886 [INFO] Overlay packet: camera=True actors=5146 visible=2 labels=2 points=0 enabled=True radar=True teamMode=All
2026-08-20 21:17:05.918 [INFO] Overlay packet: camera=True actors=5146 visible=2 labels=2 points=0 enabled=True radar=True teamMode=All
2026-08-20 21:17:07.949 [INFO] Overlay packet: camera=True actors=5146 visible=2 labels=2 points=0 enabled=True radar=True teamMode=All
2026-08-20 21:17:10.033 [INFO] Overlay packet: camera=True actors=5146 visible=2 labels=2 points=0 enabled=True radar=True teamMode=All
2026-08-20 21:17:12.142 [INFO] Overlay packet: camera=True actors=5146 visible=2 labels=2 points=0 enabled=True radar=True teamMode=All
2026-08-20 21:17:14.267 [INFO] Overlay packet: camera=True actors=5146 visible=2 labels=2 points=0 enabled=True radar=True teamMode=All
2026-08-20 21:17:16.322 [INFO] Overlay packet: camera=True actors=5146 visible=22 labels=22 points=0 enabled=True radar=True teamMode=All
2026-08-20 21:17:18.399 [INFO] Overlay packet: camera=True actors=5146 visible=22 labels=22 points=0 enabled=True radar=True teamMode=All
2026-08-20 21:17:20.519 [INFO] Overlay packet: camera=True actors=5146 visible=22 labels=22 points=0 enabled=True radar=True teamMode=All
2026-08-20 21:17:22.602 [INFO] Overlay packet: camera=True actors=5146 visible=22 labels=22 points=0 enabled=True radar=True teamMode=All
2026-08-20 21:17:24.672 [INFO] Overlay packet: camera=True actors=5145 visible=22 labels=22 points=0 enabled=True radar=True teamMode=All
2026-08-20 21:17:26.741 [INFO] Overlay packet: camera=True actors=5145 visible=22 labels=22 points=0 enabled=True radar=True teamMode=All
2026-08-20 21:17:28.833 [INFO] Overlay packet: camera=True actors=5090 visible=22 labels=22 points=0 enabled=True radar=True teamMode=All
2026-08-20 21:17:30.897 [INFO] Overlay packet: camera=True actors=5192 visible=23 labels=23 points=0 enabled=True radar=True teamMode=All
2026-08-20 21:17:32.971 [INFO] Overlay packet: camera=True actors=5141 visible=23 labels=23 points=0 enabled=True radar=True teamMode=All
2026-08-20 21:17:35.048 [INFO] Overlay packet: camera=True actors=5327 visible=23 labels=23 points=0 enabled=True radar=True teamMode=All
2026-08-20 21:17:37.064 [INFO] Overlay packet: camera=True actors=4248 visible=23 labels=23 points=0 enabled=True radar=True teamMode=All
2026-08-20 21:17:39.073 [INFO] Overlay packet: camera=True actors=153 visible=23 labels=23 points=0 enabled=True radar=True teamMode=All
2026-08-20 21:17:41.090 [INFO] Overlay packet: camera=True actors=34 visible=16 labels=16 points=0 enabled=True radar=True teamMode=All
2026-08-20 21:17:43.169 [INFO] Overlay packet: camera=True actors=19 visible=7 labels=7 points=0 enabled=True radar=True teamMode=All
2026-08-20 21:17:45.197 [INFO] Overlay packet: camera=True actors=47 visible=8 labels=8 points=0 enabled=True radar=True teamMode=All
2026-08-20 21:17:47.219 [INFO] Overlay packet: camera=True actors=45 visible=8 labels=8 points=0 enabled=True radar=True teamMode=All
2026-08-20 21:17:49.240 [INFO] Overlay packet: camera=True actors=42 visible=6 labels=6 points=0 enabled=True radar=True teamMode=All
2026-08-20 21:17:51.262 [INFO] Overlay packet: camera=True actors=41 visible=5 labels=5 points=0 enabled=True radar=True teamMode=All
2026-08-20 21:17:53.335 [INFO] Overlay packet: camera=True actors=31 visible=5 labels=5 points=0 enabled=True radar=True teamMode=All
2026-08-20 21:17:55.358 [INFO] Overlay packet: camera=True actors=29 visible=5 labels=5 points=0 enabled=True radar=True teamMode=All
2026-08-20 21:17:57.430 [INFO] Overlay packet: camera=True actors=31 visible=4 labels=4 points=0 enabled=True radar=True teamMode=All
2026-08-20 21:17:59.552 [INFO] Overlay packet: camera=True actors=29 visible=5 labels=5 points=0 enabled=True radar=True teamMode=All
2026-08-20 21:18:01.571 [INFO] Overlay packet: camera=True actors=38 visible=5 labels=5 points=0 enabled=True radar=True teamMode=All
2026-08-20 21:18:03.593 [INFO] Overlay packet: camera=True actors=39 visible=5 labels=5 points=0 enabled=True radar=True teamMode=All
2026-08-20 21:18:05.617 [INFO] Overlay packet: camera=True actors=26 visible=5 labels=5 points=0 enabled=True radar=True teamMode=All
2026-08-20 21:18:07.741 [INFO] Overlay packet: camera=True actors=36 visible=8 labels=8 points=0 enabled=True radar=True teamMode=All
2026-08-20 21:18:09.764 [INFO] Overlay packet: camera=True actors=36 visible=8 labels=8 points=0 enabled=True radar=True teamMode=All
2026-08-20 21:18:11.837 [INFO] Overlay packet: camera=True actors=49 visible=13 labels=13 points=0 enabled=True radar=True teamMode=All
2026-08-20 21:18:13.853 [INFO] Overlay packet: camera=True actors=55 visible=14 labels=14 points=0 enabled=True radar=True teamMode=All
2026-08-20 21:18:15.871 [INFO] Overlay packet: camera=True actors=371 visible=19 labels=19 points=0 enabled=True radar=True teamMode=All
2026-08-20 21:18:17.896 [INFO] Overlay packet: camera=True actors=808 visible=17 labels=17 points=0 enabled=True radar=True teamMode=All
2026-08-20 21:18:20.021 [INFO] Overlay packet: camera=True actors=1275 visible=15 labels=15 points=0 enabled=True radar=True teamMode=All
2026-08-20 21:18:22.039 [INFO] Overlay packet: camera=True actors=1700 visible=13 labels=13 points=0 enabled=True radar=True teamMode=All
2026-08-20 21:18:24.119 [INFO] Overlay packet: camera=True actors=2163 visible=14 labels=14 points=0 enabled=True radar=True teamMode=All
2026-08-20 21:18:26.140 [INFO] Overlay packet: camera=True actors=2623 visible=14 labels=14 points=0 enabled=True radar=True teamMode=All
2026-08-20 21:18:28.223 [INFO] Overlay packet: camera=True actors=3085 visible=13 labels=13 points=0 enabled=True radar=True teamMode=All
2026-08-20 21:18:30.298 [INFO] Overlay packet: camera=True actors=3122 visible=13 labels=13 points=0 enabled=True radar=True teamMode=All
2026-08-20 21:18:32.369 [INFO] Overlay packet: camera=True actors=3124 visible=15 labels=15 points=0 enabled=True radar=True teamMode=All
2026-08-20 21:18:34.461 [INFO] Overlay packet: camera=True actors=3125 visible=15 labels=15 points=0 enabled=True radar=True teamMode=All
2026-08-20 21:18:36.476 [INFO] Overlay packet: camera=True actors=3131 visible=20 labels=20 points=0 enabled=True radar=True teamMode=All
2026-08-20 21:18:38.550 [INFO] Overlay packet: camera=True actors=3353 visible=21 labels=21 points=0 enabled=True radar=True teamMode=All
2026-08-20 21:18:40.594 [INFO] Overlay packet: camera=True actors=3818 visible=22 labels=22 points=0 enabled=True radar=True teamMode=All
2026-08-20 21:18:42.637 [INFO] Overlay packet: camera=True actors=4274 visible=22 labels=22 points=0 enabled=True radar=True teamMode=All
2026-08-20 21:18:44.709 [INFO] Overlay packet: camera=True actors=4472 visible=3 labels=3 points=0 enabled=True radar=True teamMode=All
2026-08-20 21:18:46.775 [INFO] Overlay packet: camera=True actors=4472 visible=3 labels=3 points=0 enabled=True radar=True teamMode=All
2026-08-20 21:18:48.859 [INFO] Overlay packet: camera=True actors=4472 visible=3 labels=3 points=0 enabled=True radar=True teamMode=All
2026-08-20 21:18:50.929 [INFO] Overlay packet: camera=True actors=4472 visible=3 labels=3 points=0 enabled=True radar=True teamMode=All
2026-08-20 21:18:52.946 [INFO] Overlay packet: camera=True actors=4472 visible=3 labels=3 points=0 enabled=True radar=True teamMode=All
2026-08-20 21:18:54.977 [INFO] Overlay packet: camera=True actors=4472 visible=3 labels=3 points=0 enabled=True radar=True teamMode=All
2026-08-20 21:18:57.001 [INFO] Overlay packet: camera=True actors=4923 visible=3 labels=3 points=0 enabled=True radar=True teamMode=All
2026-08-20 21:18:59.082 [INFO] Overlay packet: camera=True actors=5007 visible=3 labels=3 points=0 enabled=True radar=True teamMode=All
2026-08-23 22:50:35.151 [INFO] ARK Tracker read-only diagnostic MVP
2026-08-23 22:50:35.152 [INFO] Target: ARK: Survival Evolved / ShooterGame.exe / UE4 / x64
2026-08-23 22:50:35.152 [INFO] Access mask: PROCESS_QUERY_INFORMATION | PROCESS_VM_READ (0x0410). No write/injection APIs are used.
2026-08-23 22:50:35.153 [INFO] Security context: elevated=False SeDebugPrivilege=unavailable (Win32 error 1300)
2026-08-23 22:50:35.176 [INFO] Process: name=ShooterGame.exe pid=35744 parentPid=15448 threads=121
2026-08-23 22:50:35.176 [INFO] Read-only process handle opened successfully.
2026-08-23 22:50:35.179 [INFO] Target module: ShooterGame.exe base=0x00007FF75D360000 size=0x4DAB000 path=C:\Program Files (x86)\Steam\steamapps\common\ARK\ShooterGame\Binaries\Win64\ShooterGame.exe
2026-08-23 22:50:35.179 [INFO] Build fingerprint: fileLength=80346664 lastWriteUtc=2026-08-17T08:21:59Z
2026-08-23 22:50:35.261 [INFO] Build fingerprint: SHA256=9BC401417A776C5244A1B0B3255DC3AF4A9D73E3F5C1BA96228FBE3FB1A43477
2026-08-23 22:50:35.261 [INFO] Build profile fingerprint verified.
2026-08-23 22:50:35.345 [INFO] GNames global=0x00007FF761D6AC78 table=0x0000013C720CFAF0 index0='None'
2026-08-23 22:50:35.345 [INFO] Scanning readable pages of ShooterGame.exe for the configured GWorld signature...
2026-08-23 22:50:35.559 [INFO] GWorld signature match: 0x00007FF75E32F190 (matches collected: 1)
2026-08-23 22:50:35.559 [INFO] Resolved GWorld global address: 0x00007FF761D3C2A8
2026-08-23 22:50:35.559 [INFO] UWorld: 0x0000013CEFFF1980
2026-08-23 22:50:35.768 [INFO] Native Direct2D/DirectComposition overlay initialized.
2026-08-23 22:50:35.929 [INFO] Hotkeys: Insert=True F10=True F6-F9/F11=registered
2026-08-23 22:50:36.052 [INFO] Overlay packet: camera=True actors=161 visible=0 labels=0 points=0 enabled=True radar=True teamMode=All
2026-08-23 22:50:36.074 [INFO] Low-latency pipeline: actors=161 captureMs=2 intervalMs=50 viewHz=250 overlay=True
2026-08-23 22:50:38.079 [INFO] Overlay packet: camera=True actors=162 visible=0 labels=0 points=0 enabled=True radar=True teamMode=All
2026-08-23 22:50:40.154 [INFO] Overlay packet: camera=True actors=162 visible=0 labels=0 points=0 enabled=True radar=True teamMode=All
2026-08-23 22:50:42.273 [INFO] Overlay packet: camera=True actors=162 visible=0 labels=0 points=0 enabled=True radar=True teamMode=All
2026-08-23 22:50:44.352 [INFO] Overlay packet: camera=True actors=164 visible=62 labels=62 points=0 enabled=True radar=True teamMode=All
2026-08-23 22:50:46.479 [INFO] Overlay packet: camera=True actors=161 visible=59 labels=59 points=0 enabled=True radar=True teamMode=All
2026-08-23 22:50:48.551 [INFO] Overlay packet: camera=True actors=161 visible=59 labels=59 points=0 enabled=True radar=True teamMode=All
2026-08-23 22:50:50.577 [INFO] Overlay packet: camera=True actors=157 visible=55 labels=55 points=0 enabled=True radar=True teamMode=All
2026-08-23 22:50:52.697 [INFO] Overlay packet: camera=True actors=142 visible=40 labels=40 points=0 enabled=True radar=True teamMode=All
2026-08-23 22:50:54.770 [INFO] Overlay packet: camera=True actors=143 visible=41 labels=41 points=0 enabled=True radar=True teamMode=All
2026-08-23 22:50:56.798 [INFO] Overlay packet: camera=True actors=162 visible=60 labels=60 points=0 enabled=True radar=True teamMode=All
2026-08-23 22:50:58.810 [INFO] Overlay packet: camera=True actors=162 visible=60 labels=60 points=0 enabled=True radar=True teamMode=All
2026-08-23 22:51:00.884 [INFO] Overlay packet: camera=True actors=158 visible=56 labels=56 points=0 enabled=True radar=True teamMode=All
2026-08-23 22:51:02.908 [INFO] Overlay packet: camera=True actors=158 visible=56 labels=56 points=0 enabled=True radar=True teamMode=All
2026-08-23 22:54:25.420 [INFO] ARK Tracker read-only diagnostic MVP
2026-08-23 22:54:25.421 [INFO] Target: ARK: Survival Evolved / ShooterGame.exe / UE4 / x64
2026-08-23 22:54:25.421 [INFO] Access mask: PROCESS_QUERY_INFORMATION | PROCESS_VM_READ (0x0410). No write/injection APIs are used.
2026-08-23 22:54:25.423 [INFO] Security context: elevated=False SeDebugPrivilege=unavailable (Win32 error 1300)
2026-08-23 22:54:25.442 [INFO] Process: name=ShooterGame.exe pid=35744 parentPid=15448 threads=121
2026-08-23 22:54:25.443 [INFO] Read-only process handle opened successfully.
2026-08-23 22:54:25.445 [INFO] Target module: ShooterGame.exe base=0x00007FF75D360000 size=0x4DAB000 path=C:\Program Files (x86)\Steam\steamapps\common\ARK\ShooterGame\Binaries\Win64\ShooterGame.exe
2026-08-23 22:54:25.446 [INFO] Build fingerprint: fileLength=80346664 lastWriteUtc=2026-08-17T08:21:59Z
2026-08-23 22:54:25.530 [INFO] Build fingerprint: SHA256=9BC401417A776C5244A1B0B3255DC3AF4A9D73E3F5C1BA96228FBE3FB1A43477
2026-08-23 22:54:25.530 [INFO] Build profile fingerprint verified.
2026-08-23 22:54:25.617 [INFO] GNames global=0x00007FF761D6AC78 table=0x0000013C720CFAF0 index0='None'
2026-08-23 22:54:25.617 [INFO] Scanning readable pages of ShooterGame.exe for the configured GWorld signature...
2026-08-23 22:54:25.837 [INFO] GWorld signature match: 0x00007FF75E32F190 (matches collected: 1)
2026-08-23 22:54:25.837 [INFO] Resolved GWorld global address: 0x00007FF761D3C2A8
2026-08-23 22:54:25.837 [INFO] UWorld: 0x0000013CEFFF1980
2026-08-23 22:54:26.044 [INFO] Native Direct2D/DirectComposition overlay initialized.
2026-08-23 22:54:26.216 [INFO] Hotkeys: Insert=True F10=True F6-F9/F11=registered
2026-08-23 22:54:26.346 [INFO] Overlay packet: camera=True actors=131 visible=22 labels=22 points=0 enabled=True radar=True teamMode=All
2026-08-23 22:54:26.357 [INFO] Low-latency pipeline: actors=131 captureMs=3 intervalMs=50 viewHz=250 overlay=True
2026-08-23 22:54:28.431 [INFO] Overlay packet: camera=True actors=131 visible=22 labels=22 points=0 enabled=True radar=True teamMode=All
2026-08-23 22:54:30.458 [INFO] Overlay packet: camera=True actors=130 visible=21 labels=21 points=0 enabled=True radar=True teamMode=All
2026-08-23 22:54:32.586 [INFO] Overlay packet: camera=True actors=130 visible=21 labels=21 points=0 enabled=True radar=True teamMode=All
2026-08-23 22:54:34.661 [INFO] Overlay packet: camera=True actors=130 visible=21 labels=21 points=0 enabled=True radar=True teamMode=All
2026-08-23 22:54:36.684 [INFO] Overlay packet: camera=True actors=130 visible=21 labels=21 points=0 enabled=True radar=True teamMode=All
2026-08-23 22:54:38.760 [INFO] Overlay packet: camera=True actors=132 visible=21 labels=21 points=0 enabled=True radar=True teamMode=All
2026-08-23 22:54:40.890 [INFO] Overlay packet: camera=True actors=131 visible=20 labels=20 points=0 enabled=True radar=True teamMode=All
2026-08-23 22:54:42.954 [INFO] Overlay packet: camera=True actors=131 visible=20 labels=20 points=0 enabled=True radar=True teamMode=All
2026-08-23 22:54:44.973 [INFO] Overlay packet: camera=True actors=131 visible=20 labels=20 points=0 enabled=True radar=True teamMode=All
2026-08-23 22:54:47.043 [INFO] Overlay packet: camera=True actors=131 visible=20 labels=20 points=0 enabled=True radar=True teamMode=All
2026-08-23 22:54:49.112 [INFO] Overlay packet: camera=True actors=131 visible=20 labels=20 points=0 enabled=True radar=True teamMode=All
2026-08-23 22:54:51.125 [INFO] Overlay packet: camera=True actors=131 visible=20 labels=20 points=0 enabled=True radar=True teamMode=All
2026-08-23 22:54:53.142 [INFO] Overlay packet: camera=True actors=131 visible=20 labels=20 points=0 enabled=True radar=True teamMode=All
2026-08-23 22:54:55.161 [INFO] Overlay packet: camera=True actors=131 visible=20 labels=20 points=0 enabled=True radar=True teamMode=All
2026-08-23 22:54:57.182 [INFO] Overlay packet: camera=True actors=132 visible=21 labels=21 points=0 enabled=True radar=True teamMode=All
2026-08-23 22:54:59.192 [INFO] Overlay packet: camera=True actors=132 visible=21 labels=21 points=0 enabled=True radar=True teamMode=All
2026-08-23 22:55:01.208 [INFO] Overlay packet: camera=True actors=132 visible=21 labels=21 points=0 enabled=True radar=True teamMode=All
2026-08-23 22:55:03.226 [INFO] Overlay packet: camera=True actors=131 visible=20 labels=20 points=0 enabled=True radar=True teamMode=All
2026-08-23 22:55:05.244 [INFO] Overlay packet: camera=True actors=131 visible=20 labels=20 points=0 enabled=True radar=True teamMode=All
2026-08-23 22:55:07.322 [INFO] Overlay packet: camera=True actors=131 visible=20 labels=20 points=0 enabled=True radar=True teamMode=All
2026-08-23 22:55:09.335 [INFO] Overlay packet: camera=True actors=130 visible=19 labels=19 points=0 enabled=True radar=True teamMode=All
2026-08-23 22:55:11.356 [INFO] Overlay packet: camera=True actors=130 visible=19 labels=19 points=0 enabled=True radar=True teamMode=All
2026-08-23 22:55:13.426 [INFO] Overlay packet: camera=True actors=130 visible=19 labels=19 points=0 enabled=True radar=True teamMode=All
2026-08-23 22:55:15.552 [INFO] Overlay packet: camera=True actors=130 visible=19 labels=19 points=0 enabled=True radar=True teamMode=All
2026-08-23 22:55:17.570 [INFO] Overlay packet: camera=True actors=130 visible=19 labels=19 points=0 enabled=True radar=True teamMode=All
2026-08-23 22:55:19.598 [INFO] Overlay packet: camera=True actors=129 visible=18 labels=18 points=0 enabled=True radar=True teamMode=All
2026-08-23 22:55:21.623 [INFO] Overlay packet: camera=True actors=129 visible=18 labels=18 points=0 enabled=True radar=True teamMode=All
2026-08-23 22:55:23.639 [INFO] Overlay packet: camera=True actors=131 visible=18 labels=18 points=0 enabled=True radar=True teamMode=All
2026-08-23 22:55:25.658 [INFO] Overlay packet: camera=True actors=130 visible=17 labels=17 points=0 enabled=True radar=True teamMode=All
2026-08-23 22:55:27.733 [INFO] Overlay packet: camera=True actors=130 visible=17 labels=17 points=0 enabled=True radar=True teamMode=All
2026-08-23 22:55:29.801 [INFO] Overlay packet: camera=True actors=130 visible=17 labels=17 points=0 enabled=True radar=True teamMode=All
2026-08-23 22:55:31.823 [INFO] Overlay packet: camera=True actors=130 visible=17 labels=17 points=0 enabled=True radar=True teamMode=All
2026-08-23 22:55:33.894 [INFO] Overlay packet: camera=True actors=130 visible=17 labels=17 points=0 enabled=True radar=True teamMode=All
2026-08-23 22:55:35.923 [INFO] Overlay packet: camera=True actors=130 visible=17 labels=17 points=0 enabled=True radar=True teamMode=All
2026-08-23 22:55:38.044 [INFO] Overlay packet: camera=True actors=130 visible=17 labels=17 points=0 enabled=True radar=True teamMode=All
2026-08-23 22:55:40.117 [INFO] Overlay packet: camera=True actors=130 visible=17 labels=17 points=0 enabled=True radar=True teamMode=All
2026-08-23 22:55:42.136 [INFO] Overlay packet: camera=True actors=130 visible=17 labels=17 points=0 enabled=True radar=True teamMode=All
2026-08-23 22:55:44.166 [INFO] Overlay packet: camera=True actors=130 visible=17 labels=17 points=0 enabled=True radar=True teamMode=All
2026-08-23 22:55:46.199 [INFO] Overlay packet: camera=True actors=130 visible=17 labels=17 points=0 enabled=True radar=True teamMode=All
2026-08-23 22:55:48.322 [INFO] Overlay packet: camera=True actors=135 visible=22 labels=22 points=0 enabled=True radar=True teamMode=All
2026-08-23 22:55:50.351 [INFO] Overlay packet: camera=True actors=145 visible=32 labels=32 points=0 enabled=True radar=True teamMode=All
2026-08-23 22:55:52.372 [INFO] Overlay packet: camera=True actors=145 visible=32 labels=32 points=0 enabled=True radar=True teamMode=All
2026-08-23 22:55:54.404 [INFO] Overlay packet: camera=True actors=174 visible=61 labels=61 points=0 enabled=True radar=True teamMode=All
2026-08-23 22:55:56.427 [INFO] Overlay packet: camera=True actors=147 visible=34 labels=34 points=0 enabled=True radar=True teamMode=All
2026-08-23 22:55:58.458 [INFO] Overlay packet: camera=True actors=149 visible=36 labels=36 points=0 enabled=True radar=True teamMode=All
2026-08-23 22:56:00.489 [INFO] Overlay packet: camera=True actors=149 visible=36 labels=36 points=0 enabled=True radar=True teamMode=All
2026-08-23 22:56:02.567 [INFO] Overlay packet: camera=True actors=149 visible=0 labels=0 points=0 enabled=True radar=True teamMode=All
2026-08-23 22:56:04.697 [INFO] Overlay packet: camera=True actors=159 visible=0 labels=0 points=0 enabled=True radar=True teamMode=All
2026-08-23 22:56:06.783 [INFO] Overlay packet: camera=True actors=199 visible=1 labels=0 points=1 enabled=True radar=True teamMode=All
2026-08-23 22:56:08.871 [INFO] Overlay packet: camera=True actors=185 visible=2 labels=0 points=2 enabled=True radar=True teamMode=All
2026-08-23 22:56:10.952 [INFO] Overlay packet: camera=True actors=167 visible=2 labels=1 points=1 enabled=True radar=True teamMode=All
2026-08-23 22:56:12.976 [INFO] Overlay packet: camera=True actors=169 visible=2 labels=1 points=1 enabled=True radar=True teamMode=All
2026-08-23 22:56:15.009 [INFO] Overlay packet: camera=True actors=158 visible=2 labels=1 points=1 enabled=True radar=True teamMode=All
2026-08-23 22:56:17.045 [INFO] Overlay packet: camera=True actors=158 visible=3 labels=2 points=1 enabled=True radar=True teamMode=All
2026-08-23 22:56:19.077 [INFO] Overlay packet: camera=True actors=154 visible=3 labels=1 points=2 enabled=True radar=True teamMode=All
2026-08-23 22:56:21.109 [INFO] Overlay packet: camera=True actors=152 visible=2 labels=0 points=2 enabled=True radar=True teamMode=All
2026-08-23 22:56:23.193 [INFO] Overlay packet: camera=True actors=152 visible=3 labels=1 points=2 enabled=True radar=True teamMode=All
2026-08-23 22:56:25.224 [INFO] Overlay packet: camera=True actors=153 visible=4 labels=2 points=2 enabled=True radar=True teamMode=All
2026-08-23 22:56:27.257 [INFO] Overlay packet: camera=True actors=151 visible=3 labels=1 points=2 enabled=True radar=True teamMode=All
2026-08-23 22:56:29.339 [INFO] Overlay packet: camera=True actors=150 visible=3 labels=1 points=2 enabled=True radar=True teamMode=All
2026-08-23 22:56:31.358 [INFO] Overlay packet: camera=True actors=150 visible=3 labels=1 points=2 enabled=True radar=True teamMode=All
2026-08-23 22:56:33.383 [INFO] Overlay packet: camera=True actors=150 visible=3 labels=1 points=2 enabled=True radar=True teamMode=All
2026-08-23 22:56:35.463 [INFO] Overlay packet: camera=True actors=150 visible=3 labels=1 points=2 enabled=True radar=True teamMode=All
2026-08-23 22:56:37.494 [INFO] Overlay packet: camera=True actors=150 visible=3 labels=1 points=2 enabled=True radar=True teamMode=All
2026-08-23 22:56:39.525 [INFO] Overlay packet: camera=True actors=150 visible=3 labels=1 points=2 enabled=True radar=True teamMode=All
2026-08-23 22:56:41.654 [INFO] Overlay packet: camera=True actors=150 visible=3 labels=1 points=2 enabled=True radar=True teamMode=All
2026-08-23 22:56:43.688 [INFO] Overlay packet: camera=True actors=150 visible=4 labels=2 points=2 enabled=True radar=True teamMode=All
2026-08-23 22:56:45.723 [INFO] Overlay packet: camera=True actors=152 visible=6 labels=4 points=2 enabled=True radar=True teamMode=All
2026-08-23 22:56:47.800 [INFO] Overlay packet: camera=True actors=152 visible=6 labels=4 points=2 enabled=True radar=True teamMode=All
2026-08-23 22:56:49.834 [INFO] Overlay packet: camera=True actors=152 visible=6 labels=4 points=2 enabled=True radar=True teamMode=All
2026-08-23 22:56:51.864 [INFO] Overlay packet: camera=True actors=154 visible=6 labels=4 points=2 enabled=True radar=True teamMode=All
2026-08-23 22:56:53.999 [INFO] Overlay packet: camera=True actors=157 visible=6 labels=4 points=2 enabled=True radar=True teamMode=All
2026-08-23 22:56:56.039 [INFO] Overlay packet: camera=True actors=159 visible=6 labels=4 points=2 enabled=True radar=True teamMode=All
2026-08-23 22:56:58.167 [INFO] Overlay packet: camera=True actors=159 visible=6 labels=4 points=2 enabled=True radar=True teamMode=All
2026-08-23 22:57:00.196 [INFO] Overlay packet: camera=True actors=168 visible=8 labels=2 points=6 enabled=True radar=True teamMode=All
2026-08-23 22:57:02.314 [INFO] Overlay packet: camera=True actors=229 visible=15 labels=0 points=15 enabled=True radar=True teamMode=All
2026-08-23 22:57:04.338 [INFO] Overlay packet: camera=True actors=123 visible=13 labels=0 points=13 enabled=True radar=True teamMode=All
2026-08-23 22:57:06.462 [INFO] Overlay packet: camera=True actors=122 visible=3 labels=0 points=3 enabled=True radar=True teamMode=All
2026-08-23 22:57:08.589 [INFO] Overlay packet: camera=True actors=123 visible=1 labels=0 points=1 enabled=True radar=True teamMode=All
2026-08-23 22:57:10.661 [INFO] Overlay packet: camera=True actors=123 visible=1 labels=0 points=1 enabled=True radar=True teamMode=All
2026-08-23 22:57:12.689 [INFO] Overlay packet: camera=True actors=123 visible=1 labels=0 points=1 enabled=True radar=True teamMode=All
2026-08-23 22:57:14.769 [INFO] Overlay packet: camera=True actors=124 visible=2 labels=0 points=2 enabled=True radar=True teamMode=All
2026-08-23 22:57:16.804 [INFO] Overlay packet: camera=True actors=199 visible=4 labels=0 points=4 enabled=True radar=True teamMode=All
2026-08-23 22:57:18.834 [INFO] Overlay packet: camera=True actors=225 visible=4 labels=0 points=4 enabled=True radar=True teamMode=All
2026-08-23 22:57:20.851 [INFO] Overlay packet: camera=True actors=224 visible=4 labels=1 points=3 enabled=True radar=True teamMode=All
2026-08-23 22:57:22.878 [INFO] Overlay packet: camera=True actors=228 visible=4 labels=1 points=3 enabled=True radar=True teamMode=All
2026-08-23 22:57:25.006 [INFO] Overlay packet: camera=True actors=228 visible=4 labels=1 points=3 enabled=True radar=True teamMode=All
2026-08-23 22:57:27.131 [INFO] Overlay packet: camera=True actors=208 visible=4 labels=0 points=4 enabled=True radar=True teamMode=All
2026-08-23 22:57:29.256 [INFO] Overlay packet: camera=True actors=173 visible=2 labels=0 points=2 enabled=True radar=True teamMode=All
2026-08-23 22:57:31.383 [INFO] Overlay packet: camera=True actors=194 visible=3 labels=1 points=2 enabled=True radar=True teamMode=All
2026-08-23 22:57:33.510 [INFO] Overlay packet: camera=True actors=193 visible=3 labels=1 points=2 enabled=True radar=True teamMode=All
2026-08-23 22:57:35.539 [INFO] Overlay packet: camera=True actors=190 visible=3 labels=1 points=2 enabled=True radar=True teamMode=All
2026-08-23 22:57:37.662 [INFO] Overlay packet: camera=True actors=189 visible=3 labels=1 points=2 enabled=True radar=True teamMode=All
2026-08-23 22:57:39.741 [INFO] Overlay packet: camera=True actors=189 visible=3 labels=1 points=2 enabled=True radar=True teamMode=All
2026-08-23 22:57:41.763 [INFO] Overlay packet: camera=True actors=188 visible=3 labels=1 points=2 enabled=True radar=True teamMode=All
2026-08-23 22:57:43.789 [INFO] Overlay packet: camera=True actors=188 visible=3 labels=1 points=2 enabled=True radar=True teamMode=All
2026-08-23 22:57:45.814 [INFO] Overlay packet: camera=True actors=188 visible=3 labels=1 points=2 enabled=True radar=True teamMode=All
2026-08-23 22:57:47.881 [INFO] Overlay packet: camera=True actors=187 visible=3 labels=1 points=2 enabled=True radar=True teamMode=All
2026-08-23 22:57:49.962 [INFO] Overlay packet: camera=True actors=188 visible=3 labels=1 points=2 enabled=True radar=True teamMode=All
2026-08-23 22:57:52.040 [INFO] Overlay packet: camera=True actors=187 visible=3 labels=1 points=2 enabled=True radar=True teamMode=All
2026-08-23 22:57:54.161 [INFO] Overlay packet: camera=True actors=187 visible=3 labels=1 points=2 enabled=True radar=True teamMode=All
2026-08-23 22:57:56.179 [INFO] Overlay packet: camera=True actors=186 visible=3 labels=1 points=2 enabled=True radar=True teamMode=All
2026-08-23 22:57:58.204 [INFO] Overlay packet: camera=True actors=185 visible=3 labels=1 points=2 enabled=True radar=True teamMode=All
2026-08-23 22:58:00.330 [INFO] Overlay packet: camera=True actors=184 visible=3 labels=1 points=2 enabled=True radar=True teamMode=All
2026-08-23 22:58:02.351 [INFO] Overlay packet: camera=True actors=182 visible=3 labels=1 points=2 enabled=True radar=True teamMode=All
2026-08-23 22:58:04.484 [INFO] Overlay packet: camera=True actors=182 visible=3 labels=1 points=2 enabled=True radar=True teamMode=All
2026-08-23 22:58:06.562 [INFO] Overlay packet: camera=True actors=182 visible=3 labels=1 points=2 enabled=True radar=True teamMode=All
2026-08-23 22:58:08.641 [INFO] Overlay packet: camera=True actors=183 visible=4 labels=1 points=3 enabled=True radar=True teamMode=All
2026-08-23 22:58:10.664 [INFO] Overlay packet: camera=True actors=181 visible=4 labels=1 points=3 enabled=True radar=True teamMode=All
2026-08-23 22:58:12.746 [INFO] Overlay packet: camera=True actors=180 visible=4 labels=1 points=3 enabled=True radar=True teamMode=All
2026-08-23 22:58:14.779 [INFO] Overlay packet: camera=True actors=179 visible=4 labels=1 points=3 enabled=True radar=True teamMode=All
2026-08-23 22:58:16.806 [INFO] Overlay packet: camera=True actors=179 visible=4 labels=1 points=3 enabled=True radar=True teamMode=All
2026-08-23 22:58:18.840 [INFO] Overlay packet: camera=True actors=179 visible=4 labels=1 points=3 enabled=True radar=True teamMode=All
2026-08-23 22:58:20.844 [INFO] Overlay packet: camera=True actors=178 visible=4 labels=1 points=3 enabled=True radar=True teamMode=All
2026-08-23 22:58:22.879 [INFO] Overlay packet: camera=True actors=178 visible=4 labels=1 points=3 enabled=True radar=True teamMode=All
2026-08-23 22:58:24.910 [INFO] Overlay packet: camera=True actors=178 visible=4 labels=1 points=3 enabled=True radar=True teamMode=All
2026-08-23 22:58:26.979 [INFO] Overlay packet: camera=True actors=178 visible=4 labels=1 points=3 enabled=True radar=True teamMode=All
2026-08-23 22:58:29.059 [INFO] Overlay packet: camera=True actors=177 visible=4 labels=1 points=3 enabled=True radar=True teamMode=All
2026-08-23 22:58:31.133 [INFO] Overlay packet: camera=True actors=177 visible=4 labels=1 points=3 enabled=True radar=True teamMode=All
2026-08-23 22:58:33.206 [INFO] Overlay packet: camera=True actors=177 visible=4 labels=1 points=3 enabled=True radar=True teamMode=All
2026-08-23 22:58:35.334 [INFO] Overlay packet: camera=True actors=176 visible=4 labels=1 points=3 enabled=True radar=True teamMode=All
2026-08-23 22:58:37.463 [INFO] Overlay packet: camera=True actors=178 visible=4 labels=1 points=3 enabled=True radar=True teamMode=All
2026-08-23 22:58:39.490 [INFO] Overlay packet: camera=True actors=178 visible=4 labels=1 points=3 enabled=True radar=True teamMode=All
2026-08-23 22:58:41.523 [INFO] Overlay packet: camera=True actors=178 visible=4 labels=1 points=3 enabled=True radar=True teamMode=All
2026-08-23 22:58:43.598 [INFO] Overlay packet: camera=True actors=178 visible=4 labels=1 points=3 enabled=True radar=True teamMode=All
2026-08-23 22:58:45.733 [INFO] Overlay packet: camera=True actors=178 visible=4 labels=1 points=3 enabled=True radar=True teamMode=All
2026-08-23 22:58:47.763 [INFO] Overlay packet: camera=True actors=177 visible=4 labels=1 points=3 enabled=True radar=True teamMode=All
2026-08-23 22:58:49.846 [INFO] Overlay packet: camera=True actors=177 visible=4 labels=1 points=3 enabled=True radar=True teamMode=All
2026-08-23 22:58:51.920 [INFO] Overlay packet: camera=True actors=177 visible=4 labels=1 points=3 enabled=True radar=True teamMode=All
2026-08-23 22:58:53.999 [INFO] Overlay packet: camera=True actors=177 visible=4 labels=1 points=3 enabled=True radar=True teamMode=All
2026-08-23 22:58:56.030 [INFO] Overlay packet: camera=True actors=177 visible=4 labels=1 points=3 enabled=True radar=True teamMode=All
2026-08-23 22:58:58.052 [INFO] Overlay packet: camera=True actors=177 visible=4 labels=1 points=3 enabled=True radar=True teamMode=All
2026-08-23 22:59:00.129 [INFO] Overlay packet: camera=True actors=177 visible=4 labels=1 points=3 enabled=True radar=True teamMode=All
2026-08-23 22:59:02.208 [INFO] Overlay packet: camera=True actors=177 visible=4 labels=1 points=3 enabled=True radar=True teamMode=All
2026-08-23 22:59:04.246 [INFO] Overlay packet: camera=True actors=177 visible=4 labels=1 points=3 enabled=True radar=True teamMode=All
2026-08-23 22:59:06.264 [INFO] Overlay packet: camera=True actors=177 visible=4 labels=1 points=3 enabled=True radar=True teamMode=All
2026-08-23 22:59:08.342 [INFO] Overlay packet: camera=True actors=176 visible=4 labels=1 points=3 enabled=True radar=True teamMode=All
2026-08-23 22:59:10.376 [INFO] Overlay packet: camera=True actors=176 visible=4 labels=1 points=3 enabled=True radar=True teamMode=All
2026-08-23 22:59:12.401 [INFO] Overlay packet: camera=True actors=176 visible=4 labels=1 points=3 enabled=True radar=True teamMode=All
2026-08-23 22:59:14.484 [INFO] Overlay packet: camera=True actors=176 visible=4 labels=1 points=3 enabled=True radar=True teamMode=All
2026-08-23 22:59:16.566 [INFO] Overlay packet: camera=True actors=176 visible=4 labels=1 points=3 enabled=True radar=True teamMode=All
2026-08-23 22:59:18.585 [INFO] Overlay packet: camera=True actors=176 visible=4 labels=1 points=3 enabled=True radar=True teamMode=All
2026-08-23 22:59:20.612 [INFO] Overlay packet: camera=True actors=175 visible=4 labels=1 points=3 enabled=True radar=True teamMode=All
2026-08-23 22:59:22.640 [INFO] Overlay packet: camera=True actors=175 visible=4 labels=1 points=3 enabled=True radar=True teamMode=All
2026-08-23 22:59:24.721 [INFO] Overlay packet: camera=True actors=177 visible=4 labels=1 points=3 enabled=True radar=True teamMode=All
2026-08-23 22:59:26.751 [INFO] Overlay packet: camera=True actors=177 visible=4 labels=1 points=3 enabled=True radar=True teamMode=All
2026-08-23 22:59:28.828 [INFO] Overlay packet: camera=True actors=177 visible=4 labels=1 points=3 enabled=True radar=True teamMode=All
2026-08-23 22:59:30.952 [INFO] Overlay packet: camera=True actors=177 visible=4 labels=1 points=3 enabled=True radar=True teamMode=All
2026-08-23 22:59:33.081 [INFO] Overlay packet: camera=True actors=177 visible=4 labels=1 points=3 enabled=True radar=True teamMode=All
2026-08-23 22:59:35.149 [INFO] Overlay packet: camera=True actors=176 visible=4 labels=1 points=3 enabled=True radar=True teamMode=All
2026-08-23 22:59:37.176 [INFO] Overlay packet: camera=True actors=176 visible=4 labels=1 points=3 enabled=True radar=True teamMode=All
2026-08-23 22:59:39.259 [INFO] Overlay packet: camera=True actors=176 visible=4 labels=1 points=3 enabled=True radar=True teamMode=All
2026-08-23 22:59:41.338 [INFO] Overlay packet: camera=True actors=174 visible=4 labels=1 points=3 enabled=True radar=True teamMode=All
2026-08-23 22:59:43.359 [INFO] Overlay packet: camera=True actors=174 visible=4 labels=1 points=3 enabled=True radar=True teamMode=All
2026-08-23 22:59:45.435 [INFO] Overlay packet: camera=True actors=172 visible=4 labels=1 points=3 enabled=True radar=True teamMode=All
2026-08-23 22:59:47.462 [INFO] Overlay packet: camera=True actors=172 visible=4 labels=1 points=3 enabled=True radar=True teamMode=All
2026-08-23 22:59:49.595 [INFO] Overlay packet: camera=True actors=172 visible=4 labels=1 points=3 enabled=True radar=True teamMode=All
2026-08-23 22:59:51.676 [INFO] Overlay packet: camera=True actors=172 visible=4 labels=1 points=3 enabled=True radar=True teamMode=All
2026-08-23 22:59:53.756 [INFO] Overlay packet: camera=True actors=170 visible=4 labels=1 points=3 enabled=True radar=True teamMode=All
2026-08-23 22:59:55.777 [INFO] Overlay packet: camera=True actors=168 visible=4 labels=1 points=3 enabled=True radar=True teamMode=All
2026-08-23 22:59:57.907 [INFO] Overlay packet: camera=True actors=166 visible=4 labels=1 points=3 enabled=True radar=True teamMode=All
2026-08-23 23:00:00.034 [INFO] Overlay packet: camera=True actors=166 visible=4 labels=1 points=3 enabled=True radar=True teamMode=All
2026-08-23 23:00:02.108 [INFO] Overlay packet: camera=True actors=166 visible=4 labels=0 points=4 enabled=True radar=True teamMode=All
2026-08-23 23:00:04.242 [INFO] Overlay packet: camera=True actors=165 visible=4 labels=1 points=3 enabled=True radar=True teamMode=All
2026-08-23 23:00:06.270 [INFO] Overlay packet: camera=True actors=161 visible=3 labels=1 points=2 enabled=True radar=True teamMode=All
2026-08-23 23:00:08.300 [INFO] Overlay packet: camera=True actors=159 visible=3 labels=1 points=2 enabled=True radar=True teamMode=All
2026-08-23 23:00:10.380 [INFO] Overlay packet: camera=True actors=160 visible=3 labels=1 points=2 enabled=True radar=True teamMode=All
2026-08-23 23:00:12.409 [INFO] Overlay packet: camera=True actors=159 visible=3 labels=1 points=2 enabled=True radar=True teamMode=All
2026-08-23 23:00:14.496 [INFO] Overlay packet: camera=True actors=158 visible=3 labels=1 points=2 enabled=True radar=True teamMode=All
2026-08-23 23:00:16.518 [INFO] Overlay packet: camera=True actors=156 visible=3 labels=1 points=2 enabled=True radar=True teamMode=All
2026-08-23 23:00:18.607 [INFO] Overlay packet: camera=True actors=155 visible=3 labels=1 points=2 enabled=True radar=True teamMode=All
2026-08-23 23:00:20.678 [INFO] Overlay packet: camera=True actors=154 visible=3 labels=1 points=2 enabled=True radar=True teamMode=All
2026-08-23 23:00:22.709 [INFO] Overlay packet: camera=True actors=154 visible=3 labels=1 points=2 enabled=True radar=True teamMode=All
2026-08-23 23:00:24.784 [INFO] Overlay packet: camera=True actors=154 visible=3 labels=1 points=2 enabled=True radar=True teamMode=All
2026-08-23 23:00:26.820 [INFO] Overlay packet: camera=True actors=154 visible=3 labels=1 points=2 enabled=True radar=True teamMode=All
2026-08-23 23:00:28.853 [INFO] Overlay packet: camera=True actors=155 visible=3 labels=1 points=2 enabled=True radar=True teamMode=All
2026-08-23 23:00:30.870 [INFO] Overlay packet: camera=True actors=155 visible=3 labels=1 points=2 enabled=True radar=True teamMode=All
2026-08-23 23:00:32.897 [INFO] Overlay packet: camera=True actors=157 visible=3 labels=1 points=2 enabled=True radar=True teamMode=All
2026-08-23 23:00:34.975 [INFO] Overlay packet: camera=True actors=157 visible=3 labels=1 points=2 enabled=True radar=True teamMode=All
2026-08-23 23:00:37.110 [INFO] Overlay packet: camera=True actors=156 visible=3 labels=1 points=2 enabled=True radar=True teamMode=All
2026-08-23 23:00:39.142 [INFO] Overlay packet: camera=True actors=156 visible=3 labels=1 points=2 enabled=True radar=True teamMode=All
2026-08-23 23:00:41.173 [INFO] Overlay packet: camera=True actors=157 visible=3 labels=1 points=2 enabled=True radar=True teamMode=All
2026-08-23 23:00:43.194 [INFO] Overlay packet: camera=True actors=156 visible=3 labels=1 points=2 enabled=True radar=True teamMode=All
2026-08-23 23:00:45.214 [INFO] Overlay packet: camera=True actors=160 visible=4 labels=2 points=2 enabled=True radar=True teamMode=All
2026-08-23 23:00:47.245 [INFO] Overlay packet: camera=True actors=162 visible=5 labels=3 points=2 enabled=True radar=True teamMode=All
2026-08-23 23:00:49.322 [INFO] Overlay packet: camera=True actors=164 visible=5 labels=3 points=2 enabled=True radar=True teamMode=All
2026-08-23 23:00:51.347 [INFO] Overlay packet: camera=True actors=166 visible=6 labels=4 points=2 enabled=True radar=True teamMode=All
2026-08-23 23:00:53.419 [INFO] Overlay packet: camera=True actors=166 visible=6 labels=4 points=2 enabled=True radar=True teamMode=All
2026-08-23 23:00:55.491 [INFO] Overlay packet: camera=True actors=169 visible=6 labels=4 points=2 enabled=True radar=True teamMode=All
2026-08-23 23:00:57.514 [INFO] Overlay packet: camera=True actors=192 visible=6 labels=3 points=3 enabled=True radar=True teamMode=All
2026-08-23 23:00:59.585 [INFO] Overlay packet: camera=True actors=194 visible=6 labels=3 points=3 enabled=True radar=True teamMode=All
2026-08-23 23:01:01.667 [INFO] Overlay packet: camera=True actors=192 visible=6 labels=3 points=3 enabled=True radar=True teamMode=All
2026-08-23 23:01:03.695 [INFO] Overlay packet: camera=True actors=199 visible=8 labels=0 points=8 enabled=True radar=True teamMode=All
2026-08-23 23:01:05.773 [INFO] Overlay packet: camera=True actors=166 visible=3 labels=0 points=3 enabled=True radar=True teamMode=All
2026-08-23 23:01:07.795 [INFO] Overlay packet: camera=True actors=197 visible=8 labels=0 points=8 enabled=True radar=True teamMode=All
2026-08-23 23:01:09.877 [INFO] Overlay packet: camera=True actors=203 visible=8 labels=0 points=8 enabled=True radar=True teamMode=All
2026-08-23 23:01:11.904 [INFO] Overlay packet: camera=True actors=200 visible=8 labels=0 points=8 enabled=True radar=True teamMode=All
2026-08-23 23:01:13.982 [INFO] Overlay packet: camera=True actors=203 visible=6 labels=0 points=6 enabled=True radar=True teamMode=All
2026-08-23 23:01:16.060 [INFO] Overlay packet: camera=True actors=215 visible=8 labels=0 points=8 enabled=True radar=True teamMode=All
2026-08-23 23:01:18.092 [INFO] Overlay packet: camera=True actors=216 visible=8 labels=0 points=8 enabled=True radar=True teamMode=All
2026-08-23 23:01:20.118 [INFO] Overlay packet: camera=True actors=215 visible=8 labels=0 points=8 enabled=True radar=True teamMode=All
2026-08-23 23:01:22.245 [INFO] Overlay packet: camera=True actors=215 visible=8 labels=0 points=8 enabled=True radar=True teamMode=All
2026-08-23 23:01:24.276 [INFO] Overlay packet: camera=True actors=215 visible=8 labels=0 points=8 enabled=True radar=True teamMode=All
2026-08-23 23:01:26.301 [INFO] Overlay packet: camera=True actors=201 visible=6 labels=4 points=2 enabled=True radar=True teamMode=All
2026-08-23 23:01:28.378 [INFO] Overlay packet: camera=True actors=194 visible=6 labels=4 points=2 enabled=True radar=True teamMode=All
2026-08-23 23:01:30.502 [INFO] Overlay packet: camera=True actors=194 visible=6 labels=4 points=2 enabled=True radar=True teamMode=All
2026-08-23 23:01:32.576 [INFO] Overlay packet: camera=True actors=210 visible=6 labels=5 points=1 enabled=True radar=True teamMode=All
2026-08-23 23:01:34.658 [INFO] Overlay packet: camera=True actors=198 visible=7 labels=4 points=3 enabled=True radar=True teamMode=All
2026-08-23 23:01:36.733 [INFO] Overlay packet: camera=True actors=228 visible=6 labels=4 points=2 enabled=True radar=True teamMode=All
2026-08-23 23:01:38.767 [INFO] Overlay packet: camera=True actors=237 visible=6 labels=4 points=2 enabled=True radar=True teamMode=All
2026-08-23 23:01:40.895 [INFO] Overlay packet: camera=True actors=223 visible=6 labels=4 points=2 enabled=True radar=True teamMode=All
2026-08-23 23:01:42.924 [INFO] Overlay packet: camera=True actors=214 visible=6 labels=4 points=2 enabled=True radar=True teamMode=All
2026-08-23 23:01:44.997 [INFO] Overlay packet: camera=True actors=239 visible=6 labels=4 points=2 enabled=True radar=True teamMode=All
2026-08-23 23:01:47.033 [INFO] Overlay packet: camera=True actors=150 visible=7 labels=0 points=7 enabled=True radar=True teamMode=All
2026-08-23 23:01:49.111 [INFO] Overlay packet: camera=True actors=193 visible=8 labels=0 points=8 enabled=True radar=True teamMode=All
2026-08-23 23:01:51.187 [INFO] Overlay packet: camera=True actors=195 visible=8 labels=0 points=8 enabled=True radar=True teamMode=All
2026-08-23 23:01:53.212 [INFO] Overlay packet: camera=True actors=195 visible=7 labels=0 points=7 enabled=True radar=True teamMode=All
2026-08-23 23:01:55.288 [INFO] Overlay packet: camera=True actors=195 visible=7 labels=0 points=7 enabled=True radar=True teamMode=All
2026-08-23 23:01:57.372 [INFO] Overlay packet: camera=True actors=195 visible=7 labels=0 points=7 enabled=True radar=True teamMode=All
2026-08-23 23:01:59.453 [INFO] Overlay packet: camera=True actors=195 visible=7 labels=0 points=7 enabled=True radar=True teamMode=All
2026-08-23 23:02:01.484 [INFO] Overlay packet: camera=True actors=194 visible=7 labels=0 points=7 enabled=True radar=True teamMode=All
2026-08-23 23:02:03.608 [INFO] Overlay packet: camera=True actors=194 visible=7 labels=0 points=7 enabled=True radar=True teamMode=All
2026-08-23 23:02:05.642 [INFO] Overlay packet: camera=True actors=194 visible=7 labels=0 points=7 enabled=True radar=True teamMode=All
2026-08-23 23:02:07.669 [INFO] Overlay packet: camera=True actors=194 visible=7 labels=0 points=7 enabled=True radar=True teamMode=All
2026-08-23 23:02:09.697 [INFO] Overlay packet: camera=True actors=194 visible=7 labels=0 points=7 enabled=True radar=True teamMode=All
2026-08-23 23:02:11.772 [INFO] Overlay packet: camera=True actors=193 visible=7 labels=0 points=7 enabled=True radar=True teamMode=All
2026-08-23 23:02:13.803 [INFO] Overlay packet: camera=True actors=193 visible=7 labels=0 points=7 enabled=True radar=True teamMode=All
2026-08-23 23:02:15.933 [INFO] Overlay packet: camera=True actors=193 visible=7 labels=0 points=7 enabled=True radar=True teamMode=All
2026-08-23 23:02:18.011 [INFO] Overlay packet: camera=True actors=193 visible=7 labels=0 points=7 enabled=True radar=True teamMode=All
2026-08-23 23:02:20.097 [INFO] Overlay packet: camera=True actors=193 visible=57 labels=0 points=57 enabled=True radar=True teamMode=All
2026-08-23 23:02:22.172 [INFO] Overlay packet: camera=True actors=193 visible=57 labels=0 points=57 enabled=True radar=True teamMode=All
2026-08-23 23:02:24.199 [INFO] Overlay packet: camera=True actors=192 visible=57 labels=0 points=57 enabled=True radar=True teamMode=All
2026-08-23 23:02:26.225 [INFO] Overlay packet: camera=True actors=192 visible=57 labels=0 points=57 enabled=True radar=True teamMode=All
2026-08-23 23:02:28.304 [INFO] Overlay packet: camera=True actors=192 visible=57 labels=0 points=57 enabled=True radar=True teamMode=All
2026-08-23 23:02:30.374 [INFO] Overlay packet: camera=True actors=194 visible=58 labels=0 points=58 enabled=True radar=True teamMode=All
2026-08-23 23:02:32.405 [INFO] Overlay packet: camera=True actors=194 visible=58 labels=0 points=58 enabled=True radar=True teamMode=All
2026-08-23 23:02:34.429 [INFO] Overlay packet: camera=True actors=192 visible=58 labels=0 points=58 enabled=True radar=True teamMode=All
2026-08-23 23:02:36.453 [INFO] Overlay packet: camera=True actors=186 visible=58 labels=0 points=58 enabled=True radar=True teamMode=All
2026-08-23 23:02:38.478 [INFO] Overlay packet: camera=True actors=150 visible=63 labels=0 points=63 enabled=True radar=True teamMode=All
2026-08-23 23:02:40.556 [INFO] Overlay packet: camera=True actors=257 visible=60 labels=0 points=60 enabled=True radar=True teamMode=All
2026-08-23 23:02:42.619 [INFO] Overlay packet: camera=True actors=193 visible=47 labels=3 points=44 enabled=True radar=True teamMode=All
2026-08-23 23:02:44.692 [INFO] Overlay packet: camera=True actors=190 visible=46 labels=4 points=42 enabled=True radar=True teamMode=All
2026-08-23 23:02:46.724 [INFO] Overlay packet: camera=True actors=190 visible=46 labels=4 points=42 enabled=True radar=True teamMode=All
2026-08-23 23:02:48.749 [INFO] Overlay packet: camera=True actors=190 visible=46 labels=4 points=42 enabled=True radar=True teamMode=All
2026-08-23 23:02:50.828 [INFO] Overlay packet: camera=True actors=190 visible=46 labels=4 points=42 enabled=True radar=True teamMode=All
2026-08-23 23:02:52.962 [INFO] Overlay packet: camera=True actors=190 visible=46 labels=4 points=42 enabled=True radar=True teamMode=All
2026-08-23 23:02:55.040 [INFO] Overlay packet: camera=True actors=189 visible=46 labels=4 points=42 enabled=True radar=True teamMode=All
2026-08-23 23:02:57.070 [INFO] Overlay packet: camera=True actors=189 visible=47 labels=5 points=42 enabled=True radar=True teamMode=All
2026-08-23 23:02:59.200 [INFO] Overlay packet: camera=True actors=192 visible=51 labels=9 points=42 enabled=True radar=True teamMode=All
2026-08-23 23:03:01.337 [INFO] Overlay packet: camera=True actors=193 visible=53 labels=11 points=42 enabled=True radar=True teamMode=All
2026-08-23 23:03:03.416 [INFO] Overlay packet: camera=True actors=193 visible=53 labels=11 points=42 enabled=True radar=True teamMode=All
2026-08-23 23:03:05.438 [INFO] Overlay packet: camera=True actors=194 visible=54 labels=12 points=42 enabled=True radar=True teamMode=All
2026-08-23 23:03:07.520 [INFO] Overlay packet: camera=True actors=195 visible=55 labels=13 points=42 enabled=True radar=True teamMode=All
2026-08-23 23:03:09.590 [INFO] Overlay packet: camera=True actors=195 visible=55 labels=13 points=42 enabled=True radar=True teamMode=All
2026-08-23 23:03:11.711 [INFO] Overlay packet: camera=True actors=195 visible=55 labels=13 points=42 enabled=True radar=True teamMode=All
2026-08-23 23:03:13.834 [INFO] Overlay packet: camera=True actors=196 visible=55 labels=13 points=42 enabled=True radar=True teamMode=All
2026-08-23 23:03:15.911 [INFO] Overlay packet: camera=True actors=198 visible=57 labels=15 points=42 enabled=True radar=True teamMode=All
2026-08-23 23:03:17.944 [INFO] Overlay packet: camera=True actors=199 visible=59 labels=17 points=42 enabled=True radar=True teamMode=All
2026-08-23 23:03:20.075 [INFO] Overlay packet: camera=True actors=201 visible=60 labels=18 points=42 enabled=True radar=True teamMode=All
2026-08-23 23:03:22.100 [INFO] Overlay packet: camera=True actors=203 visible=63 labels=21 points=42 enabled=True radar=True teamMode=All
2026-08-23 23:03:24.119 [INFO] Overlay packet: camera=True actors=207 visible=65 labels=23 points=42 enabled=True radar=True teamMode=All
2026-08-23 23:03:26.153 [INFO] Overlay packet: camera=True actors=211 visible=68 labels=23 points=45 enabled=True radar=True teamMode=All
2026-08-23 23:03:28.280 [INFO] Overlay packet: camera=True actors=220 visible=73 labels=23 points=50 enabled=True radar=True teamMode=All
2026-08-23 23:03:30.356 [INFO] Overlay packet: camera=True actors=226 visible=77 labels=23 points=54 enabled=True radar=True teamMode=All
2026-08-23 23:03:32.381 [INFO] Overlay packet: camera=True actors=225 visible=79 labels=23 points=56 enabled=True radar=True teamMode=All
2026-08-23 23:03:34.462 [INFO] Overlay packet: camera=True actors=232 visible=82 labels=23 points=59 enabled=True radar=True teamMode=All
2026-08-23 23:03:36.494 [INFO] Overlay packet: camera=True actors=236 visible=86 labels=23 points=63 enabled=True radar=True teamMode=All
2026-08-23 23:03:38.622 [INFO] Overlay packet: camera=True actors=237 visible=87 labels=23 points=64 enabled=True radar=True teamMode=All
2026-08-23 23:03:40.656 [INFO] Overlay packet: camera=True actors=236 visible=87 labels=23 points=64 enabled=True radar=True teamMode=All
2026-08-23 23:03:42.736 [INFO] Overlay packet: camera=True actors=237 visible=88 labels=23 points=65 enabled=True radar=True teamMode=All
2026-08-23 23:03:44.864 [INFO] Overlay packet: camera=True actors=240 visible=91 labels=23 points=68 enabled=True radar=True teamMode=All
2026-08-23 23:03:46.939 [INFO] Overlay packet: camera=True actors=245 visible=97 labels=23 points=74 enabled=True radar=True teamMode=All
2026-08-23 23:03:49.033 [INFO] Overlay packet: camera=True actors=247 visible=99 labels=23 points=76 enabled=True radar=True teamMode=All
2026-08-23 23:03:51.060 [INFO] Overlay packet: camera=True actors=248 visible=101 labels=23 points=78 enabled=True radar=True teamMode=All
2026-08-23 23:03:53.136 [INFO] Overlay packet: camera=True actors=238 visible=101 labels=23 points=78 enabled=True radar=True teamMode=All
2026-08-23 23:03:55.158 [INFO] Overlay packet: camera=True actors=274 visible=102 labels=2 points=100 enabled=True radar=True teamMode=All
2026-08-23 23:03:57.288 [INFO] Overlay packet: camera=True actors=263 visible=105 labels=0 points=105 enabled=True radar=True teamMode=All
2026-08-23 23:03:59.307 [INFO] Overlay packet: camera=True actors=209 visible=122 labels=0 points=122 enabled=True radar=True teamMode=All
2026-08-23 23:04:01.391 [INFO] Overlay packet: camera=True actors=208 visible=122 labels=0 points=122 enabled=True radar=True teamMode=All
2026-08-23 23:04:03.414 [INFO] Overlay packet: camera=True actors=208 visible=56 labels=0 points=56 enabled=True radar=True teamMode=All
2026-08-23 23:04:05.487 [INFO] Overlay packet: camera=True actors=208 visible=82 labels=0 points=82 enabled=True radar=True teamMode=All
2026-08-23 23:04:07.564 [INFO] Overlay packet: camera=True actors=208 visible=125 labels=0 points=125 enabled=True radar=True teamMode=All
2026-08-23 23:04:09.698 [INFO] Overlay packet: camera=True actors=208 visible=121 labels=0 points=121 enabled=True radar=True teamMode=All
2026-08-23 23:04:11.831 [INFO] Overlay packet: camera=True actors=208 visible=126 labels=0 points=126 enabled=True radar=True teamMode=All
2026-08-23 23:04:13.909 [INFO] Overlay packet: camera=True actors=231 visible=134 labels=0 points=134 enabled=True radar=True teamMode=All
2026-08-23 23:04:15.935 [INFO] Overlay packet: camera=True actors=248 visible=135 labels=0 points=135 enabled=True radar=True teamMode=All
2026-08-23 23:04:18.012 [INFO] Overlay packet: camera=True actors=245 visible=135 labels=0 points=135 enabled=True radar=True teamMode=All
2026-08-23 23:04:20.041 [INFO] Overlay packet: camera=True actors=245 visible=136 labels=0 points=136 enabled=True radar=True teamMode=All
2026-08-23 23:04:22.066 [INFO] Overlay packet: camera=True actors=246 visible=136 labels=0 points=136 enabled=True radar=True teamMode=All
2026-08-23 23:04:24.101 [INFO] Overlay packet: camera=True actors=244 visible=136 labels=0 points=136 enabled=True radar=True teamMode=All
2026-08-23 23:04:26.185 [INFO] Overlay packet: camera=True actors=243 visible=136 labels=0 points=136 enabled=True radar=True teamMode=All
2026-08-23 23:04:28.267 [INFO] Overlay packet: camera=True actors=243 visible=136 labels=0 points=136 enabled=True radar=True teamMode=All
2026-08-23 23:05:24.567 [INFO] ARK Tracker read-only diagnostic MVP
2026-08-23 23:05:24.568 [INFO] Target: ARK: Survival Evolved / ShooterGame.exe / UE4 / x64
2026-08-23 23:05:24.568 [INFO] Access mask: PROCESS_QUERY_INFORMATION | PROCESS_VM_READ (0x0410). No write/injection APIs are used.
2026-08-23 23:05:24.569 [INFO] Security context: elevated=False SeDebugPrivilege=unavailable (Win32 error 1300)
2026-08-23 23:05:24.594 [INFO] Process: name=ShooterGame.exe pid=35744 parentPid=15448 threads=121
2026-08-23 23:05:24.594 [INFO] Read-only process handle opened successfully.
2026-08-23 23:05:24.597 [INFO] Target module: ShooterGame.exe base=0x00007FF75D360000 size=0x4DAB000 path=C:\Program Files (x86)\Steam\steamapps\common\ARK\ShooterGame\Binaries\Win64\ShooterGame.exe
2026-08-23 23:05:24.598 [INFO] Build fingerprint: fileLength=80346664 lastWriteUtc=2026-08-17T08:21:59Z
2026-08-23 23:05:24.680 [INFO] Build fingerprint: SHA256=9BC401417A776C5244A1B0B3255DC3AF4A9D73E3F5C1BA96228FBE3FB1A43477
2026-08-23 23:05:24.680 [INFO] Build profile fingerprint verified.
2026-08-23 23:05:24.770 [INFO] GNames global=0x00007FF761D6AC78 table=0x0000013C720CFAF0 index0='None'
2026-08-23 23:05:24.770 [INFO] Scanning readable pages of ShooterGame.exe for the configured GWorld signature...
2026-08-23 23:05:24.989 [INFO] GWorld signature match: 0x00007FF75E32F190 (matches collected: 1)
2026-08-23 23:05:24.989 [INFO] Resolved GWorld global address: 0x00007FF761D3C2A8
2026-08-23 23:05:24.989 [INFO] UWorld: 0x0000013CEFFF1980
2026-08-23 23:05:25.223 [INFO] Native Direct2D/DirectComposition overlay initialized.
2026-08-23 23:05:25.402 [INFO] Hotkeys: Insert=True F10=True F6-F9/F11=registered
2026-08-23 23:05:25.552 [INFO] Overlay packet: camera=True actors=218 visible=13 labels=0 points=13 enabled=True radar=True teamMode=All
2026-08-23 23:05:25.577 [INFO] Low-latency pipeline: actors=218 captureMs=4 intervalMs=50 viewHz=250 overlay=True
2026-08-23 23:05:27.599 [INFO] Overlay packet: camera=True actors=218 visible=13 labels=0 points=13 enabled=True radar=True teamMode=All
2026-08-23 23:05:29.621 [INFO] Overlay packet: camera=True actors=219 visible=14 labels=1 points=13 enabled=True radar=True teamMode=All
2026-08-23 23:05:31.701 [INFO] Overlay packet: camera=True actors=220 visible=14 labels=1 points=13 enabled=True radar=True teamMode=All
2026-08-23 23:05:33.740 [INFO] Overlay packet: camera=True actors=220 visible=14 labels=1 points=13 enabled=True radar=True teamMode=All
2026-08-23 23:05:35.826 [INFO] Overlay packet: camera=True actors=220 visible=14 labels=1 points=13 enabled=True radar=True teamMode=All
2026-08-23 23:05:37.860 [INFO] Overlay packet: camera=True actors=220 visible=14 labels=1 points=13 enabled=True radar=True teamMode=All
2026-08-23 23:05:39.907 [INFO] Overlay packet: camera=True actors=220 visible=14 labels=1 points=13 enabled=True radar=True teamMode=All
2026-08-23 23:05:41.946 [INFO] Overlay packet: camera=True actors=220 visible=14 labels=1 points=13 enabled=True radar=True teamMode=All
2026-08-23 23:05:43.979 [INFO] Overlay packet: camera=True actors=220 visible=14 labels=1 points=13 enabled=True radar=True teamMode=All
2026-08-23 23:05:46.064 [INFO] Overlay packet: camera=True actors=220 visible=14 labels=1 points=13 enabled=True radar=True teamMode=All
2026-08-23 23:05:48.154 [INFO] Overlay packet: camera=True actors=220 visible=14 labels=1 points=13 enabled=True radar=True teamMode=All
2026-08-23 23:05:50.187 [INFO] Overlay packet: camera=True actors=222 visible=14 labels=1 points=13 enabled=True radar=True teamMode=All
2026-08-23 23:05:52.220 [INFO] Overlay packet: camera=True actors=222 visible=14 labels=1 points=13 enabled=True radar=True teamMode=All
2026-08-23 23:05:54.304 [INFO] Overlay packet: camera=True actors=222 visible=14 labels=1 points=13 enabled=True radar=True teamMode=All
2026-08-23 23:05:56.439 [INFO] Overlay packet: camera=True actors=222 visible=14 labels=1 points=13 enabled=True radar=True teamMode=All
2026-08-23 23:05:58.469 [INFO] Overlay packet: camera=True actors=222 visible=14 labels=1 points=13 enabled=True radar=True teamMode=All
2026-08-23 23:06:00.557 [INFO] Overlay packet: camera=True actors=222 visible=14 labels=1 points=13 enabled=True radar=True teamMode=All
2026-08-23 23:06:02.692 [INFO] Overlay packet: camera=True actors=222 visible=14 labels=1 points=13 enabled=True radar=True teamMode=All
2026-08-23 23:06:04.722 [INFO] Overlay packet: camera=True actors=222 visible=14 labels=1 points=13 enabled=True radar=True teamMode=All
2026-08-23 23:06:06.753 [INFO] Overlay packet: camera=True actors=222 visible=14 labels=1 points=13 enabled=True radar=True teamMode=All
2026-08-23 23:06:08.792 [INFO] Overlay packet: camera=True actors=222 visible=14 labels=1 points=13 enabled=True radar=True teamMode=All
2026-08-23 23:06:10.884 [INFO] Overlay packet: camera=True actors=222 visible=14 labels=1 points=13 enabled=True radar=True teamMode=All
2026-08-23 23:06:12.964 [INFO] Overlay packet: camera=True actors=222 visible=14 labels=1 points=13 enabled=True radar=True teamMode=All
2026-08-23 23:06:15.084 [INFO] Overlay packet: camera=True actors=222 visible=14 labels=1 points=13 enabled=True radar=True teamMode=All
2026-08-23 23:06:17.158 [INFO] Overlay packet: camera=True actors=222 visible=14 labels=1 points=13 enabled=True radar=True teamMode=All
2026-08-23 23:06:19.204 [INFO] Overlay packet: camera=True actors=222 visible=14 labels=1 points=13 enabled=True radar=True teamMode=All
2026-08-23 23:06:21.331 [INFO] Overlay packet: camera=True actors=222 visible=14 labels=1 points=13 enabled=True radar=True teamMode=All
2026-08-23 23:06:23.415 [INFO] Overlay packet: camera=True actors=222 visible=14 labels=1 points=13 enabled=True radar=True teamMode=All
2026-08-23 23:06:25.453 [INFO] Overlay packet: camera=True actors=222 visible=14 labels=1 points=13 enabled=True radar=True teamMode=All
2026-08-23 23:06:27.532 [INFO] Overlay packet: camera=True actors=222 visible=14 labels=1 points=13 enabled=True radar=True teamMode=All
2026-08-23 23:06:29.575 [INFO] Overlay packet: camera=True actors=222 visible=14 labels=1 points=13 enabled=True radar=True teamMode=All
2026-08-23 23:06:31.695 [INFO] Overlay packet: camera=True actors=222 visible=14 labels=1 points=13 enabled=True radar=True teamMode=All
2026-08-23 23:06:33.722 [INFO] Overlay packet: camera=True actors=222 visible=14 labels=1 points=13 enabled=True radar=True teamMode=All
2026-08-23 23:06:35.800 [INFO] Overlay packet: camera=True actors=222 visible=14 labels=1 points=13 enabled=True radar=True teamMode=All
2026-08-23 23:06:37.935 [INFO] Overlay packet: camera=True actors=224 visible=14 labels=1 points=13 enabled=True radar=True teamMode=All
2026-08-23 23:06:40.014 [INFO] Overlay packet: camera=True actors=224 visible=14 labels=1 points=13 enabled=True radar=True teamMode=All
2026-08-23 23:06:42.098 [INFO] Overlay packet: camera=True actors=224 visible=14 labels=1 points=13 enabled=True radar=True teamMode=All
2026-08-23 23:06:44.134 [INFO] Overlay packet: camera=True actors=224 visible=14 labels=1 points=13 enabled=True radar=True teamMode=All
2026-08-23 23:06:46.164 [INFO] Overlay packet: camera=True actors=224 visible=14 labels=1 points=13 enabled=True radar=True teamMode=All
2026-08-23 23:06:48.247 [INFO] Overlay packet: camera=True actors=224 visible=14 labels=1 points=13 enabled=True radar=True teamMode=All
2026-08-23 23:06:50.333 [INFO] Overlay packet: camera=True actors=224 visible=14 labels=1 points=13 enabled=True radar=True teamMode=All
2026-08-23 23:06:52.424 [INFO] Overlay packet: camera=True actors=224 visible=14 labels=1 points=13 enabled=True radar=True teamMode=All
2026-08-23 23:06:54.504 [INFO] Overlay packet: camera=True actors=224 visible=14 labels=1 points=13 enabled=True radar=True teamMode=All
2026-08-23 23:06:56.588 [INFO] Overlay packet: camera=True actors=224 visible=14 labels=1 points=13 enabled=True radar=True teamMode=All
2026-08-23 23:06:58.672 [INFO] Overlay packet: camera=True actors=224 visible=14 labels=1 points=13 enabled=True radar=True teamMode=All
2026-08-23 23:07:00.808 [INFO] Overlay packet: camera=True actors=224 visible=14 labels=1 points=13 enabled=True radar=True teamMode=All
2026-08-23 23:07:02.844 [INFO] Overlay packet: camera=True actors=224 visible=14 labels=1 points=13 enabled=True radar=True teamMode=All
2026-08-23 23:07:04.872 [INFO] Overlay packet: camera=True actors=224 visible=14 labels=1 points=13 enabled=True radar=True teamMode=All
2026-08-23 23:07:06.947 [INFO] Overlay packet: camera=True actors=224 visible=14 labels=1 points=13 enabled=True radar=True teamMode=All
2026-08-23 23:07:09.024 [INFO] Overlay packet: camera=True actors=224 visible=14 labels=1 points=13 enabled=True radar=True teamMode=All
2026-08-23 23:07:11.148 [INFO] Overlay packet: camera=True actors=224 visible=14 labels=1 points=13 enabled=True radar=True teamMode=All
2026-08-23 23:07:13.231 [INFO] Overlay packet: camera=True actors=224 visible=14 labels=1 points=13 enabled=True radar=True teamMode=All
2026-08-23 23:07:15.270 [INFO] Overlay packet: camera=True actors=224 visible=14 labels=1 points=13 enabled=True radar=True teamMode=All
2026-08-23 23:07:17.294 [INFO] Overlay packet: camera=True actors=224 visible=14 labels=1 points=13 enabled=True radar=True teamMode=All
2026-08-23 23:07:19.331 [INFO] Overlay packet: camera=True actors=224 visible=14 labels=1 points=13 enabled=True radar=True teamMode=All
2026-08-23 23:07:21.356 [INFO] Overlay packet: camera=True actors=224 visible=14 labels=1 points=13 enabled=True radar=True teamMode=All
2026-08-23 23:07:23.388 [INFO] Overlay packet: camera=True actors=226 visible=14 labels=1 points=13 enabled=True radar=True teamMode=All
2026-08-23 23:07:25.460 [INFO] Overlay packet: camera=True actors=225 visible=14 labels=1 points=13 enabled=True radar=True teamMode=All
2026-08-23 23:07:27.598 [INFO] Overlay packet: camera=True actors=225 visible=14 labels=1 points=13 enabled=True radar=True teamMode=All
2026-08-23 23:07:29.628 [INFO] Overlay packet: camera=True actors=225 visible=14 labels=1 points=13 enabled=True radar=True teamMode=All
2026-08-23 23:07:31.663 [INFO] Overlay packet: camera=True actors=225 visible=14 labels=1 points=13 enabled=True radar=True teamMode=All
2026-08-23 23:07:33.690 [INFO] Overlay packet: camera=True actors=225 visible=14 labels=1 points=13 enabled=True radar=True teamMode=All
2026-08-23 23:07:35.770 [INFO] Overlay packet: camera=True actors=225 visible=14 labels=1 points=13 enabled=True radar=True teamMode=All
2026-08-23 23:07:37.901 [INFO] Overlay packet: camera=True actors=225 visible=14 labels=1 points=13 enabled=True radar=True teamMode=All
2026-08-23 23:07:40.031 [INFO] Overlay packet: camera=True actors=225 visible=14 labels=1 points=13 enabled=True radar=True teamMode=All
2026-08-23 23:07:42.069 [INFO] Overlay packet: camera=True actors=225 visible=14 labels=1 points=13 enabled=True radar=True teamMode=All
2026-08-23 23:07:44.140 [INFO] Overlay packet: camera=True actors=226 visible=14 labels=1 points=13 enabled=True radar=True teamMode=All
2026-08-23 23:07:46.274 [INFO] Overlay packet: camera=True actors=225 visible=16 labels=1 points=15 enabled=True radar=True teamMode=All
2026-08-23 23:07:48.402 [INFO] Overlay packet: camera=True actors=218 visible=17 labels=0 points=17 enabled=True radar=True teamMode=All
2026-08-23 23:07:50.428 [INFO] Overlay packet: camera=True actors=218 visible=16 labels=0 points=16 enabled=True radar=True teamMode=All
2026-08-23 23:07:52.466 [INFO] Overlay packet: camera=True actors=218 visible=11 labels=0 points=11 enabled=True radar=True teamMode=All
2026-08-23 23:07:54.548 [INFO] Overlay packet: camera=True actors=218 visible=23 labels=0 points=23 enabled=True radar=True teamMode=All
2026-08-23 23:07:56.638 [INFO] Overlay packet: camera=True actors=317 visible=48 labels=0 points=48 enabled=True radar=True teamMode=All
2026-08-23 23:07:58.727 [INFO] Overlay packet: camera=True actors=324 visible=48 labels=0 points=48 enabled=True radar=True teamMode=All
2026-08-23 23:08:00.851 [INFO] Overlay packet: camera=True actors=318 visible=48 labels=0 points=48 enabled=True radar=True teamMode=All
2026-08-23 23:08:02.988 [INFO] Overlay packet: camera=True actors=290 visible=59 labels=0 points=59 enabled=True radar=True teamMode=All
2026-08-23 23:08:05.060 [INFO] Overlay packet: camera=True actors=291 visible=63 labels=0 points=63 enabled=True radar=True teamMode=All
2026-08-23 23:08:07.194 [INFO] Overlay packet: camera=True actors=253 visible=70 labels=0 points=70 enabled=True radar=True teamMode=All
2026-08-23 23:08:09.282 [INFO] Overlay packet: camera=True actors=219 visible=71 labels=0 points=71 enabled=True radar=True teamMode=All
2026-08-23 23:08:11.409 [INFO] Overlay packet: camera=True actors=221 visible=72 labels=1 points=71 enabled=True radar=True teamMode=All
2026-08-23 23:08:13.492 [INFO] Overlay packet: camera=True actors=220 visible=74 labels=1 points=73 enabled=True radar=True teamMode=All
2026-08-23 23:10:32.099 [INFO] ARK Tracker read-only diagnostic MVP
2026-08-23 23:10:32.101 [INFO] Target: ARK: Survival Evolved / ShooterGame.exe / UE4 / x64
2026-08-23 23:10:32.101 [INFO] Access mask: PROCESS_QUERY_INFORMATION | PROCESS_VM_READ (0x0410). No write/injection APIs are used.
2026-08-23 23:10:32.102 [INFO] Security context: elevated=False SeDebugPrivilege=unavailable (Win32 error 1300)
2026-08-23 23:10:32.122 [INFO] Process: name=ShooterGame.exe pid=35744 parentPid=15448 threads=121
2026-08-23 23:10:32.122 [INFO] Read-only process handle opened successfully.
2026-08-23 23:10:32.125 [INFO] Target module: ShooterGame.exe base=0x00007FF75D360000 size=0x4DAB000 path=C:\Program Files (x86)\Steam\steamapps\common\ARK\ShooterGame\Binaries\Win64\ShooterGame.exe
2026-08-23 23:10:32.126 [INFO] Build fingerprint: fileLength=80346664 lastWriteUtc=2026-08-17T08:21:59Z
2026-08-23 23:10:32.212 [INFO] Build fingerprint: SHA256=9BC401417A776C5244A1B0B3255DC3AF4A9D73E3F5C1BA96228FBE3FB1A43477
2026-08-23 23:10:32.212 [INFO] Build profile fingerprint verified.
2026-08-23 23:10:32.302 [INFO] GNames global=0x00007FF761D6AC78 table=0x0000013C720CFAF0 index0='None'
2026-08-23 23:10:32.303 [INFO] Scanning readable pages of ShooterGame.exe for the configured GWorld signature...
2026-08-23 23:10:32.524 [INFO] GWorld signature match: 0x00007FF75E32F190 (matches collected: 1)
2026-08-23 23:10:32.524 [INFO] Resolved GWorld global address: 0x00007FF761D3C2A8
2026-08-23 23:10:32.524 [INFO] UWorld: 0x0000013CEFFF1980
2026-08-23 23:10:32.738 [INFO] Native Direct2D/DirectComposition overlay initialized.
2026-08-23 23:10:32.903 [INFO] Hotkeys: Insert=True F10=True F6-F9/F11=registered
2026-08-23 23:10:33.045 [INFO] Overlay packet: camera=True actors=259 visible=12 labels=0 points=12 enabled=True radar=True teamMode=All
2026-08-23 23:10:33.072 [INFO] Low-latency pipeline: actors=263 captureMs=4 intervalMs=50 viewHz=250 overlay=True
2026-08-23 23:10:35.089 [INFO] Overlay packet: camera=True actors=269 visible=7 labels=0 points=7 enabled=True radar=True teamMode=All
2026-08-23 23:10:37.120 [INFO] Overlay packet: camera=True actors=268 visible=7 labels=0 points=7 enabled=True radar=True teamMode=All
2026-08-23 23:10:39.201 [INFO] Overlay packet: camera=True actors=256 visible=11 labels=1 points=10 enabled=True radar=True teamMode=All
2026-08-23 23:10:41.227 [INFO] Overlay packet: camera=True actors=255 visible=10 labels=1 points=9 enabled=True radar=True teamMode=All
2026-08-23 23:10:43.303 [INFO] Overlay packet: camera=True actors=253 visible=10 labels=1 points=9 enabled=True radar=True teamMode=All
2026-08-23 23:10:45.437 [INFO] Overlay packet: camera=True actors=252 visible=10 labels=1 points=9 enabled=True radar=True teamMode=All
2026-08-23 23:10:47.477 [INFO] Overlay packet: camera=True actors=249 visible=10 labels=1 points=9 enabled=True radar=True teamMode=All
2026-08-23 23:10:49.614 [INFO] Overlay packet: camera=True actors=248 visible=10 labels=1 points=9 enabled=True radar=True teamMode=All
2026-08-23 23:10:51.702 [INFO] Overlay packet: camera=True actors=247 visible=10 labels=1 points=9 enabled=True radar=True teamMode=All
